trial,time_step,filter_error_rad,smoother_error_rad
0,0,1.4854754897626474,0.15605845478849023
0,1,0.018739552872074405,0.23751073573175407
0,2,0.32450229408096076,0.4595742960401026
0,3,0.20214020500167473,0.04029846262605341
0,4,0.13005398204016627,0.16245521471090463
0,5,0.1400779532857963,0.00925165736100153
0,6,0.5416146110058171,0.5724459585171253
0,7,0.3292753527695451,0.31001341624436085
0,8,0.07521253374096881,0.013859640789220418
0,9,0.06543790326666699,0.10358416204201815
0,10,0.3271712410509693,0.22453937975132598
0,11,0.13530723419070467,0.09354323480492743
0,12,0.17150996982133426,0.004600117184929253
0,13,0.26075473332596966,0.29598748513495154
0,14,0.0902761609789473,0.15922598352249784
0,15,0.29311718102832796,0.2681211322901853
0,16,0.08211069022246598,0.20630044083626053
0,17,0.15870323001637932,0.10392101645505347
0,18,0.13412620410120857,0.22998392575423043
0,19,0.0019962345619619626,0.0019962345619619626
1,0,1.08993938043265,0.28466949050124146
1,1,1.9589792159268624,0.23236655276786866
1,2,0.27883228489900347,0.34237225894672996
1,3,0.4430980826140001,0.28973112424226244
1,4,0.10988365354848995,0.13682266590001113
1,5,0.24984347075328994,0.073273936085541
1,6,0.2710673164430357,0.17063554089815014
1,7,0.11531586476368716,0.10962688346775451
1,8,0.23965870436379522,0.2643671574739592
1,9,0.23429709203907834,0.1809156183820262
1,10,0.05118541064747806,0.019246388254030578
1,11,0.06536287523992534,0.11386679770777342
1,12,0.6282481626576208,0.5429667914794329
1,13,0.051503924808424806,0.03184360292617061
1,14,0.4060293858478756,0.14666327790504052
1,15,1.6085551314111228,0.29259731581835835
1,16,0.7101978517505501,0.10017045899207488
1,17,0.36580315027695853,0.09357840597377542
1,18,0.21448808577872702,0.17412383271260579
1,19,0.13134696555287295,0.13134696555287295
2,0,0.2590974818094809,0.05294642106446101
2,1,0.06641805735196105,0.19450975168574303
2,2,0.18981017204103967,0.20043157825849356
2,3,0.13201520372121855,0.12096126831271281
2,4,0.4870578534912875,0.2580604353308784
2,5,0.2112416417083427,0.34642548690893804
2,6,0.5576770636405515,0.3244314477268171
2,7,0.18350976094331717,0.0016443885608055098
2,8,0.09416023633911141,0.03171498637891457
2,9,0.24984207161285266,0.10325544773200868
2,10,0.43138098338145525,0.2076997034138124
2,11,0.018819165943539495,0.11151512478464731
2,12,0.13595509897844948,0.04400131401905849
2,13,0.1169838958989331,0.23365511203154465
2,14,0.23631577565529494,0.3200936466261579
2,15,0.11315513163037938,0.24558776605584853
2,16,0.1346129445757498,0.06265621104184049
2,17,0.010623823233176566,0.0370924486986679
2,18,0.15619422672647332,0.07577484349182217
2,19,0.3759506408488136,0.3759506408488136
3,0,0.6053869163794481,0.16499167870763776
3,1,1.5135319130109375,0.023017422593726522
3,2,1.892742363364432,0.07520436434105493
3,3,1.6144644030848108,0.0563767288784458
3,4,0.6494311511499884,0.0033414548799699517
3,5,0.30280086654706917,0.3418866372349445
3,6,0.0237841866687738,0.1495919724136554
3,7,1.1036421736256372,0.18788789914252568
3,8,0.7326014798851768,0.13922689281316725
3,9,1.3629433457190627,0.18989076522988846
3,10,1.9608917946029507,0.17204985790261418
3,11,2.5211588923031574,0.024756688764194124
3,12,2.850532099367296,0.1379415319228272
3,13,2.492506683938523,0.09351720658961771
3,14,0.26845609751124044,0.6306332734774509
3,15,0.0526647906633686,0.06447600642941698
3,16,0.10835393725166664,0.056157125018673426
3,17,0.036839191889090905,0.023110209398215176
3,18,0.4769638865797332,0.35985701720090413
3,19,0.09310957096897265,0.09310957096897265
4,0,0.6059543035532857,0.18321420976526692
4,1,0.053956996653571565,0.17701361730305853
4,2,0.1917536397913957,0.24234625033328872
4,3,0.0747151953618701,0.12473162257304526
4,4,0.373677034155683,0.24831152007965063
4,5,0.33978810284303007,0.2164926200387418
4,6,0.1388326519283707,0.1527934153717032
4,7,0.3759480504339425,0.23741768166707233
4,8,0.14627547113624573,0.09604731785903109
4,9,0.12438220047518911,0.05777117265639076
4,10,0.16776023223927794,0.11498755903343971
4,11,0.28981181288989255,0.30018547678744767
4,12,0.05906656160873602,0.17926227208764045
4,13,0.2994732994811269,0.20045363036897967
4,14,0.023006031678663774,0.009371786356043188
4,15,0.226135558850725,0.12442979339198867
4,16,0.39918007469027117,0.2653176629286289
4,17,0.32600962805416067,0.20024837700554166
4,18,0.18736851386307407,0.2004649414059152
4,19,0.44518155885523125,0.44518155885523125
5,0,0.5015615806884117,0.13661729520858623
5,1,0.3076492579062817,0.11715757516511349
5,2,0.24343594771288402,0.029356678050942442
5,3,0.10573361016807992,0.16345284113487324
5,4,0.0210317128393549,0.058254796933369324
5,5,0.12346132390215292,0.10402939130184397
5,6,0.17832497823333604,0.24561039429198717
5,7,0.019566453142150664,0.01777329011329165
5,8,0.00023692553022547358,0.03700452075824057
5,9,0.09120833913437387,0.07229179419115361
5,10,0.061123523100302446,0.06204608504308373
5,11,0.4206719038528437,0.33533519743695006
5,12,0.10159982220635833,0.1520655940677358
5,13,0.49938290366450655,0.17223495053606008
5,14,1.2219574302704772,0.15323866364304362
5,15,0.9457598093144601,0.3930163816670933
5,16,0.07846361016964387,0.011450603845570395
5,17,0.27419842929189686,0.009392798512633416
5,18,0.08540311615663532,0.0440473832429622
5,19,0.24675230694823247,0.24675230694823247
6,0,0.0018802199661829277,0.026737914196634627
6,1,0.09111618625589912,0.26150683653188533
6,2,0.08682805527010018,0.05503878294029807
6,3,0.23216397202776484,0.21100991217605447
6,4,0.19946624326503137,0.16778955689918718
6,5,0.3151917617696238,0.1112498791402361
6,6,0.08930592863894393,0.029136554232749745
6,7,0.05113334113571799,0.03252758973146008
6,8,0.10052653804212763,0.1656691162260815
6,9,0.2108059776586737,0.2643435265880809
6,10,0.0021178794291563108,0.04486351034749614
6,11,0.12586891068573713,0.08688315820927439
6,12,0.15882150216908641,0.07688441444634186
6,13,0.0861678043459202,0.23751563593225544
6,14,0.010561354284769564,0.059737862121211016
6,15,0.09875287353978646,0.06638838071066644
6,16,0.21342716578510323,0.3039150018882779
6,17,0.2666780051043567,0.1785203636391266
6,18,0.27809412537623057,0.1691069076434344
6,19,0.4759703026169495,0.4759703026169495
7,0,0.8025755637957532,0.42702476688155855
7,1,0.08497823632288837,0.14580120935813978
7,2,0.03844746821540079,0.0008910812526266021
7,3,0.08183379640648702,0.013111618529975999
7,4,0.12551138957197772,0.11047906860561474
7,5,0.24013270650556562,0.29032410951030174
7,6,0.07341204661349332,0.01957172781137695
7,7,0.0806735820080764,0.1157279817844219
7,8,0.07645251022337529,0.00038340060466435233
7,9,0.032837462328561884,0.06521320716201995
7,10,0.2234033050938713,0.04218926473541229
7,11,0.24294100683852227,0.01877054247934007
7,12,0.7878304350183316,0.5210057869787894
7,13,0.3515731391941701,0.39581973535685133
7,14,0.13298432951924832,0.22637933360029594
7,15,0.011520289240507964,0.08078268855188675
7,16,0.41095801496557627,0.16900235728362478
7,17,0.12483585589726154,0.007260730563516837
7,18,0.4826809871325435,0.4586033515278034
7,19,0.4848576669915934,0.4848576669915934
8,0,0.6715814930407609,0.17516401204374787
8,1,0.20078963540912476,0.18253898774747324
8,2,0.24812761215752133,0.21911712967486174
8,3,0.054302258056119435,0.15334808366087405
8,4,0.03726196871658072,0.006224665898638904
8,5,0.12790905710880907,0.011747946555919597
8,6,0.31386907946207465,0.12747938434270667
8,7,0.24065090731909855,0.17711721038907147
8,8,0.14522946353675437,0.2086002231218882
8,9,0.05319622146588232,0.00675129616706549
8,10,0.06913426219812902,0.16887108333181056
8,11,0.02617671387684606,0.1935415910415652
8,12,0.07570227678441732,0.04883921680751513
8,13,0.08596554992095928,0.20430737524932985
8,14,0.19763512487612545,0.3174919014751527
8,15,0.364186323184962,0.20042379842862346
8,16,0.031975895412221345,0.02366442158138815
8,17,0.2810991926625692,0.1889030987877831
8,18,0.011104587542124733,0.13694646789210774
8,19,0.5416070005201288,0.5416070005201288
9,0,2.1000282266597807,0.16029676903940526
9,1,0.1870946549076864,0.008120857314197316
9,2,0.271571446659459,0.24158645645916854
9,3,0.176797420530451,0.0693126639670032
9,4,0.3619859528843752,0.31414565061110267
9,5,0.17864094567598388,0.1093282556577897
9,6,0.19378626251303288,0.15621586642601804
9,7,0.04317541100913713,0.015187836695809143
9,8,0.10557991336003658,0.060356404745017134
9,9,0.07743067666999481,0.11618268954874722
9,10,0.2861178326438951,0.22330219847757782
9,11,0.227594288469271,0.1899199949851682
9,12,0.22497577664491164,0.0836250048155378
9,13,0.22956105709548824,0.11886082765345529
9,14,0.31116080553532655,0.3160423427750012
9,15,0.3437580013385042,0.42464311033744595
9,16,0.15674020996748483,0.04093441762742067
9,17,0.16655833002208587,0.01969052992958531
9,18,0.4638690895632145,0.33982391959154956
9,19,0.3557898911357569,0.3557898911357569
10,0,0.4754176924152116,0.298715764388644
10,1,0.2557975108018127,0.17133245012069453
10,2,0.03803504688736803,0.17408585736135684
10,3,0.0733619266506862,0.06762164807608873
10,4,0.3850728078164485,0.2655289726149035
10,5,0.2456796566788899,0.11534937004786006
10,6,0.055543879376564576,0.0024977656945970317
10,7,0.00033376468260071235,0.163395828615013
10,8,0.08973203104080696,0.15853849612289395
10,9,0.9868006502383828,0.31012427832952216
10,10,1.67871410681167,0.17410365320867793
10,11,0.04515013213403307,0.15751970091747225
10,12,0.11231142777605907,0.04864632644582656
10,13,0.04368480521917917,0.15571474494200377
10,14,0.2549228899501301,0.2863261713830658
10,15,0.20569294507194869,0.03243509035199743
10,16,0.052450201151196474,0.29904298315674005
10,17,0.40803418800342595,0.2703224757824998
10,18,0.22320800638504146,0.2863483973008174
10,19,0.4539289239660622,0.4539289239660622
11,0,2.245000214324401,0.2855568116212206
11,1,2.0154475403641463,0.20976130076791488
11,2,0.07469465463568437,0.004640292683891101
11,3,0.23150509920647178,0.23328896594717818
11,4,0.22247737919838695,0.2655399511147065
11,5,0.034563883294838504,0.10991315129984613
11,6,0.025897456692387077,0.12951247695889911
11,7,0.06608523973121017,0.02192879992506036
11,8,0.1693027193254295,0.2607807772231405
11,9,0.12636637745661794,0.06031114700789342
11,10,0.2950742135128994,0.20448399626875258
11,11,0.011202350093123314,0.10309967318791369
11,12,0.28715500766977664,0.20816921651977482
11,13,0.2718381232244891,0.22713226141637222
11,14,0.03881446551830958,0.09496935727185951
11,15,0.4947374574821479,0.32055197809307945
11,16,0.8719314428420288,0.4680907380537116
11,17,0.12700543602063696,0.13635888203537228
11,18,0.09833232208922471,0.02768332794592121
11,19,0.05669481973930246,0.05669481973930246
12,0,0.14687627456130947,0.0028051528723458397
12,1,0.2226252840247125,0.13458708926815444
12,2,0.18456323043175216,0.3434371281224453
12,3,0.35130791683134843,0.2830286483524538
12,4,0.12706259428437994,0.22009734486649668
12,5,0.07497834476556076,0.032063490269339745
12,6,0.027324647736596486,0.03623245502066785
12,7,0.11031734343965205,0.14654816754325983
12,8,0.2663706436094384,0.27468765944191365
12,9,0.061325935916955565,0.010360626393435268
12,10,0.30782342369187354,0.2396413151758363
12,11,0.27629611412026733,0.18556350926775922
12,12,0.35306004739335517,0.14067648325344173
12,13,0.7811119557717587,0.6148698996602127
12,14,0.41668766775295296,0.16119440540204266
12,15,0.15663385334695157,0.20508810738394168
12,16,0.0766916158956521,0.11771808021367569
12,17,0.14771641610401876,0.0002531580447646675
12,18,0.14915975912292812,0.0917548720823893
12,19,0.08744141727234078,0.08744141727234034
13,0,0.07837860014372566,0.0819569932344999
13,1,0.4662961893421489,0.37223930465875466
13,2,0.5340822506716432,0.434945097204797
13,3,0.2641265203337406,0.20548696229989627
13,4,0.39571465377684056,0.30248987303010644
13,5,0.13813448446475984,0.2707651839923013
13,6,0.20985947363138013,0.18854631384763731
13,7,0.10357787750108738,0.014173882515605918
13,8,0.22015930040074938,0.24947544425188095
13,9,0.1727766234297139,0.08797913276742442
13,10,0.15244270663090287,0.21923337908904017
13,11,0.2201909856835167,0.17779796396577918
13,12,0.26502966246643833,0.19144181241145475
13,13,0.4098997585444737,0.3160897297222043
13,14,0.025509263249852587,0.1254591437269994
13,15,0.03639895780653202,0.08482634887972118
13,16,0.07671241265643136,0.10292891448789998
13,17,0.5479879890260411,0.319568217026736
13,18,0.2042373723005273,0.07656534457182396
13,19,0.3374581550201823,0.3374581550201823
14,0,0.11241611439747956,0.0008957671241454079
14,1,0.27235397147562423,0.1517627729880635
14,2,0.11438862564785923,0.18448161875908964
14,3,0.18534307904759917,0.07788161606506572
14,4,0.4103445319863632,0.2133294834378816
14,5,0.23147461447055662,0.29613759936420525
14,6,0.14368766890704032,0.07496028128713128
14,7,0.10644594956580278,0.0345166848107028
14,8,0.026508356147152412,0.01131198656538368
14,9,0.10464598123004887,0.04392454287784675
14,10,0.1711133251923016,0.25383971049134635
14,11,0.1710964981446641,0.11122332232514598
14,12,0.3409756558695385,0.24236807418607142
14,13,0.025942667932992602,0.013683687850695403
14,14,0.225966616035159,0.30852130411777834
14,15,0.1649176600906479,0.08865136585206468
14,16,0.18370088994462463,0.25345203559520035
14,17,0.3026882224075167,0.19306249802965647
14,18,0.3237970566909052,0.10521699830352782
14,19,0.009886945369717903,0.009886945369717903
15,0,0.5962789323362996,0.4588784247608775
15,1,0.7731833286967476,0.4039078395307971
15,2,0.346477547055148,0.2186972034011898
15,3,0.05016022514715335,0.12925724976233344
15,4,0.05798771742990905,0.25323655981778437
15,5,0.20004039682505237,0.07279637934204874
15,6,0.09096194929827917,0.25405140986781305
15,7,0.10915715253698455,0.14111515950976194
15,8,0.30602787071065407,0.169188940687099
15,9,0.132085752280501,0.027039371539360424
15,10,0.2723286349055023,0.21132262743153962
15,11,0.27500092811816135,0.1328544212972096
15,12,0.3626533422027842,0.2232410339353894
15,13,0.17541942712366154,0.15203182747550859
15,14,0.014549556470367264,0.07561559139242835
15,15,0.3394020746083113,0.2909649815196591
15,16,0.36346801873605816,0.3041917648260952
15,17,0.23021200690199173,0.2797633297640445
15,18,0.04633250309445014,0.17267973083712462
15,19,0.11918148448583299,0.11918148448583299
16,0,0.020402665886754434,0.162666172125145
16,1,0.649896929847877,0.20527531459969373
16,2,0.29722548937523197,0.2165568633572148
16,3,0.13808411718467584,0.08219659769850152
16,4,0.01502340549715786,0.21449206203427185
16,5,0.5772671525451467,0.3379962230123015
16,6,0.08446320490939252,0.14778549578219824
16,7,0.3551950810889637,0.35996492776345645
16,8,0.49531644203592684,0.46863987617971237
16,9,0.3104644769242335,0.4564567183071082
16,10,0.20849591664790168,0.13405409158323778
16,11,0.034108247737346886,0.033453410488605506
16,12,0.05004771046537515,0.06926968098405739
16,13,0.11368819883175574,0.028744938463543868
16,14,0.1876220283873664,0.1641233299020075
16,15,0.09761799160592721,0.08958452547193962
16,16,0.1082245803275037,0.04996422647267318
16,17,0.13868257085043023,0.1061501053653422
16,18,0.05049111116691174,0.18435797814547072
16,19,0.37108163591982013,0.37108163591982013
17,0,1.1686685822647922,0.5248345751158254
17,1,0.4047539522040955,0.5739072482824117
17,2,0.061034022309736535,0.7042240682262886
17,3,0.5965242910447648,0.2849258718799845
17,4,0.6014126043136008,0.4589780706532012
17,5,1.007113057723108,0.8937872269869729
17,6,0.6233724028773242,0.27610494813957187
17,7,0.22159517697222242,0.2699612999946801
17,8,0.07861250687823107,0.08788293326352381
17,9,0.07745172428636327,0.08080178319527054
17,10,0.0019345836252848692,0.12799409389993777
17,11,0.3568745194140215,0.08405743908602092
17,12,0.26745945453502884,0.3380322793745263
17,13,0.11904305313221375,0.15553445189411086
17,14,0.2090901796196496,0.14686266276197912
17,15,0.17586930670841205,0.3449660998905273
17,16,0.3597067331366892,0.3474595647902108
17,17,0.06787790313247433,0.058957380894903544
17,18,0.16902924432575128,0.1499211750884335
17,19,0.1271385107754468,0.1271385107754468
18,0,2.0874482127832445,0.037679629714602925
18,1,2.5194986532408183,0.27138378927374784
18,2,0.16769495142604463,0.12187328176339385
18,3,0.22038249395103993,0.10035568486522628
18,4,0.1823895083052367,0.16630641646592625
18,5,0.09376269503110546,0.006134416071970961
18,6,0.03962618233213888,0.11178846498519679
18,7,0.4990960775570219,0.48079261901807335
18,8,0.1780718456361976,0.3143982489827293
18,9,0.10988649981065368,0.09634512334424716
18,10,0.36681957030763757,0.3173146279489125
18,11,0.522488855641595,0.32097002804877617
18,12,0.01309646915433138,0.10603556924311919
18,13,0.23809921269761336,0.08898087721278847
18,14,0.11212489822490479,0.005569064921647104
18,15,0.13960891963245636,0.06274019232118633
18,16,0.2635538012020353,0.15406886577048695
18,17,0.22942072009164782,0.3955301722499547
18,18,0.08533555213862254,0.060424124066391194
18,19,0.38250275737837214,0.38250275737837214
19,0,0.22047917009452256,0.15065650729729896
19,1,0.04134256159187988,0.007820931489761485
19,2,0.0051060593328005055,0.09211260807739219
19,3,0.30523714750233744,0.36437334374624175
19,4,0.09491804232679346,0.12971712149208514
19,5,0.10990322101650785,0.03764399773805227
19,6,0.3843734121818514,0.45126921762308747
19,7,0.24851384478891658,0.298506254209415
19,8,0.07681768600285421,0.012147922429859292
19,9,0.16905414346849224,0.03764677865567645
19,10,0.2987701852798357,0.1249708749062286
19,11,0.19196180024186926,0.055328689978219714
19,12,0.31387587445707643,0.15131153043087187
19,13,0.06733718030619595,0.03429654810211957
19,14,0.24909903250092746,0.2663004716214674
19,15,0.2324154628039774,0.06438255451890784
19,16,0.23281704758189203,0.2341374546415822
19,17,0.024790991673042218,0.013913073581965474
19,18,0.17445817590154178,0.15247889895581324
19,19,0.24133101284907443,0.24133101284907443
20,0,0.08921930368804976,0.01671796363600908
20,1,0.08602428050504773,0.10383099103966575
20,2,0.24997767359631506,0.28719748309677495
20,3,0.15621574163184704,0.21500177602451132
20,4,0.23587775514203635,0.21120906532593775
20,5,0.20476532972344152,0.23251589622180724
20,6,0.13515166684366786,0.10961765589208028
20,7,0.10008691550160265,0.09496277620031623
20,8,0.2865103589841018,0.056002236078414924
20,9,0.6059975507974933,0.0377157593969244
20,10,0.2652443212750448,0.1632117551302219
20,11,0.2373865921568985,0.2194652757666784
20,12,0.11651499113898645,0.004142448507454155
20,13,0.008651343464995076,0.021015156749868424
20,14,0.15261240381480112,0.06801275457921419
20,15,0.15447220293610453,0.16141785766716632
20,16,0.4494294631373341,0.47517929285756555
20,17,0.14940958812284144,0.0022358990049031746
20,18,0.07619317983004992,0.12560751267453174
20,19,0.21936500869287867,0.21936500869287867
21,0,0.05517921362090217,0.08377028717448809
21,1,0.5128959505305608,0.48283099357184733
21,2,0.0312656534315936,0.1439956293736362
21,3,0.5149169570744281,0.4510209302112198
21,4,1.1912016763394622,0.6224249296197772
21,5,1.6877004100147808,0.35658696188581995
21,6,0.15540243945708632,0.30344166187752464
21,7,0.23641202237473147,0.01742164417708958
21,8,0.07271892963826687,0.1140222617949398
21,9,0.013949808673710429,0.20665534357237103
21,10,0.5634099839021722,0.2236625794339715
21,11,1.6835514079887721,0.042426830307297436
21,12,0.5429293475631729,0.36906343113552964
21,13,0.6068995228442748,0.4854809907693003
21,14,0.5124651423033404,0.4355994160011001
21,15,0.6911035465398578,0.5610173969709056
21,16,0.210846602290645,0.011637241086913441
21,17,0.09730577671634055,0.06666923367873512
21,18,0.2004636154604067,0.08016428158551436
21,19,0.18086386425998668,0.18086386425998668
22,0,2.984069015018518,2.8153195160994304
22,1,2.1944315700476436,2.396251985472264
22,2,2.552155502673095,2.686857881427718
22,3,2.358189646800957,2.6676863187513646
22,4,2.3849966327453345,2.221047337946799
22,5,1.1358443083631506,0.8576640195574328
22,6,0.5003378293020457,0.5313229168900326
22,7,0.44771588800065754,0.2757793953439256
22,8,0.5989769443208921,0.38447899828329035
22,9,0.1744659024680999,0.24415059002437633
22,10,0.17875866784445948,0.1334851155202501
22,11,0.4679758546477517,0.37986349159678445
22,12,0.21308721174489698,0.3171729164819421
22,13,0.22993116070740527,0.21968800503059915
22,14,0.27006202858909,0.20678051045134938
22,15,0.017324043228557073,0.10505979810547394
22,16,0.31210844226163825,0.3666495217149106
22,17,0.1834156856034963,0.27271740959461255
22,18,0.081001227852048,0.06459706390872233
22,19,0.19012021420120195,0.19012021420120195
23,0,0.7857979747018371,0.7379531081621113
23,1,0.1813508980871248,0.0796194583067047
23,2,0.08737351103319213,0.01567513278990873
23,3,0.12457185720593511,0.14531215606549708
23,4,0.32533335249212136,0.18247795551386314
23,5,0.09065246596210663,0.04543305080359428
23,6,0.055478013802571446,0.0003636323735456415
23,7,0.2794129473759259,0.17825138899972615
23,8,0.45589981109655486,0.3393239812006712
23,9,0.26832592993224225,3.30921204820811e-05
23,10,1.2167288271443066,0.10027997739650107
23,11,0.16995281300617382,0.07949899889553302
23,12,0.38721737534068623,0.39529254614072773
23,13,0.052202175776315585,0.03586112780557826
23,14,0.2442480069711479,0.16379500989753026
23,15,0.3206665289842374,0.14367286239965704
23,16,0.008618205103230636,0.08365480915216095
23,17,0.08160417080487381,0.007976511899758343
23,18,0.006246844980316801,0.03778061236825492
23,19,0.05235563580130176,0.05235563580130176
24,0,0.5813093807341976,0.055495445565989954
24,1,0.33413655450470214,0.16206775000817597
24,2,0.02472193179699378,0.09162066683354064
24,3,0.09311366067239213,0.062089290731707436
24,4,0.23103652964036625,0.2827433828598771
24,5,0.3755506775328872,0.2495264065492675
24,6,0.08019363216502473,0.06484008662878304
24,7,0.1779685137055118,0.20376784992766162
24,8,0.3538457991252417,0.24994447784713092
24,9,0.34746147971882424,0.19105169631649188
24,10,0.1692763927967893,0.17656823165486113
24,11,0.02131865880337358,0.08204921282969879
24,12,0.18706431203217422,0.15728045286393844
24,13,0.3420945536114557,0.37944690366572065
24,14,0.19152593258773543,0.2427803911285995
24,15,0.35867101410523095,0.4937952845418754
24,16,0.15622942944907914,0.29642872602291703
24,17,0.1754858288468335,0.20853223743497207
24,18,0.16726564494805674,0.2441013113568875
24,19,0.2347164427514068,0.2347164427514068
25,0,0.5228307923231093,0.24229627166583523
25,1,0.051437550068696325,0.04828555651484834
25,2,0.15577947589178542,0.11518222847872917
25,3,0.2741046003044696,0.007769612623548028
25,4,0.29027085199095737,0.16010657025922814
25,5,0.23492336081791176,0.2343696081854132
25,6,0.11101628862732049,0.18259856697290466
25,7,0.0840622398774924,0.050482887003144405
25,8,0.2355139995925537,0.06794367066686924
25,9,0.11276594478922952,0.37685925949829624
25,10,0.3400278572346558,0.18844370597453697
25,11,0.17287489389746113,0.6438511112882281
25,12,0.018432895603129218,0.05798996785177568
25,13,0.029311521933875095,0.00994234121869697
25,14,0.015124952532649338,0.12294756854411393
25,15,0.08472274437991656,0.0506358921024157
25,16,0.22998869245436637,0.11312515441670001
25,17,0.35267440593123967,0.2709355166823344
25,18,0.2647409983634872,0.3267968861862891
25,19,0.0452348591124454,0.0452348591124454
26,0,0.3000846354809754,0.1190448761496734
26,1,0.0051268610787547075,0.1154785477397633
26,2,0.01443231568855019,0.0802064685107462
26,3,0.4143398120470554,0.3289061026200937
26,4,0.25527248433748273,0.18416178420596552
26,5,0.0263710962557413,0.005175825857002714
26,6,0.0012413039112217916,0.06539021357502328
26,7,0.5632018312963005,0.3228590239252336
26,8,0.25760679741808,0.1755889305457945
26,9,0.02278402082140696,0.05641399750993603
26,10,0.36728748212205264,0.35712838119663015
26,11,0.14977703458465141,0.12556883343952974
26,12,0.22985226428351524,0.1945803767025689
26,13,0.0642187171782389,0.19574056701530296
26,14,0.07002469073648676,0.16235555708941218
26,15,0.13374565004728156,0.11242095218660442
26,16,0.36119939900427767,0.11465298855792971
26,17,0.3022562469301331,0.18124902248326347
26,18,0.3039642951289796,0.2871365249182154
26,19,0.232989983868229,0.232989983868229
27,0,0.8290022197769851,0.32628518923855854
27,1,1.7343936096455295,0.10704003222034775
27,2,2.4822249164889447,0.19079873863093422
27,3,0.009993582774710852,0.38723362733229294
27,4,0.20492268504229383,0.19438032679155004
27,5,0.2667029791276798,0.11077655663500074
27,6,0.09394109646221072,0.12144209048663068
27,7,0.03693707126565915,0.019202801632540734
27,8,0.3265082231409586,0.1827175949533837
27,9,0.220210639025046,0.29686174814059463
27,10,0.30251828713834605,0.09423587352120233
27,11,0.17375167645655765,0.07556257594787041
27,12,0.1357721848703859,0.11279192307398755
27,13,0.3228413059015196,0.23520506442127687
27,14,0.04933099577507161,0.21159742179497165
27,15,0.23910305785272534,0.24352519265000705
27,16,0.19596009147558746,0.038783877540204514
27,17,0.08035313396154375,0.015610274940580204
27,18,0.06859814025310396,0.16682793450928823
27,19,0.004982302550107676,0.004982302550107676
28,0,0.05708884126452762,0.06482112021189046
28,1,0.038604219427588404,0.032778976957100525
28,2,0.08266007807913578,0.10426798494884348
28,3,0.17084698334320514,0.08578949840616534
28,4,0.5807611735857279,0.4489350989071923
28,5,0.11853093787111835,0.08746151456207407
28,6,0.2343986107215894,0.09312074540097104
28,7,0.07559518188680325,0.11445370632751217
28,8,0.22962140461074476,0.2628979976777206
28,9,0.11081897463568247,0.1711498166744887
28,10,0.08624096647252077,0.009084234653460754
28,11,0.15238259799556886,0.11326930943166502
28,12,0.28441141990204866,0.2848221980435861
28,13,0.029009559695467146,0.10446346531680462
28,14,0.01276238833756782,0.13207575900012447
28,15,0.09046241715755876,0.08062314046018582
28,16,0.05418569912974913,0.2600926738470122
28,17,0.1989998114571021,0.2306037394851237
28,18,0.1342101954757844,0.05437344903671848
28,19,0.3982442367067023,0.3982442367067023
29,0,1.5109759775732194,0.004541271360482213
29,1,0.3400016408665345,0.2236635820677293
29,2,0.2407687746177718,0.10987870807391875
29,3,0.07887537691965374,0.14439833718076933
29,4,0.23916482016435703,0.18635718644138244
29,5,0.03839591390769925,0.11794216359881293
29,6,0.29037295814361297,0.20840335012186895
29,7,0.6463396952617138,0.19668230603008618
29,8,0.2881678996239465,0.28758986776556217
29,9,0.0258627081946603,0.11332683978677105
29,10,0.044384163885816896,0.039835888445412415
29,11,0.1644890568712758,0.1544104373171611
29,12,0.26200358296443227,0.058058036446782424
29,13,0.06035550595820416,0.08551960393631086
29,14,0.039423457695773934,0.13250036663992315
29,15,0.30606841687229425,0.4510323814494499
29,16,1.6749087036120436,1.6507313249077882
29,17,2.1160991255305612,2.1633945003807815
29,18,2.487307993757546,2.637011746219791
29,19,2.4200861377326457,2.4200861377326457
30,0,0.7738017665669532,0.5302937185104439
30,1,1.9002049372849186,1.1898791453118052
30,2,0.91935768894579,0.8160373393935254
30,3,0.3733937370396272,0.3717921655757195
30,4,0.07693167042212146,0.04740173848120355
30,5,0.44787992007677957,0.5204980193228361
30,6,0.2211065321421648,0.35379971754776873
30,7,0.13406302301574158,0.10405239817480094
30,8,0.3301553783768716,0.1492700947783061
30,9,0.047614736172880257,0.1994040244975639
30,10,0.05882539584952884,0.06753494276811445
30,11,0.08055248823425032,0.05663929074129603
30,12,0.3706231927094428,0.14563818075471868
30,13,0.33686147152758883,0.1302452960913003
30,14,0.14123069512457764,0.10980261372391453
30,15,0.15621968356389848,0.10604852854316915
30,16,0.5069579044257733,0.3618160549185254
30,17,0.051272702106448076,0.15225747325705008
30,18,0.2884593824150623,0.2392771832076317
30,19,0.0719453910835508,0.0719453910835508
31,0,0.03545883671005523,0.016506582694556737
31,1,0.019603722244509125,0.023243836925376016
31,2,0.43831998136220696,0.34112233711846285
31,3,0.512830364261764,0.3274372663823799
31,4,0.12763285367763322,0.1003291153152972
31,5,0.15139590784243673,0.2499685586282796
31,6,0.15839442279943228,0.12715708315204033
31,7,0.08967674659807479,0.031592599777496844
31,8,0.18895028955502813,0.061988340411821774
31,9,0.3318151846121502,0.25789209986818395
31,10,0.3545892770551595,0.2732217282789722
31,11,0.0001666982916739279,0.013279944493028939
31,12,0.38520549678106875,0.25889999261461316
31,13,0.07401477193827422,0.15080942935706654
31,14,0.038377074511230624,0.014138108518726877
31,15,0.04544418627873359,0.03150312629829166
31,16,0.17457937069091312,0.014784223636162164
31,17,0.2176406474377739,0.25199667249053803
31,18,0.3963430806326116,0.42690868346970223
31,19,0.10045137800776471,0.10045137800776471
32,0,0.14230227333710577,0.15572690478119222
32,1,0.2572493550955359,0.05079947208328317
32,2,0.27617103892101547,0.31848431083793205
32,3,0.16410632064786634,0.11615224585461714
32,4,0.06993028899853249,0.09831424376014164
32,5,0.46727645640625504,0.5281937904804312
32,6,0.0562013486033508,0.18228808674839092
32,7,0.061350873115920024,0.10205745720322845
32,8,0.15008975630752186,0.039097153523539596
32,9,0.21119767171416548,0.02362132042602383
32,10,0.014314142948355979,0.0018459273069355575
32,11,0.08919603217152705,0.015182994923181425
32,12,0.34287979631151266,0.28103697809445105
32,13,0.07904793226413087,0.0578164371281229
32,14,0.4544187304832663,0.3083245528491583
32,15,0.021766123382024993,0.11061744326413958
32,16,0.20257766004086353,0.18730758071263232
32,17,0.09426322631350459,0.08170090519162798
32,18,0.10685799952933461,0.1660390603834747
32,19,0.17571890483340624,0.17571890483340624
33,0,0.058556662749794874,0.029747220868379998
33,1,0.05452981981178073,0.029114781219341523
33,2,0.1309505578083323,0.11302975881002908
33,3,0.20368161663097872,0.25795116870479085
33,4,0.3773231861064419,0.3106268720466776
33,5,0.19340222808179064,0.30640509119777626
33,6,0.21131846722353576,0.3390325324880239
33,7,0.2385470654346653,0.1965441720439589
33,8,0.2783264574932529,0.22165495142058855
33,9,0.36776082024976553,0.34720951486662344
33,10,0.25747517526334374,0.037013899383435245
33,11,0.04980690074690752,0.059841567283553054
33,12,0.2096819879104137,0.24726849752520064
33,13,0.11115329674054664,0.04505833788980951
33,14,0.04330159991307525,0.03334677900613858
33,15,0.3905620799892322,0.20032727430910136
33,16,0.06389423816864426,0.09798082483514303
33,17,0.10722994444606648,0.1420315440301918
33,18,0.08934341059212692,0.04583832791055453
33,19,0.15686420111080235,0.15686420111080235
34,0,0.18019430466477804,0.17516578967210172
34,1,0.10845220001042977,0.09351903166416342
34,2,0.13820052489684986,0.34997230229619314
34,3,0.23710796784272148,0.051771986668337266
34,4,0.33130200889392425,0.4293344442851099
34,5,0.05195195488004378,0.2111127844902847
34,6,0.42862757815074914,0.3507451342390566
34,7,0.3170274214985378,0.11991645584034716
34,8,0.2208724035739147,0.11380828513975194
34,9,0.2826641751806318,0.14352993985044593
34,10,0.20500371419392094,0.244991163096131
34,11,0.21937830904655842,0.04821733187994681
34,12,0.2276688139937857,0.07400395503270296
34,13,0.11422299680377312,0.06748477656603669
34,14,0.3002283139048223,0.46711226633243896
34,15,0.418169605357785,0.2623497782208428
34,16,0.08536688634129241,0.09348848881790062
34,17,0.18723419046030187,0.10871612422740906
34,18,0.03456166549135897,0.12940354817341682
34,19,0.017251320141626003,0.017251320141626003
35,0,0.394850937869363,0.19622873228172466
35,1,0.9589796509687405,0.44845183320599524
35,2,1.697870695250387,0.39386620051413956
35,3,0.26820287552919275,0.16169027550009396
35,4,0.10783044050645962,0.16040125547140338
35,5,0.02301051346777161,0.0022970762715663895
35,6,0.20741833838236978,0.22904070405724752
35,7,0.16804026047084442,0.22144024617399616
35,8,0.12576869321154316,0.019638782010233946
35,9,0.18421420451656711,0.045750008982757606
35,10,0.10759535660747854,0.07022612501563952
35,11,0.02156037798720245,0.0339325463276432
35,12,0.27273237107330894,0.1627372882331981
35,13,0.36018083968073267,0.35811126113820757
35,14,0.10439821519624015,0.05080682824438387
35,15,0.13740507364336185,0.11457059043938278
35,16,0.2347309007491063,0.21430602203651183
35,17,0.8060155077837781,0.6355251217586817
35,18,0.2744824265758412,0.18431747196480064
35,19,0.4800375118411866,0.4800375118411866
36,0,0.8265445326254364,0.3302725888866842
36,1,0.38647439795433947,0.1250135334431386
36,2,0.1492262112238727,0.18439398264382323
36,3,0.10343052468802849,0.011147315717551898
36,4,0.0028256114822609035,0.09936633739838463
36,5,0.09427876785378775,0.09240184725224854
36,6,0.32143523799706486,0.11784800021049868
36,7,0.3754667244305683,0.36063974958961253
36,8,0.023121632303823247,0.005214973919863475
36,9,0.24302972585161786,0.3292541784853906
36,10,0.15477041491991628,0.25401571951028235
36,11,0.13042319879471442,0.09697284744818369
36,12,0.06029945327216524,0.15034447341670543
36,13,0.4796822626627151,0.15419063926984133
36,14,0.2537920708875041,0.25499369181192355
36,15,0.19351778329469704,0.14634368913686835
36,16,0.241021445643824,0.1085900382082019
36,17,0.03322939378891565,0.10509968697387873
36,18,0.13991130334428936,0.2358213481923359
36,19,0.16871154962643065,0.16871154962643065
37,0,0.5561868111037951,0.34220781232601194
37,1,0.03157641234539632,0.032599770585973076
37,2,0.3338319331985664,0.3659010815604491
37,3,0.38101285078042046,0.3858179907152586
37,4,0.11440075379873704,0.06571138281275601
37,5,0.23695488137179233,0.15283521589113302
37,6,0.3595063784529384,0.16242934891939642
37,7,0.03377186309267488,0.1857877869471758
37,8,0.05028402506331364,0.02308423984076935
37,9,0.008369311438829463,0.08101196038313763
37,10,0.15392186855878753,0.14763904439967002
37,11,0.331727725473848,0.22545016541314622
37,12,0.29728817975465693,0.07898477556033834
37,13,0.27922966873812793,0.14327545340763814
37,14,0.2896747687408201,0.2507779665517331
37,15,0.09301434562339672,0.14498570766471008
37,16,0.4438622336603424,0.3893891915500691
37,17,0.2745811040759083,0.15654093205451636
37,18,0.12012504421156667,0.21285394208548736
37,19,0.03587574493301693,0.03587574493301693
38,0,1.9568726921146424,0.15323514299089336
38,1,0.1888102020946416,0.00502471169434715
38,2,0.19821848243600604,0.17924384852105613
38,3,0.05529346376313704,0.04722638269301971
38,4,0.2001875701466207,0.0551538874017341
38,5,0.33469000205772526,0.40206467775071353
38,6,0.06328625162035806,0.13400271272567466
38,7,0.054096025034527706,0.03978570852703989
38,8,0.06374634431283832,0.03526083161672311
38,9,0.3008585142433833,0.14286906327030024
38,10,0.2949825005352569,0.09712639194337758
38,11,0.10431032363876103,0.24358808798880593
38,12,0.3136430115587232,0.16367947339145017
38,13,0.2755975827376309,0.2687148307588272
38,14,0.34028887637150174,0.27273151756492364
38,15,0.1544607398919644,0.2848626192299957
38,16,0.24013794815394274,0.23575202684041985
38,17,0.37286836695695147,0.01578861410391763
38,18,0.2551073817910896,0.1468191028167345
38,19,0.07813846461458018,0.07813846461458018
39,0,0.3205265399385562,0.4238108812928596
39,1,0.3336219869031938,0.38809652110372284
39,2,0.09767660699332925,0.20173761774290266
39,3,0.17834274015859197,0.19629409094983785
39,4,0.2237092151678528,0.10144350730070961
39,5,0.37196478582860415,0.23486267137325356
39,6,0.13517629688606192,0.12456557538748658
39,7,0.21844732142290635,0.17368055474493538
39,8,0.7065345905836224,0.6541045681651454
39,9,0.16695374574236244,0.045768846346295966
39,10,0.02673375377472631,0.012644573325036212
39,11,0.11455475204601573,0.07053447670626678
39,12,0.5074781409390217,0.44467303474553566
39,13,0.3119215378379514,0.22596116310498138
39,14,0.23258448820233868,0.30073510298934414
39,15,0.0720450871006566,0.054099784631501
39,16,0.3001091566149148,0.17653448370597147
39,17,0.11229982903076596,0.021573356361251683
39,18,0.3499912414118267,0.16209500832593093
39,19,0.3581944404100472,0.3581944404100472
40,0,0.1111374733220103,0.07986137090126544
40,1,0.19207520176735216,0.1835585525703829
40,2,0.1904068018289653,0.15920550149832646
40,3,0.056691676248325606,0.06406194007580979
40,4,0.16439598764466812,0.05017816969552058
40,5,0.526497936050828,0.10895893996760808
40,6,0.18266075524732006,0.04500089095426052
40,7,0.05465368130093262,0.02584133725564053
40,8,0.27575133362319404,0.20863196190872024
40,9,0.19224802427700416,0.14467819920951408
40,10,0.051238426836716755,0.16895714385512317
40,11,0.0819278581514169,0.11573435786404396
40,12,0.10131049219828991,0.12524802199353502
40,13,0.10047867232198815,0.025095648770729007
40,14,0.07759890278966353,0.05577041521596371
40,15,0.12723156161659954,0.012556838620882083
40,16,0.18906566824557558,0.20646812528481728
40,17,0.008718686012747057,0.12981699980194428
40,18,0.06229939973677645,0.13723185546336758
40,19,0.4778628902260227,0.4778628902260227
41,0,0.06510006030851656,0.11338467097424099
41,1,0.24656252031827375,0.13332599076445062
41,2,0.39696027587700344,0.17876097735885255
41,3,0.1452561931221723,0.011302444040266035
41,4,0.3297921905680865,0.3149684797584005
41,5,0.21088797769782097,0.16451005713887046
41,6,0.012764120399708645,0.017469307319554428
41,7,0.09768378840448477,0.030008123826374522
41,8,0.08123626661060257,0.14930214935717911
41,9,0.14847870508426642,0.11809333653809695
41,10,0.29019513159254107,0.4082764215556267
41,11,0.032720578175186255,0.043700938070660555
41,12,0.16902721327295378,0.14766729589358984
41,13,0.050009222870929015,0.17776513934236604
41,14,0.45636185599135093,0.35583156868106025
41,15,0.18343518284124727,0.10228210904156398
41,16,0.15388432810528085,0.0957096455287858
41,17,0.23288798272291888,0.2307771744950271
41,18,0.11999731917051992,0.07825320493428167
41,19,0.17480231637807586,0.17480231637807586
42,0,0.39224468017370384,0.29251824802058124
42,1,0.13997391519794355,0.278007817979427
42,2,0.4524556748901847,0.21924764463589996
42,3,0.10802399668849105,0.11886312839149582
42,4,0.17969767184250696,0.08468390500766709
42,5,0.07541868296148291,0.004259166241385337
42,6,0.10355725562482743,0.10267612448582764
42,7,0.08620785088360083,0.15401761056879604
42,8,0.1513281959327637,0.01668940552812259
42,9,0.06983434030465308,0.035341084134761225
42,10,0.3193795168577598,0.3332973324761781
42,11,0.00472322698833505,0.03235091993610695
42,12,0.4135464557185955,0.1942039413002341
42,13,0.49017794451181373,0.004548582704297921
42,14,0.7544897508795527,0.13369282109843628
42,15,0.09924284357917479,0.05098197432162177
42,16,0.06114322767475233,0.10889110477249986
42,17,0.026835559072034165,0.17963067339908
42,18,0.06297541368317461,0.15766281067000065
42,19,0.16966830370767472,0.16966830370767472
43,0,0.1137708917664213,0.2777709878195118
43,1,0.37451868212390327,0.14295182216299462
43,2,0.15224660103283494,0.07792129884685561
43,3,0.1258301230757164,0.10512258106159678
43,4,0.05189857818090182,0.0230439165243288
43,5,0.0736199392739092,0.04604415648095905
43,6,0.09883346277546767,0.18743895838605162
43,7,0.17414818319322833,0.17610596411583312
43,8,0.04719457469572941,0.0289716356136136
43,9,0.20418059211749107,0.2127040386021477
43,10,0.22881869860607829,0.10285978920986416
43,11,0.16329909554641286,0.18672941574418722
43,12,0.2806801959617049,0.31204949553471373
43,13,0.15809670281826538,0.017881377063375226
43,14,0.1885948641318027,0.06159667907784705
43,15,0.09485666975291096,0.027344280036003532
43,16,0.0973325615001217,0.05468133293808464
43,17,0.3316801082916756,0.3648738202335764
43,18,0.14375337122324172,0.18394568176577408
43,19,0.1538484253338792,0.1538484253338792
44,0,0.4777862727210094,0.417825012471964
44,1,0.3993486984045882,0.1732266936587008
44,2,0.46098945009633674,0.07634251510463042
44,3,0.8437510950410392,0.10431602812634555
44,4,0.1860479986375978,0.09270387315111606
44,5,0.4485038826094705,0.37123654239235737
44,6,0.12398020636049667,0.0861573007814056
44,7,0.09700063755210353,0.18155290450509298
44,8,0.06058388105498658,0.01658402836941919
44,9,0.15882723067995963,0.30431708777572863
44,10,0.18596697977365917,0.16371954359166052
44,11,0.6446663035942777,0.5250564698932472
44,12,0.22822317574369322,0.1451317827888463
44,13,0.10907763103416368,0.188287982507513
44,14,0.13162258583496556,0.12045214817152683
44,15,0.2037725412849305,0.26875021188935033
44,16,0.026640617172750236,0.003086844251380505
44,17,0.06564468037336191,0.03858214640376456
44,18,0.06146992457913658,0.020810378035444277
44,19,0.09515493938476238,0.09515493938476238
45,0,0.32850379395374674,0.35180492529128493
45,1,0.38874473168554236,0.3045750823690305
45,2,0.05666651274170409,0.09902358521293131
45,3,0.07431405616584019,0.0007695749749148106
45,4,0.5519023042106728,0.4752136316583577
45,5,0.48406833348375766,0.4414789290940897
45,6,0.3550003285687948,0.4023241019838357
45,7,0.5373079240704168,0.3760717034895551
45,8,0.053651830685517155,0.1024032739987133
45,9,0.4198297642989903,0.5205690692575198
45,10,0.30595816934375275,0.428377149412313
45,11,0.8554187635913939,0.8746647874373759
45,12,0.48717763655264257,0.3914882179196839
45,13,0.43155426894889537,0.34313427043043276
45,14,0.29626784531727157,0.07922036517452469
45,15,1.4566454459979479,0.20437067854775837
45,16,1.603937854645456,0.1401023056871562
45,17,0.15490848918361522,0.1855132042866181
45,18,0.44693829370416616,0.3281188417894967
45,19,0.4892238065696306,0.4892238065696306
46,0,0.527735695838158,0.16464995530569926
46,1,0.1790882776398699,0.28851467599160685
46,2,0.14751173790497507,3.5649022176453826e-05
46,3,0.12860450012975555,0.1127852113369805
46,4,2.2570558389320894,0.23990974696607292
46,5,0.25649800797148004,0.6389034803132816
46,6,0.10536999201779329,0.19475878467001273
46,7,0.10127886307128486,0.16364662362641003
46,8,0.16770659576953495,0.08204086046452819
46,9,0.24944639885627184,0.18905749298158359
46,10,0.030953131553472346,0.1055573097000071
46,11,0.007470204378180689,0.023392410556180465
46,12,0.4032981122999324,0.3788615529710606
46,13,0.36892550614007646,0.4105783278244006
46,14,0.32085695640370515,0.2809678310543702
46,15,0.11046893620719844,0.0506115899912527
46,16,0.20998637348955373,0.29905900234515315
46,17,0.30427804322190966,0.3399533269111492
46,18,0.03565939465364032,0.09512722160848286
46,19,0.331150410698529,0.331150410698529
47,0,0.4518570778119946,0.10606292811182527
47,1,0.16314883604239938,0.11586036284055101
47,2,0.0364182714110024,0.24745033887544476
47,3,0.16093040475560993,0.04462723956311576
47,4,0.043590710860607285,0.19722518247933518
47,5,0.045169673793008513,0.04611949123076631
47,6,0.28772443348563304,0.3519395886147878
47,7,0.047267907575507806,0.006119308694615633
47,8,0.022118983515895252,0.09393896488313658
47,9,0.15155715339027687,0.10451674240864506
47,10,0.3724037822813262,0.39171155987547035
47,11,0.1428174717066657,0.2162744877399323
47,12,0.3891412451007312,0.19125272232717272
47,13,0.16451674733907629,0.06129752519671605
47,14,0.11347832899512778,0.13775035241262756
47,15,0.19449644424239,0.0860490251713868
47,16,0.08229330955742142,0.0539052204609658
47,17,0.24024154761487138,0.24020128179645006
47,18,0.5591355313773816,0.14454403080685196
47,19,0.16834368501643215,0.16834368501643215
48,0,1.038678249677345,0.41617143192742745
48,1,0.09305679462203287,0.0029633569265694604
48,2,0.11722870807725005,0.18339243803214522
48,3,0.12215784905856619,0.14632994061259952
48,4,1.0481514221012684,0.13945893350145155
48,5,0.35869800309486255,0.029065364873557265
48,6,0.09260078654222248,0.09341001244714597
48,7,0.11622133841060878,0.05670465143243941
48,8,0.14479394453549155,0.146391671774468
48,9,0.3131512119361428,0.28662073016281164
48,10,0.03800826005800806,0.08571547324608897
48,11,0.19939749379160832,0.01682605332939202
48,12,0.27305484703751226,0.19000773956766182
48,13,0.1300612271406436,0.010724914162935306
48,14,0.029729569984649373,0.10948225585991089
48,15,0.05783006855885642,0.015950316816666366
48,16,0.34149765673780674,0.3316132746280278
48,17,0.23168147509630277,0.1284877101084536
48,18,0.07098982904926832,0.10677186778025938
48,19,0.17404642887054678,0.17404642887054678
49,0,0.1725057260403382,0.08362674543513249
49,1,0.20340537405993553,0.23446013629251805
49,2,0.03935475500692398,0.23135197161510312
49,3,0.2864898775746356,0.02830726491763258
49,4,0.04041517844207121,0.08029862574915025
49,5,0.4240100846241255,0.20283092452136842
49,6,0.530050159763245,0.29746071649025563
49,7,0.31135198360546745,0.2321791297731126
49,8,0.05009784232977399,0.09484473581448594
49,9,0.008041607905789672,0.022884257119500262
49,10,0.07675892186241384,0.0826733254432348
49,11,0.07432477048196917,0.13232391376293506
49,12,0.051231782253140956,0.013379214551754615
49,13,0.14440567425962536,0.08621449694333139
49,14,0.1994487851383111,0.19212491109907592
49,15,0.11069008986844597,0.1121300260181286
49,16,0.17088632849044316,0.08856630085585149
49,17,0.3791639720491151,0.4511980928322985
49,18,0.2710694141062273,0.26223037541646477
49,19,0.10816574933696099,0.10816574933696099
50,0,0.7423518576595174,0.12216665190956011
50,1,0.30983962567002266,0.018290149759748076
50,2,0.21758446010983779,0.09007263982182323
50,3,0.08127735094406541,0.03732516738743685
50,4,0.17770691193763932,0.09537450897824051
50,5,0.06221196228779036,0.01515281190957296
50,6,0.1827262037660362,0.27975897992797183
50,7,0.38772063851876704,0.34656364453790856
50,8,0.39585511677804863,0.1482859278200559
50,9,0.2777537915342987,0.13864621852411485
50,10,0.2969172772990887,0.3477963389752503
50,11,0.10056523678829254,0.06044213141555943
50,12,0.2255204041204144,0.27747918968641994
50,13,0.0840428128757158,0.28739808107472875
50,14,0.03394793671680674,0.21490933029952108
50,15,0.05103516125413332,0.28644638891006835
50,16,0.35906261421977526,0.32136996928042194
50,17,0.03694840124956578,0.12926062871038901
50,18,0.33760705414017567,0.18060770975933416
50,19,0.019858733913957316,0.019858733913957316
51,0,1.8464849207358132,0.5170005807290075
51,1,0.3326429549698542,0.26427349400940736
51,2,0.3419570762825672,0.13167041479867692
51,3,0.13585511739409872,0.07140955714694108
51,4,0.3192183333177341,0.22638105887950877
51,5,0.3256367619737599,0.2853616880570682
51,6,0.08877833465068496,0.19914424400443576
51,7,0.08554835886100909,0.06081541953499725
51,8,0.035248948168181915,0.015194254178259925
51,9,0.07473656372342319,0.050767425426225365
51,10,0.07531578205274414,0.2389075127334932
51,11,0.005012057037387496,0.041866154844541814
51,12,0.2503147607013547,0.23742056908984877
51,13,0.13260937488216262,0.2601306089870823
51,14,0.09487800895320353,0.20158928836508672
51,15,0.10120616037974317,0.18659264099774742
51,16,0.18779648110856906,0.011822947759953628
51,17,0.1503602773222008,0.010089403467107516
51,18,0.32833068470248516,0.2431024908408288
51,19,0.12131132967953917,0.12131132967953917
52,0,1.468326736700236,0.15573468943983304
52,1,0.38886816761282006,0.352404226387355
52,2,0.5278670438836723,0.3191437225054061
52,3,0.26265946668691864,0.10730207924376334
52,4,0.04290633656456233,0.18031322082036727
52,5,0.020852045600813884,0.014821678247828096
52,6,0.29708160678345763,0.30835183584692194
52,7,0.005694924598163897,0.03261688957740638
52,8,0.012982743286430676,0.13394617762052174
52,9,0.1362679655834973,0.1278193794461142
52,10,0.45935683408097727,0.05703431523824154
52,11,0.41480721404116405,0.1238942353509751
52,12,1.59424095679136,0.4156046212285389
52,13,2.3028991896624733,0.13703999445049853
52,14,0.2369796679452998,0.06632734777357996
52,15,0.12874541837049946,0.1139893028523229
52,16,0.20039009873966762,0.04841649433607298
52,17,0.3049558536666588,0.35171888453078637
52,18,0.1908817737125421,0.1383682533379682
52,19,0.13602180888591686,0.13602180888591686
53,0,0.7150323065221542,0.17300838470811408
53,1,2.1088643715957343,0.4877465704452799
53,2,2.1379733737921836,0.07914522546086822
53,3,1.8209377016773527,0.10606021522990572
53,4,1.2041266637457704,0.084539295766485
53,5,0.3301419162772423,0.3818316524830898
53,6,0.24005035237601335,0.2596241035628384
53,7,0.39861304332341874,0.3647666329629744
53,8,0.5058557298305719,0.29688486428391103
53,9,0.015432742549315037,0.15312741322592327
53,10,0.002047173647362399,0.15099044056993494
53,11,0.2250864928151679,0.2499078086119595
53,12,0.06742807878975077,0.0001858599472415179
53,13,0.06241803765672893,0.2744975396485767
53,14,0.014584858062003825,0.10698648896380636
53,15,0.014744460962803352,0.10907087442249441
53,16,0.05983896903521657,0.07921805291694639
53,17,0.34133588836126805,0.2268971792069836
53,18,0.028973465879002624,0.11004180967606558
53,19,0.18508604982327004,0.18508604982327004
54,0,0.033164894549891244,0.11546076342342149
54,1,0.043658639177163394,0.1409194708518724
54,2,0.0029409686688199876,0.004043382466941026
54,3,0.2530387639897427,0.28009621638500004
54,4,0.22463822905027353,0.19070001552430238
54,5,0.5710277393535677,0.5392380754407347
54,6,0.13495069003350757,0.17006855546869604
54,7,0.010200902645956411,0.002430474118490622
54,8,0.21021377992645984,0.2947587993750176
54,9,0.03706467476062425,0.021902643307822878
54,10,0.08337589356654007,0.016297130607229704
54,11,0.2856072712582991,0.3092253032203516
54,12,0.08642202594041715,0.13452126105106244
54,13,0.4145273483593783,0.3464839267452815
54,14,0.07867325485971977,0.14111664935901258
54,15,0.44065860292194436,0.3153900842870643
54,16,0.18954575849012745,0.1260662568398523
54,17,0.07036179407552945,0.035486156124533874
54,18,0.11550600839542646,0.02670492707252503
54,19,0.4819501806223032,0.48195018062230366
55,0,0.016572898151033577,0.2098141065132868
55,1,0.24459493250915276,0.21620067175060065
55,2,0.06342371928219936,0.08800276064655232
55,3,0.277743235126934,0.22494828112264464
55,4,0.11796570668697459,0.2722789784800188
55,5,0.15527366866043568,0.09364538922463517
55,6,0.37771374138926106,0.2033161260826013
55,7,0.11346564372514223,0.023311100229503445
55,8,0.035700305850399516,0.16038732391291788
55,9,0.08470337527837035,0.18663693966182127
55,10,0.2136818880496545,0.1104041818574295
55,11,0.19589334360151334,0.16054991213139314
55,12,0.12596091140583532,0.2658382366244707
55,13,0.10763463800208672,0.06545749969173276
55,14,0.3604748136841671,0.31993555420337483
55,15,0.024433247257982238,0.02590286009148013
55,16,0.47290003453511265,0.29555833789495267
55,17,0.374438138764698,0.24707267332121763
55,18,0.344282809448786,0.27588309406785694
55,19,0.06121188363599828,0.06121188363599828
56,0,0.6744230440904131,0.07272714143920656
56,1,0.18322181611035138,0.09506405552533614
56,2,0.907353655332761,0.25714097503919753
56,3,0.12810385695305637,0.0824256982190894
56,4,0.14901849237525688,0.12682146398590444
56,5,0.04737901753088636,0.04736557012220022
56,6,0.10690375666903495,0.18351830414030523
56,7,0.14063230015496408,0.1021476841914879
56,8,0.11351349771364383,0.14875409823986008
56,9,0.9303113373392673,0.2429629230333834
56,10,0.6551304075966495,0.39046827622652014
56,11,0.34493678538744277,0.1264264216811153
56,12,0.08549182142300271,0.1312678187894747
56,13,0.13942384442029,0.0009958352259431535
56,14,0.5182816835266699,0.5519710270512075
56,15,0.04695697663412002,0.1586898585260128
56,16,0.13562543776385017,0.23121905703388101
56,17,0.3960602981725536,0.2908728806550105
56,18,0.4711166136251963,0.48562873660958283
56,19,0.09519188838032999,0.09519188838032999
57,0,0.3282305546112969,0.315273928596163
57,1,0.1508550983810686,0.054051202094236306
57,2,0.44935983277164837,0.1126316184806444
57,3,0.10183681737663086,0.0021909718578374537
57,4,0.057447619729551036,0.028164307808610456
57,5,0.27919544925010564,0.26075444973362716
57,6,0.031837023190226965,0.0215334861806169
57,7,0.07820819582693783,0.05709685994351066
57,8,0.08298142719539481,0.037051565924756336
57,9,0.04832935073796785,0.0904357271360543
57,10,0.42451553743230885,0.3663397679766529
57,11,0.067329218960265,0.0021051223296573163
57,12,0.256952340652993,0.10879884471785095
57,13,0.1313781816706916,0.1219989299218387
57,14,0.14507351206798091,0.02301124175146141
57,15,0.4208545212385788,0.4350026600013259
57,16,0.02064464636043306,0.03754396044712305
57,17,0.3333091516027107,0.30834026347547105
57,18,0.33454491072085,0.16442846926179522
57,19,0.4554214981966882,0.4554214981966882
58,0,1.6466735737998626,0.2802524354065321
58,1,0.015120750732283028,0.029004653437180394
58,2,0.12081219264874044,0.1520985111171127
58,3,0.40146635115362983,0.5166503711125285
58,4,0.01841571900260508,0.13631242236896135
58,5,0.028726413803702222,0.0788475764867913
58,6,0.25811900006741517,0.38659335434445197
58,7,0.10010334916866981,0.09906579736412358
58,8,0.3952253829184018,0.2805018329993727
58,9,0.1052132524394418,0.19406740242507592
58,10,0.08044634422959263,0.037549908684402666
58,11,0.1763867990624104,0.10976739925673895
58,12,0.17790058591432167,0.22631468291279866
58,13,0.01337474998367627,0.021748458950175298
58,14,0.33186397269720436,0.37936684218981087
58,15,0.07172787518627244,0.06383522320741264
58,16,0.2137466181622414,0.41795970352299205
58,17,0.14159658567149647,0.12108047615703077
58,18,0.16558355466118257,0.12339643105533993
58,19,0.1523739228073575,0.1523739228073575
59,0,0.6299545363054189,0.10525921388793291
59,1,0.08710303286867926,0.22514077793775478
59,2,0.1362423377698354,0.05613343055665698
59,3,0.2291388445130189,0.05336729666520501
59,4,0.20425034753317028,0.40741892656581324
59,5,0.3083070348490131,0.3452285137345239
59,6,0.2673042890639543,0.27495365698548735
59,7,0.1582540926625695,0.16891496982152931
59,8,0.1525414527207518,0.06046342451987963
59,9,0.1680419645479665,0.06940599168746253
59,10,0.5911436258424088,0.35227477455036116
59,11,0.19325063756624372,0.13525982969179928
59,12,0.36804250037883923,0.289519224288294
59,13,0.06814580398844328,0.10703444057994815
59,14,0.10799162112521632,0.3085338387466079
59,15,0.38670191063296944,0.18093013985688167
59,16,0.3592643530301389,0.026079804358421832
59,17,0.09846712116255452,0.07639171093272168
59,18,0.29708081664709196,0.13331728158354794
59,19,0.3122254294075373,0.3122254294075377
60,0,0.3798028194479519,0.2735939946118391
60,1,0.13194570831423835,0.13947767437098424
60,2,0.21321664736521306,0.09488141189151289
60,3,0.006774855575337746,0.08262367496920664
60,4,0.1482377021038923,0.0584079471669412
60,5,0.26832022876442796,0.056954852522003385
60,6,0.25882787868878676,0.30765548643750673
60,7,0.0928246226850753,0.027437322206968595
60,8,0.2655159127728943,0.22840976417425285
60,9,0.013460846113616753,0.039805039912026885
60,10,0.22682106310860206,0.20373699341234808
60,11,0.37589883134766566,0.19371284571253344
60,12,0.2682897924263594,0.13501780402660657
60,13,0.0036691288209143025,0.062439160737927324
60,14,0.25825007574413394,0.13398755073934687
60,15,0.2677820373487343,0.21380513057447903
60,16,0.03942298632413532,0.026419767364774138
60,17,0.4779165779262389,0.39465136428645486
60,18,0.42719245995280986,0.30943201201808535
60,19,0.3851660430555919,0.3851660430555919
61,0,0.344938149821421,0.2600332952950608
61,1,0.3156145678272315,0.4168617756653381
61,2,0.4219803830110713,0.2965671831485963
61,3,0.31446665022817744,0.1507545961446235
61,4,0.039298412073807576,0.06317805090533035
61,5,0.06297643605161518,0.2764584633877032
61,6,0.5061138447318205,0.44773565462603226
61,7,0.2836206903280498,0.24895687226923702
61,8,0.09097084637113895,0.17966440634602598
61,9,0.3216096314816239,0.20285122206154949
61,10,0.3516435742756574,0.2223572172751549
61,11,0.06757916451942592,0.20176539955165929
61,12,0.34112022674362397,0.26224992023855886
61,13,0.38787931313979485,0.18098725657849624
61,14,0.48623762797986814,0.4082199265632518
61,15,0.04122030725714776,0.08411973727909317
61,16,0.040957031403569655,0.047694493112482306
61,17,0.08466778483047,0.05000807775793392
61,18,0.2980463336202348,0.44381363617810266
61,19,0.6439615071401654,0.6439615071401654
62,0,0.7613004097576916,0.21242314736608714
62,1,0.19169297215705905,0.10107007669415857
62,2,0.18445604654222691,0.20623112117657794
62,3,0.23319207814112897,0.09083561855635036
62,4,0.032395656633034786,0.027176749175463755
62,5,0.02244765098773671,0.061504233250755824
62,6,0.08296740487136,0.1754543831990545
62,7,0.27013545356809754,0.3075151754412033
62,8,0.3287232131326987,0.029271541155405867
62,9,0.014983358515250345,0.04082749548107989
62,10,0.39542898763585965,0.36412307549661627
62,11,0.07519509375251987,0.13878511753099732
62,12,0.25893108521268404,0.22086060594129497
62,13,0.2657731832179957,0.15387309565754315
62,14,0.02185659541416829,0.11951653243925486
62,15,0.44257290569995833,0.3275528593123678
62,16,0.25747103729132714,0.18125898659321837
62,17,0.2669295036866286,0.06908314126181736
62,18,0.41458295852748517,0.42499051708124114
62,19,0.2572042082856898,0.2572042082856898
63,0,0.33620246154914835,0.11813320706686437
63,1,0.132319817573344,0.03368178877624839
63,2,0.1562002378878775,0.16155602787792223
63,3,0.19097650475214145,0.32007053762860327
63,4,0.16677033156389331,0.05495186165791566
63,5,0.1292877542903259,0.1345612363898523
63,6,0.014989894927778025,0.019488693639913457
63,7,0.005957149690173136,0.18181197185511122
63,8,0.15151596321148464,0.08275124054797578
63,9,0.16681088731377436,0.05514059898036372
63,10,0.2699928414094357,0.30963889694817315
63,11,0.44365046942723163,0.4121614362047272
63,12,0.2047791065317046,0.0400929784694406
63,13,0.27590154340977824,0.04709959765812499
63,14,0.06490763381429732,0.0733104285673769
63,15,0.4433684760169676,0.17919351280101337
63,16,0.05686262360875016,0.08822899609316881
63,17,0.1245680926617343,0.25325288114427913
63,18,0.15332851331624653,0.1454273758781346
63,19,0.36860039966693847,0.36860039966693847
64,0,0.06899333084173342,0.04191330332554344
64,1,0.3781138516695277,0.0595849320384616
64,2,1.5613811729674705,0.2464015611847561
64,3,2.1211406526114205,0.10757841319167305
64,4,2.0086831375172434,0.1939180544525856
64,5,0.3036785112079343,0.18813035582575566
64,6,0.01918601138933873,0.1086212104997557
64,7,0.2513213291967178,0.22253701714888763
64,8,0.06694412379669412,0.13009268748142944
64,9,0.14121152687973115,0.09220146857384925
64,10,0.37114666220380865,0.4445486378742638
64,11,0.575508864240363,0.404225379725462
64,12,1.424200546010706,0.2698324004629349
64,13,1.6736883178474837,0.09714788556078258
64,14,0.2197621413923514,0.1155534925072903
64,15,0.19270180149523064,0.15485959783867287
64,16,0.061013250359529536,0.1250929180551994
64,17,0.2921025232630807,0.30681715606422877
64,18,0.43800360215317546,0.353346019476664
64,19,0.04376300851772896,0.04376300851772896
65,0,0.7265689138430242,0.09623525751807316
65,1,0.026011630109464612,0.11823150600981425
65,2,0.04036105775010723,0.030072754822339398
65,3,0.0018638078326018714,0.15788373814414847
65,4,0.1355994889833254,0.07561537539200858
65,5,0.403040059613172,0.2615590032457966
65,6,0.20311006948901555,0.24163865587810474
65,7,0.2926849814229331,0.42742455781531685
65,8,0.3456203168972225,0.2962886832592213
65,9,0.02126720681273353,0.009708823103119713
65,10,0.06677188777787801,0.09167559264539848
65,11,0.2746424063965267,0.011774492731047914
65,12,0.12119523177719582,0.1867200683673813
65,13,0.16344398138201033,0.1697593416667198
65,14,0.10768351492922434,0.12259606932691103
65,15,0.32254868970006534,0.2429387040590134
65,16,0.21916256816654656,0.1328502843487236
65,17,0.029787380989365175,0.14339196473232274
65,18,0.15071918923332994,0.11382359129330588
65,19,0.39475332601710633,0.39475332601710633
66,0,0.9596875674328986,0.3908087113138148
66,1,0.4520643269446003,0.4466794802340681
66,2,0.1642462834370475,0.09139081246556113
66,3,0.18854299065966895,0.2425711841602034
66,4,0.2425526190225824,0.22353073046418714
66,5,0.01155621304295007,0.010042151097503726
66,6,0.14899728779853394,0.07022522756331373
66,7,0.013239543855302571,0.14376581764815466
66,8,0.2579639100570992,0.2083999587831764
66,9,0.17502003601493676,0.061576612078958703
66,10,0.3538734814952331,0.016881020057940788
66,11,0.22363681612614883,0.23750122038666
66,12,0.32247696466456865,0.17066261572874275
66,13,0.07761389776211924,0.0927166376145836
66,14,0.0682670772572802,0.07154348138643929
66,15,0.05816058896378706,0.011289084664269033
66,16,0.3165214450665017,0.36528658420771976
66,17,0.21080645209118298,0.12915450800689943
66,18,0.02492759641546094,0.028905846115614864
66,19,0.32992797566553644,0.32992797566553644
67,0,0.14269730050788532,0.06275750390773993
67,1,0.1777122634709727,0.18827959186877852
67,2,0.2900520184776818,0.24841907228195748
67,3,0.2278894690498321,0.25523175547241106
67,4,0.2561041416065182,0.18092336120725694
67,5,0.2637881024499755,0.08763754603881235
67,6,0.13022707516092602,0.10267607491409514
67,7,0.03340865253461445,0.057096302905485175
67,8,0.15357272579712333,0.15392814083428075
67,9,0.07484208247858248,0.15285639272357887
67,10,0.09099867780594373,0.020552901428877668
67,11,0.1743818607402785,0.11119980045158151
67,12,0.19184772365255665,0.23005460740941697
67,13,0.24702933625079115,0.2907451309337894
67,14,0.29251701410867703,0.32754051703004183
67,15,0.321809941939585,0.2625155478840373
67,16,0.40364514596182666,0.424495391726591
67,17,0.04702977476589609,0.009455183297354175
67,18,0.2445838504679534,0.17532662295199497
67,19,0.08051580356449861,0.08051580356449861
68,0,0.2895702707859975,0.07752552414136549
68,1,0.26340930951333785,0.051087866646880364
68,2,0.27562975716466553,0.07502338150042132
68,3,0.060235119316645935,0.044959655956203104
68,4,0.12177838945909603,0.051118052440905615
68,5,0.029266887819354714,0.004793695076118709
68,6,0.25652159210574244,0.05658255459758266
68,7,0.5128079858644146,0.28140787713390836
68,8,0.13189518032610748,0.08554617767735984
68,9,0.09051204216704578,0.10778356809245127
68,10,0.05571395526742151,0.11283444469509174
68,11,0.053895052585675174,0.24697679594463118
68,12,0.08737011191286737,0.039677947764377386
68,13,0.33922708828086545,0.19456227067362653
68,14,0.04876109414211305,0.07334234277190976
68,15,0.14043957321355105,0.457728750427739
68,16,0.38467095310642296,0.23835057733622822
68,17,0.15516120108198006,0.13372754025933986
68,18,0.16956070560574554,0.024862356694840493
68,19,0.17607328810562084,0.17607328810562084
69,0,1.727326024075321,0.31033716315492743
69,1,0.26032521348559445,0.1946010163372689
69,2,0.5999183015306153,0.5646540394313133
69,3,0.3240549351276423,0.3387115806899308
69,4,0.15070421652981203,0.12899594162459405
69,5,0.2754879535865751,0.39418008517712977
69,6,0.05024064305684384,0.0411565451040552
69,7,0.746701785608995,0.551796931103333
69,8,0.41039940266008834,0.3012520967822194
69,9,0.01726175872465685,0.08548054666296068
69,10,0.5819130791438529,0.45885130897907844
69,11,0.39357750180080187,0.2949744284632394
69,12,0.40443577554839605,0.21808162948767906
69,13,0.10962953129276842,0.139190623690026
69,14,0.03325169778952208,0.014620246102989842
69,15,0.3867943390037727,0.11960162057680845
69,16,0.19119043105828126,0.20201287449151506
69,17,0.6047172714144304,0.335936410205929
69,18,0.34825030945542323,0.3239998361392358
69,19,0.15377784737502997,0.15377784737502997
70,0,0.40686504257027734,0.43597081856497866
70,1,0.05226531940694956,0.2764566179312138
70,2,0.07719172009627417,0.059331994432286095
70,3,0.0791179724824147,0.02604202984600512
70,4,0.336375340050874,0.19556060098901185
70,5,0.31506105491087855,0.26961253071164837
70,6,0.03513777468061363,0.09070812633735414
70,7,0.038472793834031904,0.07551870993767196
70,8,0.24852392325422468,0.06909564848242677
70,9,0.10678190219377637,0.19378293049204842
70,10,0.024152951783509735,0.13915330413720906
70,11,0.1004540891418495,0.20234424918237082
70,12,0.08777184670412197,0.12490686562366626
70,13,0.24654898539898795,0.23160750948081077
70,14,0.12029217628374322,0.022591660212865072
70,15,0.33868857258284724,0.4786507992137281
70,16,0.16585430702564707,0.07884674622479082
70,17,0.12094986837507538,0.23037580607192076
70,18,0.4798763697776032,0.4682292394932439
70,19,0.19732061394755096,0.19732061394755096
71,0,1.1176849440759673,0.01655473030756216
71,1,0.0903358892693138,0.18841908632942683
71,2,0.08464428851815331,0.026915907518726634
71,3,0.08042604159331379,0.10793634669529695
71,4,0.0778965512228611,0.07249291193265428
71,5,0.36241220982497513,0.25734246462565746
71,6,0.6246700701088148,0.33742913379241823
71,7,0.23101830935825163,0.12593361381116353
71,8,0.2584923533761767,0.1292489056708428
71,9,0.2100034894696714,0.09272156242286034
71,10,0.24389511355771631,0.09789538073975113
71,11,0.16454756950849347,0.1688029617349196
71,12,0.06594783890873668,0.18926205554308595
71,13,0.01250931267661759,0.15608125927575411
71,14,0.29603167169224687,0.3108589066837766
71,15,0.2440618036616451,0.14969755516514383
71,16,0.1117330558932772,0.15539522140101836
71,17,0.322018436077677,0.11550683812465579
71,18,0.22832690806393785,0.44810792725100335
71,19,0.2980138393343488,0.2980138393343488
72,0,0.11685898927918448,0.27006808746136857
72,1,0.43055602671480786,0.44202858168007
72,2,0.12463877936311718,0.10462304737568795
72,3,0.20691692177732257,0.07575878270770353
72,4,0.3026860888293976,0.4099672988702583
72,5,0.0572115787429075,0.18204344571363285
72,6,0.3851950577208769,0.27695374174683085
72,7,0.0009738543967112712,0.06661329222959456
72,8,0.20970289054549518,0.24941819536330545
72,9,0.15189198649625846,0.21332905211870434
72,10,0.17011120518248068,0.13394322929327984
72,11,0.3771825528288013,0.28651804931083724
72,12,0.242430271927784,0.40203962303006513
72,13,0.14266203328074578,0.13240170803549578
72,14,0.14547219926185573,0.14187451940240958
72,15,0.003283693321663783,0.023905259449852334
72,16,0.10472268538674623,0.02092237056151358
72,17,0.21884048709722137,0.18278086712872588
72,18,0.1041029461159475,0.17003344893693217
72,19,0.40101255278880155,0.40101255278880155
73,0,2.265414511087883,0.14138148468761447
73,1,1.3540776998182127,0.004546784477025945
73,2,0.27657046858831347,0.15008848085588689
73,3,0.16810239871203692,0.19134950202479262
73,4,0.12796312341827054,0.08861520013203794
73,5,0.06804178436797592,0.13766473445617722
73,6,0.09776238459434738,0.10065985659423449
73,7,0.21478554325933974,0.2555340357752982
73,8,0.5317751188888353,0.5545228911848152
73,9,0.43556367206737345,0.5215730881965861
73,10,0.26936786167623383,0.23450369663296167
73,11,0.23533527777820318,0.35392715831919697
73,12,0.6099126820753953,0.503021444841234
73,13,0.013729969465815284,0.16714381614661988
73,14,0.12638043767417306,0.21137167229864273
73,15,0.11321412322623337,0.12340338240342463
73,16,0.08393190328254052,0.011588195286600822
73,17,0.002962509174846417,0.05628482461617734
73,18,0.0878144515084247,0.14264821961549456
73,19,0.19710330759233052,0.19710330759233052
74,0,2.196407042033347,0.3634228550884018
74,1,1.0817202362194434,0.28206765313762805
74,2,0.655668516663503,0.42685057250491587
74,3,0.2787040099863267,0.311282421603015
74,4,0.37430651940872206,0.3606661706172982
74,5,0.06922200260740352,0.06620246216035719
74,6,0.19851457957731888,0.23002482985201267
74,7,0.1051043837757395,0.12926216081881758
74,8,0.043637718564708106,0.17521884016179934
74,9,0.10057343044112077,0.04275468075600797
74,10,0.23215881323859477,0.049858834426260934
74,11,0.07700274131102791,0.07718927982481416
74,12,0.2211478890357692,0.167756250868754
74,13,0.050181827675666035,0.0176807267208412
74,14,0.03177247253007209,0.01393268729193986
74,15,0.06536833541915943,0.11326707735004238
74,16,0.21923421122390963,0.13462054610506646
74,17,0.05551445643386188,0.15634350056088397
74,18,0.5392120365720019,0.32575396951173996
74,19,0.17938823677157512,0.17938823677157512
75,0,1.0274446519642009,0.09699631273525
75,1,0.006080034386274136,0.17369982256613126
75,2,0.15756042625340738,0.350041640960542
75,3,0.00649572686687705,0.18056936713331373
75,4,0.04340883297896303,0.25301149420557323
75,5,0.2420500741174223,0.15132736754007903
75,6,0.27088738642836985,0.3589243517928531
75,7,0.20800104863502655,0.1654055430998751
75,8,0.06312422748489066,0.03149176578523516
75,9,0.3418688070053957,0.26645890452360144
75,10,0.006012031693828135,0.16619676683277973
75,11,0.3941427939067048,0.5001312757301144
75,12,0.1073102509088475,0.025937040328154914
75,13,0.06785975055236815,0.09866063070164621
75,14,0.1773111435967767,0.2167581840686843
75,15,0.19661261447165668,0.22193108006522877
75,16,0.14068109373523718,0.3502909254030522
75,17,0.2516882798211153,0.037268652966588434
75,18,0.2518837126575928,0.024457265360713798
75,19,0.1637714963918402,0.1637714963918402
76,0,0.6255711157366655,0.1265587374386863
76,1,0.31869506337334297,0.4256066380075554
76,2,0.052510579070263574,0.06519919300657717
76,3,0.08322773566772224,0.14197046908454025
76,4,0.1342879010161746,0.17163276983433073
76,5,0.10844103969342367,0.011355677993847735
76,6,0.05111470301757315,0.04276089033331276
76,7,0.5064262846595535,0.3927278254472042
76,8,0.38557998263378046,0.2141164769649766
76,9,0.3510105366143237,0.22980182147249417
76,10,0.40656328101916817,0.39596449308704784
76,11,0.2985848497368071,0.25721707095062385
76,12,0.28799103832470685,0.18230448323157677
76,13,0.12125882696616808,0.08165427018318638
76,14,0.19371248239308336,0.2891262274897297
76,15,0.16356988874836054,0.05122894848543247
76,16,0.07904017500180549,0.11916736016845597
76,17,0.2052008005488033,0.202853803433241
76,18,0.42380832102133814,0.3082287186000783
76,19,0.0716483035195159,0.0716483035195159
77,0,0.4554752599270735,0.22303218472615294
77,1,0.961124537423732,0.12817434330476374
77,2,2.0829822760477272,0.44435833908327327
77,3,0.1783028307804826,0.08461983270586426
77,4,0.0416351689838641,0.10883101383113036
77,5,0.20318504389294123,0.07723813396009493
77,6,0.1300063539988754,0.09627108770965176
77,7,0.20139797033125761,0.022346997630982912
77,8,0.19648975234324517,0.09859836662305721
77,9,0.5208110814425293,0.22514235762023116
77,10,1.5655593683910323,0.2598012998406074
77,11,0.16422718939561687,0.19662429856138086
77,12,0.05249168065337484,0.11106197516281746
77,13,0.09893449705189772,0.13748147997688553
77,14,0.09835263118625726,0.07038293287482622
77,15,0.014580705652488923,0.053105081135875754
77,16,0.23049431142612375,0.3776024686668631
77,17,0.1731778045481942,0.1578131644988261
77,18,0.29261933741203894,0.17390207276221314
77,19,0.2975350743578993,0.2975350743578997
78,0,0.48147986502984086,0.1551446693202827
78,1,0.2099561500550582,0.03620968590973739
78,2,1.871703832813373,0.19741592457605872
78,3,0.00814939598321196,0.115597171908834
78,4,0.15482132648964075,0.004638826989967981
78,5,0.041195994757717624,0.13863879365080534
78,6,0.2634662784984787,0.21946339898593248
78,7,0.06247224384462191,0.11530558445620631
78,8,0.2948933198030623,0.050331648322941014
78,9,0.03709813416850283,0.198243352703674
78,10,0.07581163913523259,0.2641914427553731
78,11,0.0874409054919596,0.28588979619802934
78,12,0.6328215114740248,0.6401577100473981
78,13,0.01552587147011586,0.10951709864650816
78,14,0.26855153178941826,0.27412782448528006
78,15,0.0011086198832952476,0.08989328535567065
78,16,0.21202197114694066,0.03289763400207946
78,17,0.03255503634658918,0.03659118914825177
78,18,0.33788910951707596,0.20511299313342546
78,19,0.09447033686525153,0.09447033686525153
79,0,0.06225758786706148,0.11885103071230674
79,1,0.32399224233812696,0.217968533221784
79,2,0.5671512996175929,0.46547485464663385
79,3,0.054502741205396,0.07790626766349718
79,4,0.22677942237261384,0.3348525890202563
79,5,0.28082248479589467,0.2414582991271761
79,6,0.13996897546477172,0.12560534212792973
79,7,0.20057444048672135,0.19074940546046015
79,8,0.07348181787373242,0.0225001818466799
79,9,0.05117868781087509,0.0315686215681632
79,10,0.4762480075349611,0.3190789207943956
79,11,0.3055456785168147,0.03729631897103758
79,12,0.9051108935728625,0.3221367126877839
79,13,0.19456320954292972,0.11299303634834423
79,14,0.1250042857584912,0.07327908319394094
79,15,0.1519465678686287,0.11495993352248002
79,16,0.15115607236790307,0.03091135615140317
79,17,0.15546679892513637,0.09927228451520609
79,18,0.2444530650257688,0.14845455153927833
79,19,0.13416604153096756,0.13416604153096756
80,0,0.10411894675428979,0.07507939792679696
80,1,0.34340857593835494,0.3999409695416727
80,2,0.11763911864839383,0.3048058054737952
80,3,0.2066452220725914,0.21190012032903827
80,4,0.03304949526134848,0.07653741295661654
80,5,0.273037021245357,0.16396276306566993
80,6,0.29992094175498263,0.0821983542044098
80,7,0.022959014179877002,0.10279573961530009
80,8,0.07083754991168423,0.12928228425491017
80,9,0.05278113942079443,0.03770001683231072
80,10,0.24954177964554258,0.24887089635160287
80,11,0.14361884016212256,0.11836423420525977
80,12,0.10361510190072032,0.028575494624964115
80,13,0.3181496385131668,0.25458786853473114
80,14,0.036475204664910166,0.012953741590036927
80,15,0.21127492424017724,0.17741273463759555
80,16,0.18802824695875664,0.250156898199986
80,17,0.4401305982205166,0.4510649989231563
80,18,0.11667423957847234,0.08598748199563122
80,19,0.177256845124786,0.17725684512478512
81,0,1.1795983837877815,0.39599989172261285
81,1,0.8185874770237476,0.10818370066019423
81,2,0.29586382355219687,0.07223548072460506
81,3,0.19789529163358655,0.14910574050848346
81,4,0.07801906725143226,0.1218697715935777
81,5,0.402205564313304,0.29342658324461546
81,6,0.3067815658738189,0.2031136504351041
81,7,0.12282939411388227,0.08190922370947362
81,8,0.5367665072780792,0.2714515649529634
81,9,0.2766510853544082,0.21923566335672096
81,10,0.020371920414985922,0.06476900356450432
81,11,0.02109875789335902,0.13089264336522444
81,12,0.48301315009344226,0.43069204117001814
81,13,0.0595565899565802,0.3110339046994275
81,14,0.17290845023716095,0.2055163688526518
81,15,0.6403489024638169,0.3334461792522925
81,16,0.7935134844462013,0.26996996607789825
81,17,0.7943270569576306,0.08563031945397537
81,18,0.5567541101951865,0.31313676894085507
81,19,0.22655203873195706,0.22655203873195706
82,0,0.4784762141051999,0.034397599501927445
82,1,0.26346241685604,0.16010907455444245
82,2,0.0009471090750632349,0.04778768357822383
82,3,0.1201496590328528,0.043310206665242656
82,4,0.14220954349871828,0.005527478550547915
82,5,0.47906919055163755,0.3322473804921646
82,6,0.17865803575286598,0.12022586807448477
82,7,0.1325859819561961,0.19009740387501228
82,8,0.5538114136547767,0.4350380920774404
82,9,0.123648198620816,0.0024824829412573024
82,10,0.2561680622473004,0.08838208680082182
82,11,0.4585637217390959,0.06946074558186766
82,12,1.0896931866092352,0.09831822953389446
82,13,0.11719916898782223,0.045470862280415414
82,14,0.2917265324385214,0.1281331828040675
82,15,0.0710849995300209,0.06917343696586409
82,16,0.16745527195829135,0.04483167753557371
82,17,0.08649999290461396,0.17474171592969512
82,18,0.42688654450406105,0.589650593430795
82,19,0.4016275838445207,0.4016275838445207
83,0,0.7767641476254061,0.010542455317719579
83,1,0.32051504355956784,0.344732162382277
83,2,0.20990165104781422,0.1355353371762229
83,3,0.03302547430228042,0.021096126391539016
83,4,0.042899218661495375,0.029681760924897382
83,5,0.14834291513813458,0.2194768562242997
83,6,0.220596323009846,0.2728719248691984
83,7,0.03715824002890589,0.14642375757461767
83,8,0.6357410463005664,0.5683237651359594
83,9,0.033852144287250585,0.2709750513050264
83,10,0.21778504859617076,0.12159549751260901
83,11,0.18202699977744796,0.3201229277564295
83,12,0.5430094180216054,0.34705850092111934
83,13,0.06148889171209859,0.029446150849577357
83,14,0.2642387849367127,0.2926442259042794
83,15,0.02939264866873792,0.012725678593099587
83,16,0.14846615595387025,0.12266318493341366
83,17,0.003115304659718099,0.06670477307351508
83,18,0.0751604832117021,0.024553853984391694
83,19,0.042988491818790386,0.042988491818790386
84,0,1.6061835272457248,0.19803877759524013
84,1,0.97280921311149,0.10229179139237488
84,2,0.33690168640151796,0.23945068685329352
84,3,0.45108090358712216,0.48694247043977246
84,4,0.27057484997022474,0.2224170073609124
84,5,0.4135795083425995,0.49680017136299703
84,6,0.3573009456598939,0.41465596395398796
84,7,0.17046303404254148,0.11148549583686318
84,8,0.4639791564519853,0.22339218384678805
84,9,0.5673501303399671,0.3186427614184666
84,10,0.028260184307422165,0.16403934876736326
84,11,0.4566586675823734,0.28970600776817035
84,12,0.02458005929713769,0.09472863780049234
84,13,0.1322577460494001,0.10505050709522568
84,14,0.026915984807638793,0.026315223834498358
84,15,0.18263468632503788,0.22665659801094318
84,16,0.06510616592162322,0.011984490042902696
84,17,0.6205186462126968,0.46788533507664454
84,18,0.5218367529319865,0.46038694645231804
84,19,0.3674118165511775,0.3674118165511775
85,0,2.586098119526664,0.16204137911192662
85,1,0.09427339560010006,0.14186893203060924
85,2,0.09963820721398164,0.1374962663145589
85,3,0.39035079999074984,0.3013972266408329
85,4,0.003099787585313596,0.15393434335513678
85,5,0.16550960468533837,0.050949461637022075
85,6,0.10113477504448332,0.04720569181758494
85,7,0.01744429120774349,0.010838936573656532
85,8,0.15924653497809738,0.2319635573506682
85,9,0.23297590645455868,0.38491254854942225
85,10,0.25788121902941885,0.10626065481023828
85,11,0.06638401120070325,0.08330470476906182
85,12,0.2557908224248906,0.2668087902691223
85,13,0.037459682506252534,0.0598761950150708
85,14,0.2504786906674479,0.18695199882880464
85,15,0.09306082547111139,0.21537946398525776
85,16,0.1426915388670258,0.3328693290418765
85,17,1.1584867670834278,1.6819892528654847
85,18,1.419515220423861,1.9525364169793997
85,19,2.0620150785132676,2.0620150785132694
86,0,0.8967548270090724,0.36295099333179115
86,1,0.3632096402182632,0.16112565729381068
86,2,0.33181881788926226,0.05972046445862489
86,3,0.024142334065178517,0.11348395812431722
86,4,0.03677201315746714,0.18809269742677825
86,5,0.4698947992754845,0.17812100830261635
86,6,0.02959576384375051,0.3091227723027705
86,7,0.026743819763179744,0.017456449332629465
86,8,0.0038444704628473048,0.06581326512952712
86,9,0.007556557872014036,0.05937021318140134
86,10,0.24336618876305804,0.1782062220132521
86,11,0.055569848178824266,0.016546046619924315
86,12,0.02318542249000677,0.11665325237233182
86,13,0.22632779077593845,0.05791141614738393
86,14,0.26070523619881314,0.004426872541425375
86,15,0.23139833862306336,0.043136601982629585
86,16,0.002919715720433924,0.17743229072765931
86,17,0.125965714837601,0.0749569597958808
86,18,0.039910766313676405,0.13720910631477867
86,19,0.49134523613174474,0.49134523613174474
87,0,0.3300347095577534,0.21265757648153016
87,1,0.36005708328646424,0.280385558470857
87,2,0.37337361016761594,0.3397421628774424
87,3,0.2755290812404425,0.285936046372699
87,4,0.03838478803620582,0.10386593619597484
87,5,0.24004893280122275,0.24192628179458175
87,6,0.2203173066532047,0.16557519340923843
87,7,1.3451892697923764,0.2818578694446243
87,8,1.9833933005224775,0.08823243474269216
87,9,0.03932819883324079,0.03758910543767868
87,10,0.15571368986802891,0.0744551532919635
87,11,0.281160112976238,0.4860135228988076
87,12,1.4712939563398217,1.5542942703077207
87,13,1.8329819535650067,1.9686949586861404
87,14,2.1266088321864434,2.1660368441764426
87,15,1.9753222465257467,1.6567675548216991
87,16,0.5543997765820574,0.9006917931546052
87,17,1.530627139866076,1.8808127938204793
87,18,2.354523124154678,2.5433080660492067
87,19,2.5948293511782055,2.5948293511782055
88,0,0.15039451034127715,0.1775821569228011
88,1,0.15291507961111162,0.005362382490412543
88,2,0.07529304817014282,0.12447995208943574
88,3,0.06900013235131386,0.12005767731794315
88,4,0.23041778645984623,0.33239217454291037
88,5,0.23702289800604026,0.174841334210333
88,6,0.423832421558584,0.23561670210609797
88,7,0.5503000484117733,0.4285620212996162
88,8,0.8280476793442322,0.7205496348800038
88,9,0.1853845783914485,0.15869520912871948
88,10,0.18479212439052706,0.19749180020275192
88,11,0.017024826399687498,0.09866115863846758
88,12,0.15784245309915645,0.2476775008440022
88,13,0.03751912294332804,0.056558780617719684
88,14,0.21268788278213435,0.22400355539542494
88,15,0.01357302016158668,0.03500917810220905
88,16,0.11441297843381726,0.14294136318572903
88,17,0.268615533636948,0.37483373558874966
88,18,0.07063959388217,0.0863394709119083
88,19,0.024708003687629265,0.024708003687629265
89,0,2.2139385418101662,0.43491940929604134
89,1,0.5610335270579832,0.26663658535967016
89,2,0.07199186598617491,0.10217166605792727
89,3,0.06646804902196424,0.1009083301241831
89,4,0.12315970047250913,0.022452725713304034
89,5,0.032345795593670346,0.26348068747298514
89,6,1.6995228192684269,0.18446751121616423
89,7,1.653395456657222,0.17540779005028817
89,8,1.613461654629936,0.02987101743479137
89,9,1.588637554769579,0.6918728048542757
89,10,0.6628527244813727,0.5179317477118301
89,11,0.4378838575220563,0.18842476929188035
89,12,0.3025582258457389,0.2620423432072583
89,13,0.14858028766652076,0.18017125672228662
89,14,0.1462660525617414,0.06524382788825722
89,15,0.26016223649221715,0.1525033067993249
89,16,0.20066993454019766,0.19232654580000297
89,17,0.32639928817467734,0.4050952748575716
89,18,0.018446218122064373,0.0054823704549011865
89,19,0.4297443191061179,0.4297443191061179
90,0,0.12426204028099175,0.3315653218649559
90,1,0.09498531094153684,0.052017067871211964
90,2,0.180354796999052,0.1607048485832121
90,3,0.3204921217082264,0.2856720217801212
90,4,0.1904346345387964,0.06163678859264987
90,5,0.1406145572962374,0.07362246921207083
90,6,0.3596918272993519,0.3813987653521007
90,7,0.3128051170753605,0.13815553014026616
90,8,0.2292483988605074,0.1708368293886764
90,9,0.17545325030043513,0.058068341779714316
90,10,0.231401344226148,0.22818902299616806
90,11,0.6720321427152349,0.6157383078340941
90,12,0.4725519651592833,0.3641322396536735
90,13,0.14113775863212608,0.0060595047534603985
90,14,0.1010714142425524,0.13488203784945263
90,15,0.05884360591695348,0.17592736142088938
90,16,0.19191129217242597,0.020299205454543223
90,17,0.12580072745958537,0.021234608338914995
90,18,0.08027664169738014,0.23821213582575673
90,19,0.23836669716070968,0.23836669716070968
91,0,0.807863834471088,0.25888595428292227
91,1,0.11189922336802738,0.03615449056614928
91,2,0.19827092677422264,0.21060405159474715
91,3,0.1907640011383176,0.07906714865488507
91,4,0.346943082312154,0.1710510887967862
91,5,0.07226381102165913,0.08815275603862727
91,6,0.14548714183855527,0.13893725593789163
91,7,0.42269882468845665,0.08518022174307038
91,8,0.5705867698091547,0.2565365496684153
91,9,0.3621756828119933,0.08050851017566796
91,10,2.86046394013562,0.15690652360609203
91,11,2.5537378148270964,0.03811692154307966
91,12,2.6096796552379278,0.3818528265829322
91,13,0.6012577766459302,0.06816278479234228
91,14,1.7511375599766428,0.023159851764218864
91,15,0.2848756389805258,0.1327179808591703
91,16,0.24936728537326935,0.12313859690420426
91,17,0.48513625424692597,0.3496691750538772
91,18,0.4496971921454551,0.41494770756201493
91,19,0.22633954603112816,0.22633954603112816
92,0,0.4392795701385461,0.587162638000569
92,1,0.10970164417127792,0.03554773730041472
92,2,0.21238865707554933,0.2336109642267945
92,3,0.06984255979936727,0.11703327163260946
92,4,0.06859749071659893,0.038961669468932314
92,5,0.34625804628485835,0.20287052181624388
92,6,0.1840418797997021,0.22946313965162624
92,7,0.27284381938850766,0.18844948211112778
92,8,0.26260527685106316,0.25721783036405377
92,9,0.41105219919825364,0.37693330735436836
92,10,0.158559804738871,0.12225867871861196
92,11,0.05465614595495705,0.06654258988534556
92,12,0.2558325413052174,0.12837205718642108
92,13,0.015478193199561119,0.023527843470834142
92,14,0.15080517032509677,0.2416046941818335
92,15,0.015242722192485125,0.10418325682591556
92,16,0.4199989340758634,0.4337879207658455
92,17,0.23306437465176622,0.06242450629947305
92,18,0.11702668970976005,0.15800869733681733
92,19,0.06679689539194911,0.06679689539194911
93,0,0.00516397124379564,0.03067113724366699
93,1,0.018178626033735767,0.018573453568873077
93,2,0.2700919269770159,0.13472269837784268
93,3,0.1463205397169638,0.24047968710572398
93,4,0.11343157887593769,0.056697105004235304
93,5,0.1684582039547644,0.1056915210603604
93,6,0.10205749970611766,0.0006478720989209208
93,7,0.05220629795706877,0.01166182475142108
93,8,0.242951364056597,0.1326803975379729
93,9,0.24125778823419974,0.2119850107683634
93,10,0.31964972535098024,0.290301377570624
93,11,0.18922524832769483,0.21559961866647104
93,12,0.15464141632517148,0.1090520508530286
93,13,0.03824461211806174,0.01550091996409897
93,14,0.2688536620946884,0.3049699510044297
93,15,0.024273653138672024,0.06311245641357388
93,16,0.21150672599215348,0.35673323371482013
93,17,0.06496896519522899,0.13801754181323922
93,18,0.32998374018001986,0.30239268372633266
93,19,0.4768877204887412,0.4768877204887412
94,0,0.333003035137005,0.00767890379071412
94,1,0.05969399547854293,0.21948721095424606
94,2,0.052490691503656706,0.045398262508826726
94,3,0.019917646382442644,0.13638923978965778
94,4,0.18309314923324216,0.11040829737012547
94,5,0.0029856722590753115,0.12690683369150424
94,6,0.04786150860766458,0.047342320668035676
94,7,0.5636359089616425,0.43752289867262784
94,8,0.0057479775165028,0.05546846534830108
94,9,0.021112411107178097,0.1933579630978155
94,10,0.30123970320264215,0.1656559108433755
94,11,0.021352771169103058,0.023473873960645264
94,12,0.06660478620328725,0.06743896661719795
94,13,0.3848595312409788,0.3202385382853046
94,14,0.09408777869948448,0.05640668525958503
94,15,0.17553431773792383,0.21504289070689797
94,16,0.09052181025384742,0.0018911513963812965
94,17,0.67022257594751,0.5578484039998237
94,18,0.7594368161805352,0.6735475769838479
94,19,0.6694827613059573,0.6694827613059573
95,0,1.3742185609283983,0.18668946377632167
95,1,0.8087677756048377,0.05941310438555103
95,2,0.5336627949096888,0.20692110867769653
95,3,0.1795264925440132,0.2529226833357354
95,4,0.2981991045966472,0.1336329797212521
95,5,0.45533716257042656,0.23274018709117206
95,6,0.07586311266829249,0.3441164786971518
95,7,0.15628570492228588,0.22084713026878733
95,8,0.05566831487778057,0.12747990688035715
95,9,0.34351957317818105,0.18290982579893456
95,10,0.12377398796343053,0.03216556360069189
95,11,0.23252941952951378,0.24951380200601125
95,12,0.027731158416767432,0.08716710617338341
95,13,0.032191507678343,0.23400343747124674
95,14,0.10808271250088852,0.17839320519739
95,15,0.32541583754850256,0.17165731703042564
95,16,0.025324913543879113,0.08583674036693845
95,17,0.1529399347877849,0.17011035603111058
95,18,0.12981042496937967,0.07564686184666414
95,19,0.19670593782478996,0.19670593782478996
96,0,0.31720201506567136,0.2812176367489885
96,1,0.31770790879860034,0.2987774439155997
96,2,0.13615562249443958,0.06618455589900929
96,3,0.010676768162121597,0.11982468685670167
96,4,0.03727528457941798,0.04629130420577665
96,5,0.16530323551370474,0.1408606593204924
96,6,0.12919086353489595,0.09990553395457002
96,7,0.3842423380616853,0.3971854026145838
96,8,0.33951352175377236,0.3892942931231609
96,9,0.39268064397167946,0.35349674868588243
96,10,0.32764420185701537,0.1808438266720156
96,11,0.10941536697014964,0.14035048554628649
96,12,0.18490391599393963,0.19747648082483904
96,13,0.03779186326196271,0.0132748618681231
96,14,0.2892955337046246,0.1355225129869866
96,15,0.0460316760214452,0.056749512616613984
96,16,0.09610580837636284,0.13583105305315968
96,17,0.8102829236290416,0.1810522097304581
96,18,0.3071482163554595,0.3219298186407835
96,19,0.3269061152115498,0.3269061152115498
97,0,1.4463429428076673,0.452538158643617
97,1,0.13035478310846482,0.1955734574732797
97,2,0.3872934852607588,0.3877124598278532
97,3,0.07433552022976508,0.09962665002395221
97,4,0.030568827136501664,0.1724681114556761
97,5,0.16210070809340893,0.13048504781392145
97,6,0.1575358575682646,0.005250553944082359
97,7,0.044775657002591895,0.24347945894960077
97,8,0.038335204145766966,0.15185200270368648
97,9,0.3892733813260625,0.37703577292043144
97,10,0.16734530274284554,0.10775395802674659
97,11,0.10188672908065666,0.1628083109505396
97,12,0.2836398753381464,0.2059922410700601
97,13,0.08134497549945463,0.2646243782976505
97,14,0.012992262557572243,0.09775797202504943
97,15,0.059139740933500384,0.09000359641623668
97,16,0.3212477135888445,0.21981140031849833
97,17,0.056294206267993196,0.022652994178773866
97,18,0.23589783213935878,0.0633170966190395
97,19,0.6694270602798982,0.6694270602798982
98,0,0.028407615523784013,0.09974617848376122
98,1,0.31687580346651334,0.2433329118746821
98,2,0.23577112802731115,0.19082800996409421
98,3,0.0416085876684793,0.057631840931536615
98,4,0.19836532432159792,0.1424974582708387
98,5,0.05122800930098048,0.13738265310069853
98,6,0.08506395286132484,0.014110296857108295
98,7,0.12158395755368545,0.15887317694482483
98,8,0.24065802564042205,0.20826259566764715
98,9,0.09229299978389971,0.13700648409281158
98,10,0.015098738543668944,0.10160650482658173
98,11,0.02806066445597466,0.126821534414562
98,12,0.08529934755282653,0.16502523064544405
98,13,0.1988652814530285,0.09425711039903817
98,14,0.3730795980497863,0.30254247869383644
98,15,0.24648982826546018,0.35117142580657834
98,16,0.001874646937219282,0.10555201126111591
98,17,0.033086513063126155,0.1289925569391439
98,18,0.1753076118315242,0.6286566402962386
98,19,0.2885115555752522,0.2885115555752522
99,0,1.461075921196655,0.1605473148517449
99,1,0.514012388370638,0.16763769200483303
99,2,0.41435811898595265,0.3673117502809915
99,3,0.43433045580207974,0.1537546052344263
99,4,0.0643473728939381,0.20322377852318851
99,5,0.4024427585759689,0.19172199001186208
99,6,0.28881432804895724,0.18078219204066936
99,7,0.20485776093080688,0.18128313133996254
99,8,0.11017377091500435,0.11111923610815744
99,9,0.1727226239408104,0.2621605077953184
99,10,0.08366782023734132,0.21616539225475506
99,11,0.2240615262659107,0.05733759171443431
99,12,0.032388530992497166,0.024505597484260733
99,13,0.38317609863509716,0.2542561236746117
99,14,0.24968179712577854,0.25707893345520194
99,15,0.031535971751717184,0.03376056338604094
99,16,0.09746565212400338,0.22547008649715483
99,17,0.15139367977352425,0.17909276000933083
99,18,0.17766356922667192,0.1165579604756175
99,19,0.18366338363538848,0.18366338363538848
100,0,0.7162980429099175,0.02280603813724902
100,1,0.049724126218368525,0.18028645766306095
100,2,0.16159701327455211,0.16903881930770215
100,3,0.10720728079250597,0.02181704778175586
100,4,0.2661070938001706,0.06968742385893112
100,5,1.036366543250276,0.021139469222269724
100,6,0.18102076083909768,0.2766273785042892
100,7,0.48643587458840587,0.38381224541206693
100,8,0.5103215783419,0.3880884555979467
100,9,0.22089147562775358,0.10746605673061005
100,10,0.1843345661498481,0.2742143125101304
100,11,0.24516740739427423,0.24184034072403193
100,12,0.1813214649043502,0.13424367260122771
100,13,0.39466149965975905,0.23551529199875887
100,14,0.280356980861141,0.11953886088106991
100,15,0.2912490886488208,0.21831002907479835
100,16,0.053803060989202844,0.16208445513649838
100,17,0.06666367174409471,0.11145792570774926
100,18,0.3077671244311011,0.21254083738302398
100,19,0.404376334990757,0.404376334990757
101,0,1.7627074331468462,0.5164413202227021
101,1,0.06739936255865064,0.010156954578470767
101,2,0.16796005546471982,0.15378884957085326
101,3,0.2586220120894547,0.316257156296444
101,4,0.47394148269470016,0.39044870967650613
101,5,0.10017281679645373,0.0614828515414656
101,6,0.4614570335518602,0.28120492093052096
101,7,0.3175620837872217,0.2893747745367188
101,8,0.2141895973302752,0.13396968069049597
101,9,0.06482262424770235,0.00782813954000261
101,10,0.09357262282931744,0.14549695772203997
101,11,0.0029522207206880147,0.11141007341741682
101,12,0.2542938687002141,0.20160891690566318
101,13,0.18679595227500112,0.13524789810512994
101,14,0.01491418163357805,0.09627307605115742
101,15,0.31210989297159575,0.20125414145930254
101,16,0.2053053379941101,0.17625885429001142
101,17,0.00942568985257175,0.08842850244356537
101,18,0.13747540077017373,0.22900787097187436
101,19,0.34479574784222766,0.34479574784222766
102,0,1.198723534510723,0.16257212913522867
102,1,0.02649616468660021,0.05908347948397363
102,2,0.43616266510965396,0.4390366838838222
102,3,0.29152391511891196,0.29638925594575216
102,4,0.15433293167516382,0.06599054344951583
102,5,0.20084040009071602,0.06116426656394092
102,6,0.04811738026476853,0.13257756034595047
102,7,0.10639329427039934,0.05471899849880746
102,8,0.007856129211051499,0.05222774777347139
102,9,0.5405532316942043,0.3992959617955325
102,10,0.46360544364446454,0.3848375093721317
102,11,0.06326897676449939,0.10503377652318768
102,12,0.29054340259236167,0.08399853818776037
102,13,0.2890477880195066,0.12825448865055566
102,14,0.007100189057313244,0.04286615221306711
102,15,0.15226590792866013,0.26712775080848505
102,16,0.11591306141122981,0.21729004016992892
102,17,0.14468687884639664,0.31398816492765835
102,18,0.09541159939076849,0.19770985502324123
102,19,0.26595122374292046,0.26595122374292046
103,0,0.24051353516144136,0.3060163111126828
103,1,0.04037226754175727,0.04825782213819618
103,2,0.0824663671059902,0.03364163418438526
103,3,0.11727634213815197,0.05806906258363398
103,4,0.5502438976885919,0.19132990838665043
103,5,1.7389052655257125,0.0671975130778879
103,6,2.1329391941475677,0.04600739988616631
103,7,0.14274669179685207,0.23055114751717198
103,8,0.4027326012440553,0.3024996735096299
103,9,0.27099963530029525,0.2379576593613546
103,10,0.2654990801675643,0.10438071337433996
103,11,0.05616420954236068,0.1573176358458972
103,12,0.024640958817988334,0.10377898528217777
103,13,0.04823865578965458,0.07282933889540599
103,14,0.01742136046397258,0.043201454676157436
103,15,0.10360457861076533,0.08606496412025422
103,16,0.17806881505729022,0.15176677252327364
103,17,0.13428902146086363,0.25207251462999425
103,18,0.910077498892143,0.7387442613678523
103,19,0.3883459167465406,0.3883459167465406
104,0,0.8521060644019798,0.5985124424857777
104,1,0.3337200835509808,0.23675762624263097
104,2,0.0020056675382709166,0.042605906288310624
104,3,0.31781075490039434,0.2427206267264701
104,4,0.31580184215951856,0.37734193517389025
104,5,0.14067490917272485,0.08531415805863052
104,6,0.10999642874354532,0.17423042446713266
104,7,0.25672195711655554,0.3086825656254715
104,8,0.1715192192121111,0.14814842046874066
104,9,0.030893615851562473,0.17306574909995076
104,10,0.5690174902767704,0.2422990943900416
104,11,1.786660767522953,0.08357201446848261
104,12,1.9238704340570028,0.22141042279921308
104,13,0.6968529674707984,0.34912376435934345
104,14,0.39967723785761766,0.23655048191979233
104,15,0.0027205589660423968,0.21059679826901778
104,16,0.38681386869644907,0.4133677174810808
104,17,0.002965487406156875,0.08578271877455101
104,18,0.213690720514621,0.1443208340046498
104,19,0.09510984904434316,0.09510984904434316
105,0,0.5348613346779554,0.37207382789057597
105,1,0.49644808663521456,0.5416982660580705
105,2,0.028950000687389732,0.009096253356207562
105,3,0.03887434000747758,0.15010471721391605
105,4,0.09538280310462444,0.022242424618437617
105,5,0.15071338920901045,0.19490208195534864
105,6,0.08096950837987293,0.16894927006275573
105,7,0.1936747631098994,0.14990382015310155
105,8,0.30347532259316257,0.14425901744238923
105,9,0.34914502390878077,0.09887857391513499
105,10,2.1646097142750254,0.2537119388626521
105,11,0.11200435286217791,0.5329595591985159
105,12,0.3776715157716879,0.02767366160032836
105,13,0.8864742224046536,0.10440807461744273
105,14,0.6796389726948728,0.5029204108185548
105,15,1.2985596846069853,0.4173102621751359
105,16,1.8621477902238697,0.03329973431161104
105,17,0.14364295176288522,0.14767103923424596
105,18,0.0007188075375195169,0.10470601821728831
105,19,0.03642854621581737,0.03642854621581737
106,0,0.04126728420212622,0.03046945688755409
106,1,0.16008862457329576,0.14379450893528212
106,2,0.07349027009865772,0.024796095344270963
106,3,0.11228212301730478,0.09120879751583866
106,4,0.3471378348025307,0.22330034420726452
106,5,0.0418536731267265,0.1531635219518983
106,6,0.20751105596679276,0.21875010796186434
106,7,0.13268392838911414,0.002642166659557077
106,8,0.19878736752404702,0.15823276058395042
106,9,0.5171120733750696,0.3790444633288139
106,10,0.1312548681233041,0.10800624836373096
106,11,0.025261301343658893,0.06070193625885434
106,12,0.26639940132145234,0.16744585218386732
106,13,0.4049264776154926,0.2932164817415783
106,14,0.2995266220987829,0.24313863962469773
106,15,0.02956228807760608,0.1999484345374083
106,16,0.2726298316278175,0.3881170332813797
106,17,0.22632602869789942,0.2236122188758669
106,18,0.2521696047278761,0.2465937444925328
106,19,0.12498476351347554,0.1249847635134751
107,0,0.17200366736564554,0.02888425320845389
107,1,0.17920747113985058,0.10966498757745402
107,2,0.08076376501826665,0.22538352646225857
107,3,0.08004949914278381,0.04030137106362108
107,4,0.7685152027148261,0.6025886946991061
107,5,0.30628524558264836,0.16373656527259062
107,6,0.3213611573146804,0.28337485133389606
107,7,0.056407269745173405,0.05223665816488898
107,8,0.1689167204818114,0.26376716253022536
107,9,0.16641850455290141,0.27012872398425936
107,10,0.04186667409480327,0.011156990442071635
107,11,0.04146165792171708,0.28802251187871564
107,12,0.15933619482910055,0.041780738529110906
107,13,0.2771238698718905,0.21860202663424122
107,14,0.006261841191601558,0.07519561383141715
107,15,0.20904070304639655,0.20165205549256449
107,16,0.5441234189645026,0.5126173092229767
107,17,0.14564255387635505,0.07281127490921158
107,18,0.15634229810384515,0.10156639443370397
107,19,0.14916663861531898,0.14916663861531898
108,0,0.05436148843282318,0.23829086072257155
108,1,0.04316439306634834,0.016496467664576464
108,2,0.15852404715545676,0.11263416266845327
108,3,0.29125567920622286,0.175158568272058
108,4,0.35016437770924647,0.3618474845740627
108,5,0.35603330775562014,0.39396331952311847
108,6,0.23420416106698472,0.18024338001998608
108,7,0.01826287624760825,0.1221335889573858
108,8,0.30871644347656924,0.22998846151791685
108,9,0.14280133206549506,0.11332620943461436
108,10,0.05984145448307476,0.2444858285800926
108,11,0.16532537115362267,0.14452484892488915
108,12,1.2812052403215024,0.144997345775689
108,13,1.416137611614039,0.24359085056005547
108,14,0.20746111590541272,0.07402787669999622
108,15,0.1866489607735886,0.17385705507843285
108,16,0.0886708384441861,0.1242323407275796
108,17,0.11623699988401137,0.0812199048508
108,18,0.04113345073228647,0.14733874265348135
108,19,0.10036991543100626,0.10036991543100626
109,0,0.23061874562904627,0.05475265500378512
109,1,1.0453266953680318,0.7070953121067349
109,2,0.20667040278092053,0.07986211062781123
109,3,0.008521337869856538,0.030287350675615166
109,4,0.0682029559212518,0.09590947324751564
109,5,0.31440317466599854,0.18763795424847451
109,6,0.09340057753027065,0.017042362844914116
109,7,0.5640646081282634,0.3836882241737891
109,8,0.14500237133702942,0.1727291022048254
109,9,0.1698960476305924,0.05566196583924565
109,10,0.09773293859613652,0.002696250798772226
109,11,0.07638196198831615,0.17671604258153906
109,12,0.09781193770480101,0.04197886690266106
109,13,0.1966085097842747,0.04116000545851417
109,14,0.2230262137930472,0.16503610945891012
109,15,0.16968741370588525,0.030433171597005426
109,16,0.12605873616952756,0.14801621632420403
109,17,0.2634319403760337,0.23184870325458729
109,18,0.1113379413778679,0.16384881891161296
109,19,0.49522268073231324,0.4952226807323141
110,0,0.5649862839497493,0.1732779819138912
110,1,1.1635756925857788,0.03063631863138072
110,2,2.590460325623594,0.5754487259966696
110,3,2.696545697012491,0.6318627389798319
110,4,2.2180969952016376,0.0864241397095391
110,5,0.3124153165259962,0.13632913228841925
110,6,0.271345047632614,0.12800109894450973
110,7,0.40720892303384204,0.4079868403319482
110,8,0.09862115303052477,0.026346405170652787
110,9,0.07647262395756993,0.14113459585639898
110,10,0.04343171277185931,0.0006434776550880983
110,11,0.2597368196687224,0.2814388856879688
110,12,0.1056473375682252,0.28443381147418556
110,13,0.22673940335573395,0.08512500690072322
110,14,0.09387558248243089,0.11247198920871959
110,15,0.3999945099658051,0.5229305373086159
110,16,0.05669561282765612,0.07725170659285396
110,17,0.19800225062400045,0.2262609878279367
110,18,0.049971550207754234,0.07273705462736668
110,19,0.13653853607472133,0.13653853607472133
111,0,0.1952167517229162,0.08801846908755095
111,1,1.3275520546410249,0.36199745299230734
111,2,0.07985378916561858,0.12142044604060542
111,3,0.23321549808462638,0.016033294271653453
111,4,0.3006564530467495,0.26444982617263957
111,5,0.2430358533390442,0.1229372997319702
111,6,0.06696912232622232,0.01623046717565302
111,7,0.060861549902291756,0.0454819206684931
111,8,0.07511957348856946,0.1950054149438225
111,9,0.3341376491177517,0.28128351054776424
111,10,0.14347287743682635,0.2685840401525681
111,11,0.03404369917126804,0.13467422738197143
111,12,0.23973511465553266,0.08427591677618951
111,13,0.08395772031133264,0.05748951130057689
111,14,0.015998271671301634,0.01912513534145166
111,15,0.1244556037211213,0.06964254747479659
111,16,0.41759168483231424,0.22478681714344884
111,17,0.11363047090064882,0.24848072212422956
111,18,0.22347370517428367,0.2057732789996658
111,19,0.10244291086483415,0.10244291086483415
112,0,0.24418285241798543,0.34133906120414004
112,1,0.11231473727171704,0.05580873447090173
112,2,0.2285496251044279,0.16934797408847402
112,3,0.21910958617097442,0.12387854815341992
112,4,0.11480826889740747,0.14815016550087812
112,5,0.056051604317518766,0.03213810864146183
112,6,0.08072309774945818,0.049848953031634835
112,7,0.07722778345105485,0.08975536264027717
112,8,0.00653771656266855,0.045948550559289814
112,9,0.11898142052531391,0.17135445418924977
112,10,0.10303180396043743,0.20859863517214627
112,11,0.06068522121948483,0.10856432752215106
112,12,0.18526585599239453,0.1152324797490536
112,13,0.3385561035967761,0.22710713002880922
112,14,0.04639430353676666,0.09218827471746316
112,15,0.0901866334362671,0.1351159153994752
112,16,0.16577870007075113,0.10580686857629384
112,17,0.09016580471835045,0.08697294038474102
112,18,0.059066717333801755,0.06759546483165657
112,19,0.11809453476861709,0.11809453476861709
113,0,0.19723675457094458,0.12295223777198405
113,1,0.07596677406726027,0.10976070168775731
113,2,0.12499246114255413,0.06741005689253132
113,3,0.0688568818841464,0.041980657087615114
113,4,0.6259482752934709,0.6424982019333569
113,5,0.21103214627993072,0.06127649661227785
113,6,0.24541408991825264,0.1564516562238767
113,7,0.009059093835160681,0.06757358644462563
113,8,0.086755773220065,0.038569820154791934
113,9,0.459276635935864,0.34864015557805317
113,10,0.21793060621544935,0.20693575419284205
113,11,0.10259656024243569,0.06538450695639675
113,12,0.27576455220359986,0.20156278867819477
113,13,0.16910719139599362,0.14533888888707214
113,14,0.09911518445527712,0.02623316451438029
113,15,0.18145307755223516,0.06328129155801054
113,16,0.43980759330310715,0.34724633525937865
113,17,0.30654362346096153,0.22400498903079136
113,18,0.3733391580062895,0.3985878086922465
113,19,0.10319910797512222,0.10319910797512222
114,0,1.482392446037379,0.3473731132843607
114,1,1.3917486164923467,0.2886109243426036
114,2,0.6172105327857382,0.16073470169263704
114,3,0.1032950231493639,0.09037474295098491
114,4,0.37374446144559714,0.058339085156009496
114,5,0.05429283791005579,0.18637266783249906
114,6,0.11498266041646854,0.060055625413527824
114,7,0.12606642293120007,0.06847704760939832
114,8,0.3532396592714582,0.3182777552183955
114,9,1.6331575455301328,1.097846510719882
114,10,1.0407977906415704,0.7360624342652473
114,11,0.15399262329472396,0.04119084441705301
114,12,0.060105601586410096,0.005046463436987114
114,13,0.02547891818066894,0.200776563149474
114,14,0.264786368194331,0.336671529587647
114,15,0.3193035468676353,0.3379492326657587
114,16,0.5044999470400806,0.45463061666117977
114,17,0.07302786733474509,0.10082381573925137
114,18,0.034651916128711324,0.03348391533733652
114,19,0.2523961759925326,0.2523961759925326
115,0,0.41705619495575164,0.2995217335701277
115,1,0.2157869323190278,0.21654790322113904
115,2,0.07141707859229918,0.057983500533604015
115,3,0.03826334998772829,0.10282748456970614
115,4,0.1609302530588934,0.2691431464633398
115,5,0.028454469103869062,0.18942132208139428
115,6,0.2884038841883445,0.23823672944559826
115,7,0.17322484016638295,0.10801912257678392
115,8,0.25453868806221225,0.18130999281301596
115,9,0.42940616439188783,0.27087305219264035
115,10,0.2158297232869164,0.08043840427322202
115,11,0.1278854750519951,0.0925217868610888
115,12,0.1482777667180022,0.04273305823610407
115,13,0.09558461414717723,0.05539455222930467
115,14,0.09390350799199076,0.10814924908127566
115,15,0.30101815748639194,0.12246599715897055
115,16,0.1427433251226562,0.07634493889865368
115,17,0.1658457236338693,0.09310405707499125
115,18,0.3370890398652113,0.16830588294721416
115,19,0.1737677097854009,0.1737677097854009
116,0,0.01705936477270642,0.00544452674508511
116,1,0.09119319002864401,0.05980570520119688
116,2,0.09836933273829285,0.17297060612248538
116,3,0.06077867672483128,0.035286793603895195
116,4,0.010349173373119136,0.0799596086849359
116,5,0.17568459315511298,0.13097865146711474
116,6,0.05818512959586819,0.05042869690843421
116,7,0.1732221844460442,0.1831017240537074
116,8,0.09375415524298436,0.05220295217393822
116,9,0.4395975394381697,0.3219540787364963
116,10,0.06719548993771474,0.16494870701848718
116,11,0.025111099557816985,0.03056795253837219
116,12,0.14333957969950273,0.3034255110668367
116,13,0.09745279371135407,0.17610940951838838
116,14,0.3285138735051669,0.2867855670466044
116,15,0.1122519941874307,0.16067895684845634
116,16,0.27732054200971845,0.27748723722064206
116,17,0.5457274461045216,0.5748035338503295
116,18,0.11511590686438744,0.2668918009840313
116,19,0.26730182450012574,0.26730182450012574
117,0,1.5185658213425395,0.1775195921863011
117,1,1.901662948092369,0.23040848389199198
117,2,1.9169998803931128,0.47371875300548005
117,3,0.5811947117935761,0.08320714311949207
117,4,0.2659087355747296,0.11539641704251391
117,5,0.0750018608645382,0.15431038041754253
117,6,0.16699501632950486,0.05957229914635764
117,7,0.061943685325997144,0.035273210658952614
117,8,0.07721723440026551,0.05211094333816657
117,9,0.11329620214069003,0.12806898956783286
117,10,0.13003633832951333,0.08942002586114395
117,11,0.2928194638516812,0.17304708200411145
117,12,0.09641270515863187,0.015529628888818259
117,13,0.018136196577697383,0.1800762995672338
117,14,0.0363656009684874,0.08345469945366979
117,15,0.03562476679752713,0.06579571377162985
117,16,0.12481194493881898,0.05815743674774776
117,17,0.03871230159605865,0.039763225401299174
117,18,0.16095963739052488,0.37391004569624986
117,19,0.10949869249444788,0.10949869249444788
118,0,0.3882667052667874,0.10097649949941534
118,1,0.21616253502984328,0.2906321516612187
118,2,0.11736994478053386,0.04602212465402955
118,3,0.4199273856090997,0.2897702568501175
118,4,0.07709405270749814,0.2891148561903254
118,5,0.41631938320341266,0.25828595371365504
118,6,0.3768211284077534,0.28028488137741325
118,7,0.26648416062233427,0.10597797776071838
118,8,0.11597302389731867,0.07110814862563908
118,9,0.13710823146181905,0.01621353814216686
118,10,0.20530501074443874,0.1863358906232091
118,11,0.07533593422107332,0.14042258830202536
118,12,0.016144842275498394,0.024084479738710307
118,13,0.08814283764259523,0.022398818236481155
118,14,0.009453718207701467,0.14422391249912092
118,15,0.25734309266287303,0.22355900640914328
118,16,0.19709300944676666,0.21782770215902802
118,17,0.13973369217668452,0.012636737243590268
118,18,0.02177248572831214,0.043585814536035716
118,19,0.16086625420364076,0.16086625420364076
119,0,0.4325492648968936,0.2538471453889404
119,1,0.5359695177034078,0.11447145441024631
119,2,0.07776996999171093,0.014305379349766056
119,3,0.19921842758694064,0.2154286224804869
119,4,0.6151857801437242,0.5640631409825678
119,5,1.8383313588645471,1.1227510139470223
119,6,0.06123338997663108,0.07532320960522743
119,7,0.13066202549860417,0.07052285584876561
119,8,0.12129868058292148,0.2967477804237282
119,9,0.40409932435043805,0.27156272377495494
119,10,0.13162121559412654,0.20895705947768883
119,11,0.12765376476829182,0.06529171018063629
119,12,0.24027400207788396,0.08272861837358114
119,13,0.2056405892773907,0.1046112643944146
119,14,0.19011999725423845,0.15570538501570574
119,15,0.10132550668363827,0.12931350193725955
119,16,0.038392797111231225,0.06795694588469203
119,17,0.10013161205780063,0.24705415858306345
119,18,0.23096545458753948,0.2276758468352127
119,19,0.40745588661597276,0.40745588661597276
120,0,2.4308172313725214,0.009170271607124914
120,1,1.9723285849947205,0.030444461618836627
120,2,0.43917602922800913,0.26494273766812393
120,3,0.09480995208817067,0.10987916478015647
120,4,0.06094988792546241,0.02004395285375482
120,5,0.2892980084609591,0.17275786546973482
120,6,0.24141390259219397,0.18098312030936192
120,7,0.29699919930873797,0.26725708268108805
120,8,0.0946770470164604,0.07918094908478901
120,9,0.006216808073858715,0.050988986605355
120,10,0.14921341030135515,0.2432042170093447
120,11,0.08301872340414951,0.13217109951924177
120,12,0.4650654532999434,0.47470992321458505
120,13,0.016684689950609677,0.13884916002667236
120,14,0.1751379348115334,0.05078618665904955
120,15,0.18547956678232236,0.07851003021973613
120,16,0.05339161114124291,0.014266713299746492
120,17,0.34332540829387215,0.21541994409416487
120,18,0.38301181776695437,0.31601089116568737
120,19,0.16929987277358416,0.16929987277358416
121,0,1.39520142973572,0.13906608441659873
121,1,0.5712763021432243,0.23716977644533888
121,2,0.08267072500138362,0.11876741639764221
121,3,0.17389786514929195,0.016999279115592625
121,4,0.18299159387635378,0.24295960269116046
121,5,0.019687847112757506,0.06008134461080816
121,6,0.32233156855345824,0.10084077888534049
121,7,0.23414988787842184,0.025339278978797175
121,8,0.11862407133710917,0.050887198462461036
121,9,0.27343222353450525,0.09541394329820285
121,10,0.19950787626118283,0.06462491066267573
121,11,0.017410279777932747,0.060998279467535
121,12,0.19219209148755878,0.09989159262206782
121,13,0.4551698781264597,0.3227748889222646
121,14,0.37301814784499543,0.4212612316423425
121,15,0.22338903887147232,0.12719881285261936
121,16,0.5861252127795984,0.3616887984756092
121,17,0.061811484199605804,0.13251259631944867
121,18,0.4324423938008173,0.23123646903589945
121,19,0.3024053655265462,0.3024053655265462
122,0,0.3520574353990349,0.15031857154303907
122,1,0.2636150541190543,0.2784552359561099
122,2,0.02744907685455944,0.03080468437946049
122,3,0.25068615632538727,0.15253485011418677
122,4,0.526275738659014,0.3476911015265842
122,5,0.18907672828290467,0.0731059711346349
122,6,0.14181053284544642,0.21079573197250223
122,7,0.29062587450724076,0.2517594550933029
122,8,0.3399588570540537,0.2542802452183004
122,9,0.19985463234121426,0.17962484615538976
122,10,0.14532018561641102,0.2235871201638382
122,11,0.1280272379065206,0.21703269908188672
122,12,0.17006804814603216,0.047862030999652916
122,13,0.35270734735866593,0.246264354115719
122,14,0.21465748843150267,0.11101331599568498
122,15,0.3266573259692005,0.1786158950315051
122,16,0.05341417804260917,0.00033332655914808385
122,17,0.058140732355997926,0.06807687142572405
122,18,0.20291106555446303,0.1038119614730797
122,19,0.14684484842330914,0.14684484842330914
123,0,0.018611032051710552,0.07123116187635148
123,1,0.015597399026934688,0.16186908330973448
123,2,0.044963947185282294,0.1365405993013349
123,3,0.028319672877549884,0.05685594099260172
123,4,0.34906456275845876,0.10893638637348424
123,5,0.06698213573225686,0.03219267680928173
123,6,0.018902289029467667,0.1095655161487663
123,7,0.14518616393834183,0.16982188241048668
123,8,0.10698444899167647,0.031885526300555966
123,9,0.4084798168247339,0.28794659780974374
123,10,0.05144393876582587,0.04055970432776057
123,11,0.2775199757984854,0.20193489227605355
123,12,0.19937197000542994,0.016993394550631535
123,13,0.06827577906925075,0.09435466397055148
123,14,0.2362255329875511,0.08574432316633729
123,15,0.08092301583610251,0.08328543096831309
123,16,0.18574020098660737,0.037684512303366
123,17,0.07065318094023221,0.061901286004757416
123,18,0.061502735685298404,0.22641555087677734
123,19,0.0048258321538567905,0.0048258321538567905
124,0,2.0285268199211655,0.19305519483142364
124,1,1.41517191223538,0.16559979203608233
124,2,0.7622801729571598,0.2201413551135838
124,3,2.9867045851746443,0.34843862719243557
124,4,0.0517046135348016,0.05052586488833555
124,5,0.28373263417450634,0.3711167300884082
124,6,0.23090264759240275,0.2737248086230615
124,7,0.17031297482199115,0.2215627585349127
124,8,0.0195561451586741,0.07591671072865847
124,9,0.207275892412218,0.06382743416780734
124,10,0.25165110639610777,0.0730525878445123
124,11,0.02265284752161456,0.07829970108163664
124,12,0.473301623473084,0.3116605947620066
124,13,0.21918981468809662,0.2993385915699349
124,14,0.3185879668736247,0.25880493501835744
124,15,0.15739259110703063,0.08683071128849651
124,16,0.21540874195091497,0.1162609156914467
124,17,0.1556791557390076,0.20672457695544733
124,18,0.10530943729841002,0.09741761327209719
124,19,0.1366180206843861,0.1366180206843861
125,0,2.5205923337201277,0.3073076390951197
125,1,0.39339706333455116,0.34666459218148216
125,2,0.2574444762001038,0.2580774258605034
125,3,0.530486600002607,0.4109441325672134
125,4,0.27191930319226687,0.2472250697995899
125,5,0.11406164984488099,0.16837241159956173
125,6,0.31884197953572047,0.27030285694245393
125,7,0.2084640242190936,0.2753262796043936
125,8,0.10613267290063488,0.24416076212144233
125,9,0.12506730447464687,0.10083940975728112
125,10,0.006960116000848338,0.02028391729029133
125,11,0.15111518737090135,0.2896837711833822
125,12,0.05812956113159773,0.16484134273813567
125,13,0.04932823834485767,0.19260661599033302
125,14,0.2777357622241601,0.1624846172282668
125,15,0.16056201696899697,0.10879609040384475
125,16,0.16184319973772032,0.29505088592992257
125,17,0.32493326720205795,0.17557953430463913
125,18,0.04523080359270537,0.13368040401463555
125,19,0.24206818609924463,0.24206818609924508
126,0,0.26431389367880165,0.09053334177422467
126,1,0.2102552298882152,0.003151135811435335
126,2,0.05244801861125392,0.10983368334303956
126,3,0.09961356059090898,0.025028784111414293
126,4,0.36768383945219885,0.11509679315856847
126,5,0.1690473454806285,0.11799301819601515
126,6,0.10023363327033374,0.008671610462280377
126,7,0.1886904498011801,0.12403948794441977
126,8,0.0968577132681614,0.08145719393111683
126,9,0.15881204469013177,0.09235806470228347
126,10,0.0894036842619772,0.1464183387959892
126,11,0.11755115725927112,0.0232105341788853
126,12,0.31980164575093406,0.1504509387046955
126,13,0.009016549282174324,0.002104197223084192
126,14,0.10026178956265897,0.24979977364764805
126,15,0.07487097509226937,0.09462788150057033
126,16,0.21215019234119792,0.09586538625065621
126,17,0.1521812432893288,0.1531979050120107
126,18,0.05457937494208265,0.14753313964835169
126,19,0.20055326213686264,0.20055326213686264
127,0,0.5185622337591989,0.4108917711483655
127,1,0.07042014773342009,0.0042136376448898005
127,2,0.1155422132995545,0.15695787415245332
127,3,0.08796016919553074,0.07122326584424421
127,4,0.16174916604603062,0.20164320200799457
127,5,0.1956117789374101,0.14256680166272062
127,6,0.02154789731397644,0.0023291769075433066
127,7,0.1302796875307366,0.08197698906509343
127,8,0.3952259583258506,0.3147958864524756
127,9,0.24834563517474795,0.27821025452523385
127,10,0.03140381099319001,0.02208696814942801
127,11,0.051670046620122534,0.09959127363283704
127,12,0.1311232105682154,0.28053620049260175
127,13,0.19924010101214673,0.345310819688347
127,14,0.22224754631151278,0.09245085097150163
127,15,0.28887891974597313,0.3874855421906265
127,16,0.21286662392919542,0.20935541927417933
127,17,0.2358138273484247,0.1446775472409314
127,18,0.30653040458039893,0.36690572487604456
127,19,0.10561905199348409,0.10561905199348409
128,0,0.033829210220502226,0.2488393941784226
128,1,0.19822139741017963,0.25878750175965326
128,2,0.15129500863191936,0.12406463369595855
128,3,0.36000131328477547,0.31169684623935723
128,4,0.006338472286515184,0.13837738937431165
128,5,0.37882039070566176,0.47707606747333386
128,6,0.15637644111750948,0.19170151795099333
128,7,0.2576603841255789,0.23560891660275463
128,8,0.6104796709099922,0.4771703694238356
128,9,0.8531088919544372,0.6424710205385784
128,10,0.2133946573402543,0.17170451028790623
128,11,0.2033828565354563,0.006881701206604696
128,12,0.37435745009746935,0.23432055802055363
128,13,0.2286793280228414,0.21575813609760486
128,14,0.1339820811586745,0.09670046211855698
128,15,0.014116064823130436,0.06937884890677593
128,16,0.35699537827296624,0.19999271470944846
128,17,0.10005635333997409,0.15897309701736217
128,18,0.3073495900410004,0.12436769526771352
128,19,0.012304213571874278,0.012304213571874278
129,0,0.2998511081543258,0.18685333880985233
129,1,0.4679201925543657,0.46693697890056995
129,2,0.2868835167217041,0.288607423755451
129,3,0.31546572914961146,0.2122436323282244
129,4,0.09364879443660534,0.14171528549860124
129,5,0.21906145018001943,0.12131765349022228
129,6,0.2825825925097263,0.1714584854038783
129,7,0.16260251379098278,0.25370749283275806
129,8,0.015064327730731186,0.1740568555332258
129,9,0.1373437929682435,0.2482678827138649
129,10,0.27272347563266397,0.04526700208779744
129,11,0.11366597021209568,0.13963071364399493
129,12,0.4045137468015616,0.15081418430311277
129,13,0.05456512881044784,0.04947205582233405
129,14,0.07292183580152933,0.013652518854731177
129,15,0.035526369327885554,0.09478766194348465
129,16,0.28816445535817126,0.3378921273549018
129,17,0.5252425399903697,0.49503094920879676
129,18,0.01790599489415534,0.005908933607346345
129,19,0.20540500217415447,0.20540500217415447
130,0,1.515345503872608,0.23685617796692426
130,1,0.19414141988852052,0.062147850711674835
130,2,0.2598799495622979,0.3279180939619959
130,3,0.09978225794822126,0.06303726685172428
130,4,0.18093497550084692,0.19825029099064295
130,5,0.09841952847730973,0.043529444722032906
130,6,0.23819351936856403,0.09879729645144142
130,7,0.16422173202326817,0.07966246491345164
130,8,0.000766913379210088,0.053215303126911806
130,9,0.26960270436123146,0.04485059145446613
130,10,0.5220271546072919,0.4363824649236694
130,11,0.12831703297655128,0.24348071069614807
130,12,0.1808603816498886,0.14004579316207622
130,13,0.6296197996248587,0.2144532155360519
130,14,1.2385224188776327,0.29207274076209444
130,15,1.2237043444413125,0.06093784409654823
130,16,0.3373011290925998,0.2693839141614536
130,17,0.37442894820774875,0.20540933140883233
130,18,0.20719610419046042,0.03744740956074821
130,19,0.6747200239542117,0.6747200239542117
131,0,0.05467192031254786,0.03372097602482693
131,1,0.3071530961141633,0.07005165108609468
131,2,0.3781560677163931,0.03320031989081951
131,3,0.21879566978573362,0.15991170715675018
131,4,0.08672196371388274,0.11928705236501536
131,5,0.3028160446731629,0.1128286564925709
131,6,0.16171331446356962,0.23881206133260147
131,7,0.09780214767967177,0.16016691310628595
131,8,0.05221859064487244,0.10995790652749893
131,9,0.19115172169071393,0.2592568231287178
131,10,0.07383011320774013,0.034557067496618465
131,11,0.42580190096289705,0.38739198495132676
131,12,0.23841467259158122,0.23932066922176176
131,13,0.022562667123985136,0.06692035144663322
131,14,0.2103160338167558,0.0036243586002906447
131,15,0.07984440739888043,0.3212258195270188
131,16,0.035299328640031824,0.04164326831336229
131,17,0.1636030177674943,0.04676495757335353
131,18,0.24299790492666684,0.10915037439282393
131,19,0.15886456765247026,0.15886456765247026
132,0,0.5429423328767911,0.10526374903657487
132,1,1.2807197606805092,0.13438907587704385
132,2,0.032129920412073965,0.0849855622307718
132,3,0.47948413096893816,0.2633420655141725
132,4,0.309905340683148,0.04322371489415522
132,5,0.38421683127300543,0.1753298569320889
132,6,0.20052769497110035,0.06984285796507894
132,7,0.43318478931144,0.4592150048523749
132,8,0.3077352058778864,0.0035327553708977
132,9,0.13336788374307051,0.12654242751266453
132,10,0.22878931009143644,0.10673950553154743
132,11,0.2547451157001106,0.11522235013913429
132,12,0.46306169373578054,0.34149882554170663
132,13,0.21661888311026622,0.11383813840759682
132,14,0.07408516718830782,0.08599350871363143
132,15,0.6118719747240053,0.4812800396829999
132,16,0.2894149901883343,0.14596767323979076
132,17,0.010955542778957383,0.02873041637109308
132,18,0.19491585351351048,0.25196997304935653
132,19,0.468369205912599,0.468369205912599
133,0,0.16958536544233205,0.06889519188703819
133,1,0.1323159762490702,0.17418112412474063
133,2,0.3210800575340853,0.13412316563367366
133,3,0.08294127690572672,0.26118023321901696
133,4,0.011731196808705935,0.01810899524630516
133,5,0.24568567500433192,0.20654452572027138
133,6,0.3872533522699415,0.23698057060715572
133,7,0.26243375315605855,0.04660696256360408
133,8,1.5932050802646938,0.3172986829896596
133,9,0.13528180938371603,0.256965267172665
133,10,0.08918897333929054,0.09714201170854242
133,11,0.1695210508494549,0.3214103719883932
133,12,0.22176092484750853,0.20199969444480637
133,13,0.04415632619240473,0.10701442167729702
133,14,0.14252750574598982,0.09814139411223888
133,15,0.43095383535189713,0.1528215520612557
133,16,0.2473900725535385,0.18325898961063025
133,17,0.23164065311995596,0.05070480228915253
133,18,0.22790886066997418,0.4330949231571113
133,19,0.17908593871796974,0.17908593871796974
134,0,2.1947221505789813,0.08345712695313745
134,1,1.2737617599227269,0.06859035779804357
134,2,0.8166212751592967,0.34866602484911224
134,3,0.35172400715874286,0.4394357900468471
134,4,0.3266307936407604,0.25732786940602326
134,5,0.05818003137945249,0.015146667100804923
134,6,0.7207998407340166,0.4688794709656068
134,7,0.006444035961945538,0.04947696521911915
134,8,0.01095111945982552,0.06361501319363683
134,9,0.22672404559695636,0.14098291476632463
134,10,0.39617183311359927,0.36212320624193817
134,11,0.019155682845407362,0.05401990087283748
134,12,0.04394553600971962,0.17887213582439054
134,13,0.019850944583323926,0.06407193033981295
134,14,0.24822338893086204,0.1911640554131342
134,15,0.17145043486429223,0.10327414666759793
134,16,0.12088182039286588,0.038311578210369124
134,17,0.005576312228710023,0.009540795910031985
134,18,0.04555038770308917,0.14730983875635761
134,19,0.2187146642797444,0.2187146642797444
135,0,0.04127889880042268,0.052130373431280574
135,1,0.10444050437957397,0.055773545343249964
135,2,0.0477708773636536,0.1126952757642119
135,3,0.08167941072787333,0.1098676929708633
135,4,0.1276170345844312,0.07601672590214648
135,5,0.040447148338233596,0.2798080565584744
135,6,0.041690357245674825,0.09010762374144399
135,7,0.02126620741230134,0.11696176177709816
135,8,0.261389396840757,0.0887909089390666
135,9,0.013600512404113196,0.055615757936178234
135,10,0.4470930121904866,0.4124506474627543
135,11,0.025655348443663684,0.05527970282011374
135,12,0.4042522362840164,0.284337961925369
135,13,0.0975125858358199,0.14554214094330264
135,14,0.27279323984193216,0.11130969757551323
135,15,0.3425552767940441,0.21586720618209387
135,16,0.44962459907657015,0.4013169136578192
135,17,0.1349825670423428,0.250284609264392
135,18,0.1645132073496205,0.26164755166602616
135,19,0.15474139011902954,0.15474139011902954
136,0,0.387044265092388,0.08505677292769764
136,1,0.027147576118559336,0.09894067967683817
136,2,0.21329707196955994,0.1915981569166112
136,3,0.1545710319574929,0.31685449548881106
136,4,1.5807922565104695,1.5133164196290299
136,5,0.23547404801324534,0.22073965861365075
136,6,0.11594126657656378,0.11692594932313671
136,7,0.28406965533773887,0.25074527546538894
136,8,0.744163023866562,0.6477513343110939
136,9,0.25402335445670454,0.24584049804099184
136,10,0.4332851467533785,0.3512926351499366
136,11,0.17789639660527,0.025780280868020533
136,12,0.03372188277390453,0.2542313835325025
136,13,0.7884893782708868,0.2275710919886702
136,14,0.2654217615193044,0.15901132964821585
136,15,0.37428756064651836,0.38364757376888203
136,16,0.5276886977452238,0.3406179198758421
136,17,0.013028756881915626,0.054388435566091076
136,18,0.13479979171552525,0.2873229558226571
136,19,0.12204022618340726,0.12204022618340726
137,0,0.1141280519421306,0.46688174692289897
137,1,0.6654839985779386,0.47623610140454886
137,2,0.3420433732602799,0.3770976114737983
137,3,0.27760921199435806,0.07846809677127276
137,4,0.30272948093553254,0.14240764259377148
137,5,0.31590540202071793,0.1744873662258417
137,6,0.24402777711350954,0.1601117767079443
137,7,0.07363262821028504,0.035825255150550905
137,8,0.37124339644249105,0.2701493339748029
137,9,0.509691590074203,0.3646647990133416
137,10,0.320991402965749,0.22356109577654548
137,11,0.013056946654765866,0.03651512907663701
137,12,0.11830952249708648,0.06804207759091252
137,13,0.3347943183001716,0.35726395262732114
137,14,0.11385360055001525,0.0060260613907576754
137,15,0.42111263223837625,0.40493816404410055
137,16,0.34876970794257156,0.29186973969178576
137,17,0.22669518084830065,0.15261512455927884
137,18,0.20079995957914942,0.19769693713329373
137,19,0.19727777187540863,0.19727777187540907
138,0,0.4358624392795525,0.5687806356308522
138,1,0.21098126359781233,0.2589554795031921
138,2,0.10047351324306675,0.09831973165043983
138,3,0.047850057704199145,0.0790080306224974
138,4,0.14552947017441298,0.12240720275883632
138,5,0.9823968520544568,0.32842580083902506
138,6,0.6494510557331274,0.18328605549481214
138,7,1.9589948036095084,0.16810879569598614
138,8,2.1290608934563684,0.06177832806729988
138,9,2.3540460683960704,0.07611439012382704
138,10,2.8023134181165394,0.0363471239955917
138,11,2.7242002297448202,0.312978058947162
138,12,2.4670953488577654,0.22382131768634395
138,13,1.7991375415760409,0.16802557741291846
138,14,0.18960595888820864,0.009954777991064034
138,15,0.5008564590211977,0.392453611620728
138,16,0.013654577882118879,0.10825639515618368
138,17,0.3652792845192425,0.5333007223642037
138,18,0.11454459386510862,0.10932134624150702
138,19,0.14159655160999307,0.14159655160999307
139,0,0.26055657762706286,0.24102715769187277
139,1,0.04563905408623192,0.0352642312590552
139,2,0.020486772048360358,0.13333228858688706
139,3,0.322723164256681,0.2955049338988154
139,4,0.13993509349438948,0.13592467001158592
139,5,0.2932714246247503,0.14555945849834373
139,6,0.011760243357054279,0.10331598375416995
139,7,0.2807250163863797,0.34009565877796266
139,8,0.2815873620080396,0.1592054388769144
139,9,0.25006751376434355,0.23972216561255255
139,10,0.34305993772425314,0.3202311396293407
139,11,0.006719120157349323,0.13882576105805278
139,12,0.25405059107435424,0.3435667456296523
139,13,0.4302315081602126,0.28701387124859234
139,14,0.022606113664099148,0.05908135822703642
139,15,0.11810967411354056,0.00238923932967694
139,16,0.1336595932838751,0.07819204318577011
139,17,0.1797141723507485,0.015880862134291185
139,18,0.06359945304566228,0.03229115375407954
139,19,0.0756389389602834,0.0756389389602834
140,0,0.33440178383064545,0.27295168099467926
140,1,0.15197502794533424,0.0190952410146199
140,2,0.23733823619115313,0.05687190019406074
140,3,0.5378330350373539,0.29048335698969074
140,4,0.23238504047577635,0.10451350105831203
140,5,0.11665041135022536,0.06227176123694855
140,6,0.1986523757047527,0.13501568389197116
140,7,0.0702996307673538,0.05432029473936373
140,8,0.28623137563810186,0.20222641994237378
140,9,0.26533999009119125,0.2510486986702123
140,10,0.0891958756122655,0.065533018843142
140,11,0.20865595126511716,0.05499288814235692
140,12,0.12548211754988436,0.10598462603579328
140,13,0.2887382398012517,0.15042291251421824
140,14,0.7858555191384236,0.8991577302674401
140,15,0.2743188777098382,0.3464083543033971
140,16,0.05547943043964221,0.2329420124278001
140,17,0.33034682172479624,0.39199452651799493
140,18,0.20527991384968614,0.17214080973987533
140,19,0.031066591200825666,0.031066591200825666
141,0,1.415402185419535,0.08908946560756092
141,1,2.0977014684497117,0.16817324818618307
141,2,2.1092410850161896,0.04293657586021826
141,3,0.20293348546168843,0.20555211851806376
141,4,0.1942105408101078,0.3052384153326386
141,5,0.13233967019309212,0.22171410778631806
141,6,0.11019600213034941,0.1459119406547531
141,7,0.28587875299214893,0.361508373268002
141,8,0.21968126542446154,0.06875477896035154
141,9,0.16845642894793134,0.03818755783689021
141,10,0.18050827445374384,0.2792195001147464
141,11,0.09780883670769569,0.06037549463464753
141,12,0.5317227658849175,0.36148820318042585
141,13,0.11567312808472963,0.1324819444165941
141,14,0.1503576087958498,0.37871971293709716
141,15,0.09578933687746805,0.2827631465500158
141,16,0.18188019007684808,0.015937336004238745
141,17,0.12691602010977476,0.046285107183225094
141,18,0.30449133817122753,0.36429248530822544
141,19,0.28451574594696716,0.28451574594696716
142,0,0.29382358657141694,0.29703515818914017
142,1,0.09155294218381638,0.01663350962973542
142,2,0.09638276326194983,0.021486118870832627
142,3,0.27496509864816243,0.2055764892150691
142,4,0.02277686816018676,0.13785469195595734
142,5,0.078022761339124,0.09997831122920164
142,6,0.19424219024053624,0.017799661654088972
142,7,0.4205939277975954,0.24771379141837624
142,8,0.5640512449641943,0.3815585279782385
142,9,0.30278387246276317,0.100290523771835
142,10,0.29983999897021585,0.1357561096127875
142,11,0.21189338714522732,0.30704829456633487
142,12,0.22070109031065632,0.025277269704824246
142,13,0.08475572583805224,0.015973092122234078
142,14,0.23264244557425506,0.17758929233275023
142,15,0.4218504815539821,0.4987605806263713
142,16,0.1398019875005403,0.13112625361002017
142,17,0.13607550095639276,0.11877287241990953
142,18,0.07281121417517422,0.05166601581837593
142,19,0.03864876760234992,0.03864876760234992
143,0,0.8168518828102131,0.2290975571411975
143,1,0.057538448921677254,0.020111081879878867
143,2,0.010496029578396904,0.07411224977677255
143,3,0.21390529840287487,0.0707590261900366
143,4,0.19195749083964175,0.3086973468484202
143,5,0.10697141276217614,0.22224342914652384
143,6,0.0036255424197113584,0.0646860402329903
143,7,0.27117455870552876,0.10262060751643087
143,8,0.12434121912694263,0.14778335235369422
143,9,0.36932910902334193,0.29430971558245567
143,10,0.06919750011459502,0.05309982051044093
143,11,0.19559084898447665,0.22606679059010837
143,12,0.2339255269342848,0.1615900783275781
143,13,0.5385761826618012,0.41967182684129023
143,14,0.13455037572500572,0.19079647681065515
143,15,0.348660297091266,0.20283747045568568
143,16,0.6895294350589474,0.4344940036914844
143,17,1.0927837344217721,0.25757089803587796
143,18,0.22067502260852034,0.136014672329412
143,19,0.3045528471991297,0.3045528471991301
144,0,0.24528606186077617,0.04214324304348738
144,1,0.11333903236901532,0.027792841227285425
144,2,0.8000990579688554,0.08822933878508188
144,3,0.43914397885507483,0.12074731059521948
144,4,0.13449227955874754,0.016651095941056848
144,5,0.15190155046015263,0.18336351687030694
144,6,0.005686023374363636,0.11241140539704197
144,7,0.47777659061930144,0.3973015456171729
144,8,0.16510632796942115,0.17992619007340682
144,9,0.035737148786235906,0.08725992093785084
144,10,0.16484339833372275,0.002920003950620753
144,11,0.3396280930148583,0.32883430090440724
144,12,0.009752798081860803,0.07002655488272858
144,13,0.2826142276342569,0.27284350904479293
144,14,0.15525092761148596,0.01659147209870193
144,15,0.10632255910789956,0.06273690221542694
144,16,0.24094228716571697,0.1954998950466078
144,17,0.30130799803853625,0.25299912927796964
144,18,0.13613521548831997,0.2106993235678769
144,19,0.39424348601689996,0.39424348601689996
145,0,0.09564398549316078,0.15415092374010353
145,1,0.1876285725968958,0.26289390772431265
145,2,0.010332731750501534,0.2601485072853542
145,3,0.21452156615021467,0.3852879038201005
145,4,0.13674764881156332,0.24041439140441145
145,5,0.2780797336434633,0.41609558813341607
145,6,0.2734150700801363,0.27210838522551795
145,7,0.30346572692279317,0.2407902433996374
145,8,0.08666462977878187,0.08967656401159818
145,9,0.016550881604081358,0.10505533010941814
145,10,0.17236373965390195,0.34499853130294245
145,11,0.16460339262628576,0.1399349949037081
145,12,0.027593437745006888,0.005207591587367055
145,13,0.1839171213523656,0.15131410330041284
145,14,0.025390780312341654,0.08291980706249902
145,15,0.0955133729589277,0.13257788669259885
145,16,0.15449497205107,0.005462100153704075
145,17,0.06261754840261347,0.06448552734547341
145,18,0.15758520066107318,0.35871818622582863
145,19,0.05135259437746287,0.05135259437746287
146,0,0.2997459071569111,0.2385000710090308
146,1,0.051530790982075025,0.13254159805380406
146,2,0.35506144705044385,0.35204582563307607
146,3,0.15794797132876504,0.19977921911535823
146,4,0.005770294218679695,0.05890416216927541
146,5,0.2648465665757662,0.16016618822214124
146,6,0.04681881783452013,0.014564147811775285
146,7,0.027042764011859788,0.08713840431024256
146,8,0.03543657511115761,0.042202474174259486
146,9,0.1046704651477981,0.073447924885234
146,10,0.1223280519787906,0.007802330538281943
146,11,0.030564391104717537,0.10111017574023862
146,12,0.0470663342283375,0.061183411832059775
146,13,0.2635153790885756,0.3769834511568053
146,14,0.31275944257381383,0.11952811973836486
146,15,0.004105063896491679,0.05307759341975338
146,16,0.12075049162339191,0.11782499832543625
146,17,0.1246778901565877,0.14220220823781204
146,18,0.17961751410133164,0.17970787322815074
146,19,0.16174164666826307,0.16174164666826307
147,0,2.0483231846448104,0.30594953012006076
147,1,0.2417871951861681,0.14487517934269167
147,2,0.24148168352270272,0.1810415721586538
147,3,0.25657355369293766,0.2624929989267102
147,4,0.034384252625943024,0.03961595404348106
147,5,0.30530214330586825,0.12356416646747581
147,6,0.5849807997092697,0.4159807464663219
147,7,0.17994849852050399,0.017081134991884017
147,8,0.25915206557959447,0.2678027345611391
147,9,0.1870175070925404,0.3049149715895747
147,10,0.15258345261112938,0.1958745271599489
147,11,0.08684819848963166,0.0944550939750215
147,12,0.036856464521697774,0.2182336756417218
147,13,0.55680972608618,0.30233800524971866
147,14,0.6801056791450524,0.532095271271297
147,15,0.016230156124446005,0.011812288068871801
147,16,0.0052430979687176915,0.03608699266518922
147,17,0.06165884612685346,0.0419195255073781
147,18,0.0011873637292030281,0.01354130500805617
147,19,0.2451728494350185,0.2451728494350185
148,0,1.662194806700941,0.0647190182081081
148,1,2.5955632515175378,0.45688285434028675
148,2,2.3278198758538453,0.16194847129422563
148,3,0.1305801804571276,0.029809155224856276
148,4,0.49387295248800545,0.32702896880201315
148,5,0.3499583525637391,0.20193516596615524
148,6,0.7481929906471478,0.4845744072022984
148,7,0.6701154969906242,0.25263463488154336
148,8,0.28530622820080964,0.20726655493852286
148,9,0.08563217053915695,0.06482656289447952
148,10,0.39104234404624805,0.256719571131212
148,11,0.17135139713963943,0.14437453971670866
148,12,0.3696255474982024,0.3718084718649495
148,13,0.35097471304033334,0.16585604259257458
148,14,0.06646228782332919,0.19982900854123642
148,15,0.13626181357322853,0.20480342362143578
148,16,0.07722389574697708,0.19698566886556224
148,17,0.20384451354832578,0.0765381321505787
148,18,0.3472581994113906,0.29025398569838057
148,19,0.1488165779410231,0.1488165779410231
149,0,0.1773127507401786,0.04054542342617573
149,1,0.0021819793246251606,0.13104265896903655
149,2,0.2737338361732866,0.12194823209871508
149,3,0.09475168475348728,0.04645832154043994
149,4,0.004977223667349762,0.045600140073108975
149,5,0.05600967680429614,0.12261700399167275
149,6,0.009424953437498829,0.07636312235507958
149,7,0.0918419087717095,0.040263975829802234
149,8,0.2749616891258695,0.3487920013871286
149,9,0.2067346845161624,0.2268327619389483
149,10,0.1122039026693038,0.11064754345903083
149,11,0.20319229458506172,0.11535535475564096
149,12,0.019727430237143295,0.08665494847494992
149,13,0.04321777464259213,0.1146128868761358
149,14,0.15913019770416836,0.10822614636993944
149,15,0.04093117486109943,0.017299553875107954
149,16,0.01564084603710514,0.05909281600101135
149,17,0.02313186334108286,0.05036246096819941
149,18,0.19296400632406963,0.3328378995510324
149,19,0.3585223843954033,0.3585223843954033
150,0,2.322395403613643,3.1029430518773715
150,1,1.1686024634709655,2.507358737104745
150,2,2.455649722913792,2.8979949727535566
150,3,2.7043495248795875,2.667631755788653
150,4,2.630839218852268,2.396182656104286
150,5,2.273015124077159,2.1127152387231805
150,6,2.0881161311109824,1.9708490982682023
150,7,0.6518843281972462,0.5554716093430399
150,8,0.4851703836813508,0.46814576502452576
150,9,0.35393416262948385,0.18582195780837774
150,10,0.2698283148203009,0.3194352212606719
150,11,0.24596660709936113,0.27837529797269633
150,12,0.12840600749528486,0.09274357263472321
150,13,0.04676645363777343,0.15817985587226246
150,14,0.0798459778959737,0.10580593495711188
150,15,0.48286163613735855,0.22825477275794093
150,16,0.7025479494401186,0.415361264274424
150,17,0.5899449970034971,0.35850145557253255
150,18,0.11968842052350803,0.05802543868142962
150,19,0.3645830132402841,0.3645830132402841
151,0,0.5712707067516938,0.03366544208504507
151,1,0.09847943734796427,0.005136523406616078
151,2,0.20341317859374897,0.1881623361158442
151,3,0.3047338026696922,0.3302373395530456
151,4,0.25358164426834495,0.35522400298296386
151,5,0.5031148865373085,0.4480842345275553
151,6,0.1543912324557577,0.03280298824533068
151,7,0.22990632267976485,0.15745791348481974
151,8,0.13322449510117584,0.15344785828556518
151,9,0.00032703594277849746,0.01771584724940345
151,10,0.2881651735529447,0.2940548234837346
151,11,0.45123729450362227,0.3031713905757778
151,12,0.49272783363736217,0.4409789760481546
151,13,0.3167357337935046,0.25603331340465907
151,14,0.3013934046917699,0.3522320757331867
151,15,0.4021141730787905,0.2632905684887712
151,16,0.07381025227411886,0.14947322827367415
151,17,0.09480168978813985,0.15989068003006146
151,18,0.19232327174704977,0.20799668412756045
151,19,0.04291210814602753,0.04291210814602753
152,0,0.44322805766603146,0.29272084698098455
152,1,0.17304328883776732,0.17229483408926782
152,2,0.01450932443894759,0.15251006824180724
152,3,0.09271020654390005,0.18248274195941372
152,4,0.25206091561191446,0.19595712394349185
152,5,0.18174529357090252,0.01911229450726104
152,6,0.0161217209116713,0.09065582601961353
152,7,0.13056227249130403,0.11902770699148402
152,8,0.05024507658058974,0.037063798600751596
152,9,0.0030476273266915044,0.0345123651503334
152,10,0.08369844136598115,0.1899417465746005
152,11,0.015342004601216264,0.04568298266760307
152,12,0.2157868878064173,0.005624618815168958
152,13,0.3217088284862246,0.238783979717474
152,14,0.2451915402634297,0.20095344482161126
152,15,0.29804585923833615,0.1309688974135499
152,16,0.12319756127374593,0.1711397785123303
152,17,0.25500786608603887,0.27356439153919254
152,18,0.03854899526992428,0.13209179421754103
152,19,0.2842361853288633,0.2842361853288633
153,0,0.12366373031375533,0.03541335577926352
153,1,0.22595585757683967,0.14536592871599963
153,2,0.37941863134394094,0.44801252960244753
153,3,0.22720707496960202,0.2961112264360324
153,4,0.09759968311313871,0.048398316419497434
153,5,0.38126184672388463,0.29759541065075323
153,6,0.20652207391371702,0.1263930810192182
153,7,0.05865397088011637,0.06794575540851833
153,8,0.2300233240204581,0.009905439881322753
153,9,0.11960594421509496,0.16023255291455074
153,10,0.6011045979084981,0.00466904844379723
153,11,0.0008564711130896185,0.24146408385610307
153,12,0.03942208675645009,0.12474007757490657
153,13,0.23119368824389408,0.3268725980494951
153,14,0.11741798333275488,0.06938392369821056
153,15,0.030776604713716793,0.10727149529090907
153,16,0.226430083646469,0.14042935825111158
153,17,0.2790834143527743,0.21504587107464168
153,18,0.3240346939971608,0.27700598613969785
153,19,0.16711261323654103,0.16711261323654103
154,0,0.2597117447342052,2.153940249891951
154,1,1.0068116533905282,2.4574606481390964
154,2,2.174641716654195,2.6711785851604084
154,3,2.74143995768293,2.7435505360306394
154,4,2.9158210468728303,3.1136555658794416
154,5,2.3907781529529557,2.2946410233891057
154,6,2.1264787708636894,1.4943557512412244
154,7,2.5277683732364498,1.6902164013695344
154,8,2.051892183243262,1.231296212922107
154,9,1.6601189507223353,0.5075202063115487
154,10,0.42214476426643444,0.018975581061994262
154,11,0.06930531518248273,0.045234707014016884
154,12,0.3200529366759959,0.14959490447544166
154,13,0.36106124722328214,0.30662732361508205
154,14,0.06587073193270232,0.16342095158685854
154,15,0.001974454920682156,0.10735817546047155
154,16,0.10462125698059843,0.17887529240439015
154,17,0.09688908216154335,0.10327026760678315
154,18,0.12660982157814438,0.24823671107917722
154,19,0.5660359037440159,0.5660359037440159
155,0,0.8661449584377952,0.186729439176458
155,1,0.5446853941727627,0.17782893364672248
155,2,0.48073636902102557,0.12220132079333235
155,3,0.15413472940490802,0.07506302791911157
155,4,0.32231431622124695,0.2772003512179211
155,5,0.336283436406803,0.2312236511991257
155,6,0.04113862931828294,0.03747258980232715
155,7,0.06020743821786123,0.08993574484055289
155,8,0.05158529355585362,0.041228581079710835
155,9,0.13435980865960495,0.015708690366951217
155,10,0.4216824976323901,0.26675840953628516
155,11,0.4315245481800245,0.20463684737807508
155,12,0.21379044372597678,0.11061214938392494
155,13,0.32805601693967823,0.12583349789220888
155,14,0.41206008995375143,0.15926439958112315
155,15,0.0715145221893918,0.2745921960280877
155,16,0.012526920843507483,0.03423006788966543
155,17,0.04569113619644183,0.0373720820341199
155,18,0.05719913618968908,0.006984518508070359
155,19,0.3234735800165156,0.3234735800165156
156,0,1.7026948631036047,0.12475222600240521
156,1,0.1854204314177661,0.20875375265577212
156,2,0.04825802669745727,0.08661401539551328
156,3,0.16961959603543608,0.34833565705179304
156,4,0.030477806545200714,0.013005373490128314
156,5,0.12853446423636683,0.09485586771683785
156,6,0.2647930120938584,0.22828997348999458
156,7,0.34014011602311367,0.36520968240718243
156,8,0.15954446464821803,0.14234728049849643
156,9,0.1822988564471304,0.21844784515620042
156,10,0.20545615702141706,0.25544029985532113
156,11,0.6047794431354179,0.3955061220616294
156,12,0.02923755114121196,0.07752236469800966
156,13,0.17084782690405298,0.06352817938082023
156,14,0.1583765015448293,0.15142642168490994
156,15,0.3431480559597242,0.3641661710146291
156,16,0.15275148239950553,0.15308341128694813
156,17,0.1433109052610817,0.052340825058432294
156,18,0.04150418280518853,0.21695139325458612
156,19,0.04347991303359233,0.04347991303359233
157,0,1.9512686116122868,0.13003582305794126
157,1,0.3963342622407193,0.25891318458213597
157,2,0.2617245718306078,0.17346477273350036
157,3,0.2791456805336505,0.2958410172005923
157,4,0.29747941359901375,0.20980447358156518
157,5,0.15303524284611836,0.19027980082295137
157,6,0.12036328485421421,0.1271630261460981
157,7,0.18029797260052582,0.2258610009962574
157,8,0.2917483706219315,0.07546786139328177
157,9,0.12849970276379086,0.09783057259979655
157,10,0.18172573583664065,0.2411605526337901
157,11,0.20129365587398684,0.14904286868125238
157,12,0.3683632782754631,0.3956689941336551
157,13,0.23823094128965616,0.1233745989180659
157,14,0.36530459719902986,0.22455377943108923
157,15,0.41437941096387476,0.301605936751252
157,16,0.0587163546888263,0.08184670389602289
157,17,0.16605959280168214,0.11719591627702997
157,18,0.4736041983964032,0.47740864419367046
157,19,0.46289281338369825,0.46289281338369825
158,0,0.24005270792928401,0.059567062982704755
158,1,0.28736110732516096,0.19178707298913933
158,2,0.264166382602268,0.2670508089886985
158,3,0.12039453135789202,0.0909799413759651
158,4,0.1394930954858733,0.17305628468161194
158,5,0.25086062424792566,0.2258195397204874
158,6,0.2201480213314735,0.1596422155910755
158,7,0.15529589828337365,0.03775973380689868
158,8,0.19388806275259274,0.10746335748638236
158,9,0.010715079215159129,0.09182062732724372
158,10,0.2214231419347863,0.12227030833146113
158,11,0.2923855380337326,0.3104713392863978
158,12,0.08065752714107033,0.04005307757324328
158,13,0.17412044852702202,0.032765359927376725
158,14,0.11201179428410635,0.14752513338883277
158,15,0.0850606766894404,0.12662870322059838
158,16,0.12847471137403144,0.25459639861627936
158,17,0.3304795348617917,0.25606140468723915
158,18,0.05845003999863607,0.01635328445664541
158,19,0.13979992335653835,0.13979992335653835
159,0,2.005560587287362,0.1562716645608031
159,1,2.30004103744134,0.11782198551245582
159,2,0.14159078052234442,0.14762350358126852
159,3,0.1210346079320832,0.06376519360505029
159,4,0.12608067012661817,0.18699567778578352
159,5,0.043439815154055594,0.029025701810163618
159,6,0.3097144415455686,0.1601896040982762
159,7,0.11359427094049135,0.1554460956115813
159,8,0.12218620475575381,0.10168490133515284
159,9,0.21500433096395888,0.1718490065493068
159,10,0.19705461316462536,0.22639039898706148
159,11,0.14352937849299252,0.13450932853798747
159,12,0.12365385431819576,0.1062760032324217
159,13,0.18339099872036435,0.011105169881606258
159,14,0.05297399458393093,0.04529467468305182
159,15,0.13178462758611342,0.11306292947163987
159,16,0.041801703478855146,0.17540700834673073
159,17,0.28204917079013514,0.12743761367510853
159,18,0.40067668875131757,0.2609283117074659
159,19,0.044982150669404586,0.044982150669404586
160,0,0.4415517164641374,0.3856877513940553
160,1,0.02499867614099749,0.028035927665683857
160,2,0.519429964046811,0.4413329196605016
160,3,0.0037649128082311023,0.08576693207280606
160,4,0.12023423118542453,0.26957221429537626
160,5,0.3904138713198,0.43380179894553006
160,6,0.20247153556895814,0.15581204403063165
160,7,0.16861675504631624,0.17023265626901907
160,8,0.3937986666936766,0.4140677491671285
160,9,0.43362942184602016,0.36149909092955834
160,10,0.13232409841799697,0.03863069422258292
160,11,0.3309906913478793,0.34159520825273226
160,12,0.22634752876885322,0.3060113523482748
160,13,0.19050607928451502,0.1908049606497615
160,14,0.2483623391400558,0.0894905547085898
160,15,0.20615112592213247,0.146235395351348
160,16,0.02908679275081827,0.15596239675963997
160,17,0.39587723987053014,0.18751278107222724
160,18,0.29755404017859277,0.16736845917492538
160,19,0.14658059320048,0.14658059320048
161,0,0.2695307316912423,0.24356005462629104
161,1,0.1923260205653019,0.14918261889950202
161,2,0.08905864428799504,0.06724545533510495
161,3,0.06671557738624267,0.08577898474359946
161,4,0.5218558748489697,0.46926647527401855
161,5,0.047080469670786496,0.015576123836373412
161,6,0.051781966725518824,0.0022017069178392745
161,7,0.12275245508119115,0.11887513822884754
161,8,0.46788325339268955,0.4639199451628828
161,9,0.19681639486437952,0.21436384797904662
161,10,0.39480671506715925,0.3922339247294975
161,11,0.6870163503366857,0.6232755719574898
161,12,0.3843722469948183,0.25910727397262256
161,13,0.6677557743086506,0.5416033062092174
161,14,0.21094655327622291,0.21254570073381984
161,15,0.20136644685807603,0.0546747224235995
161,16,0.22968607964225107,0.13610089454023644
161,17,0.05692646185148931,0.02171812997009681
161,18,0.3823956127758965,0.4556008936001268
161,19,0.2066452109897483,0.2066452109897483
162,0,0.16046167028876201,0.17762830668851226
162,1,0.11367117176113695,0.1496085240521028
162,2,0.3598445167191784,0.4985171321204387
162,3,0.5315635516039867,0.45311177976525396
162,4,0.2831776596267108,0.2360577449292247
162,5,0.28681323838726414,0.14359342795954877
162,6,0.2314915682872991,0.2030064355840162
162,7,0.1625230526512791,0.2590938179721425
162,8,0.15010068794743425,0.2365728826023492
162,9,0.05248678210223279,0.1803930936117557
162,10,0.2524957964442609,0.33551041067168397
162,11,0.1049141954893642,0.061132418274946865
162,12,0.07109876251519731,0.20091387984098663
162,13,0.27842608192931095,0.3508256992258074
162,14,0.30182235067497176,0.3873453201178445
162,15,0.4042893714524034,0.38568678782242305
162,16,0.26274284680510807,0.18756621562625453
162,17,0.31127838619739245,0.24098649209603717
162,18,0.010348326186671475,0.11552438506630525
162,19,0.000498146140031519,0.000498146140031519
163,0,0.5967689102801383,0.016576753488028118
163,1,2.5892115629720056,0.028497977251728646
163,2,0.05817566409661756,0.10490353156371235
163,3,0.08120447271819886,0.1962821517658706
163,4,0.15881781038005593,0.18783239379419348
163,5,0.31983210692166786,0.3247347556035738
163,6,0.11566483235421332,0.05197222461555029
163,7,0.3958344002969598,0.33387620528045403
163,8,0.2826603929075846,0.2746310774643006
163,9,0.46257195811434837,0.3608665505942015
163,10,0.09909095585979744,0.14789157686598298
163,11,0.12211065530556553,0.19948178981454312
163,12,0.07938329915520637,0.018253432607666653
163,13,0.041857894573376075,0.01808670462711648
163,14,0.4254878564986977,0.3014523181541757
163,15,0.43419105257251367,0.2489490563795771
163,16,0.07433796545213811,0.03255075408283714
163,17,0.07093720429872485,0.019651684545195724
163,18,0.2772810725996866,0.19927540945223354
163,19,0.010488000715086265,0.010488000715086265
164,0,0.647682532161209,0.2012626427620514
164,1,0.04477842771694096,0.005433350358848621
164,2,0.280721526317385,0.20366772989283533
164,3,0.2936559146927067,0.48614825902169656
164,4,0.02088217865466646,0.014285040156813977
164,5,0.0917398968391554,0.20674033712477957
164,6,0.14771278080562045,0.07503474275024224
164,7,0.11371596388477379,0.0003333309241204674
164,8,0.03544680443165138,0.14363062149585648
164,9,0.07617893778390084,0.03506984528073431
164,10,0.04218963047746094,0.09407408113881388
164,11,0.21678629316759324,0.12207816162855067
164,12,0.2003180110306939,0.3246820032985802
164,13,0.20637503388273526,0.013682744318565199
164,14,0.2588212155727678,0.2490695378435559
164,15,0.19250311548460353,0.040542417902712735
164,16,0.2287792048281343,0.047594225281770264
164,17,0.3870684030895468,0.36214432094490867
164,18,0.05901018397107283,0.05924469869176896
164,19,0.22597263126631795,0.22597263126631795
165,0,0.5217566365129471,0.1799837725862954
165,1,0.6268536079560674,0.12313757923122637
165,2,1.9004761213804402,0.08233088712767511
165,3,0.5677880921033038,0.4785452666434189
165,4,0.2870380092323561,0.18451501244810675
165,5,0.2899113274833258,0.17612978593721618
165,6,0.03943347906068606,0.10481774357967488
165,7,0.01566097767995167,0.06905194963741135
165,8,0.014807120674538155,0.09124389808971411
165,9,0.03830844570834113,0.014666695929916429
165,10,0.09839835865415303,0.03432915614323484
165,11,0.24017943212121118,0.14613725619945672
165,12,0.469973214837375,0.3515418292406629
165,13,0.3482866679139178,0.0870486053143491
165,14,0.2869012578886787,0.17462984265360237
165,15,0.4645724685172947,0.40781050968237764
165,16,0.37248152026408565,0.024202300947299804
165,17,0.07149303395980233,0.1077387513156216
165,18,0.07372823925762972,0.04634132844917582
165,19,0.05296246776237146,0.05296246776237146
166,0,0.887860040908441,0.271465968142917
166,1,0.35423922967467636,0.2895285253310025
166,2,0.008011639908954038,0.19646787662761156
166,3,0.5241568579799045,0.30271877382235424
166,4,0.03641576022987891,0.1297175574123388
166,5,0.02039340162627301,0.05542590060568209
166,6,0.029515243129595525,0.05600774139664022
166,7,0.11344099061144242,0.10443589600406256
166,8,0.007348055436295908,0.04338161396451312
166,9,0.08865186930819835,0.040634685966379536
166,10,0.17105600995789771,0.30954308166621747
166,11,0.13600555704840112,0.10109601713238181
166,12,0.07401060964619965,0.021392804723943115
166,13,0.07203144145120888,0.00899994790176617
166,14,0.19173233817537927,0.2547225063002685
166,15,0.40095570065224795,0.305753161487762
166,16,0.21264415770675527,0.15094027244731922
166,17,0.13220314505045305,0.1085173302873832
166,18,0.11332527029332606,0.0005457397965500377
166,19,0.12218089204614913,0.12218089204614913
167,0,1.8566919051414608,0.43625937418672756
167,1,0.2888579759982459,0.2500279362615543
167,2,0.04029993795317033,0.09519756191933748
167,3,0.0016402156036186,0.10313799382532185
167,4,0.4334527277180973,0.15409213157919677
167,5,0.1530922914281514,0.033819086248401575
167,6,0.24630832994556373,0.3194543032377468
167,7,0.16911003344893327,0.20835267998555596
167,8,0.15173655511729267,0.043029955071011816
167,9,0.11346908817793189,0.030547781269587126
167,10,0.0005217671660124878,0.17215235926273742
167,11,0.09215359542254387,0.2879474563218034
167,12,0.04838503470342115,0.06099383724750407
167,13,0.1928278507598975,0.17877742197473623
167,14,0.3402262883004088,0.22835746673522017
167,15,0.4782069048839199,0.2697686336838281
167,16,0.8983914238344708,0.390355575058166
167,17,0.3283514347037384,0.32666793330352917
167,18,0.16718433167465552,0.0736183389250522
167,19,0.27678044846649197,0.27678044846649197
168,0,1.7187273711635358,0.20819634663148712
168,1,0.5687726451699904,0.40503420048886873
168,2,0.289223335987705,0.3217549153202457
168,3,0.12484644866595751,0.12904269658768364
168,4,0.01469954149966668,0.046330693942995715
168,5,0.01761975139119265,0.07736981492819162
168,6,0.3469171859042195,0.3622494520035211
168,7,0.4199190867707916,0.2504474309582081
168,8,0.039968653230320506,0.20952041957996315
168,9,0.2531271779940578,0.011675212586093497
168,10,0.540797732098004,0.23874560835313519
168,11,2.9372742439667157,0.1607955309336333
168,12,1.7507510882231276,0.053260567641009615
168,13,0.18594385659072632,0.005672587619120151
168,14,0.443463139937343,0.4040342893165194
168,15,0.5740897356375068,0.3396667610050086
168,16,0.157043832147294,0.08689845628794624
168,17,0.5036517299614482,0.5776753653662148
168,18,0.68099792356597,0.5348730988375383
168,19,0.15417004443644355,0.15417004443644355
169,0,0.617808708673965,0.16280365439649547
169,1,0.48755698451611185,0.6153071893280107
169,2,0.1862831352734804,0.45410841819698033
169,3,0.8616165419297568,0.6124094405582081
169,4,0.38404642252463894,0.10181270075102056
169,5,0.2198033915988975,0.15315826670970223
169,6,0.006478416766485751,0.003535398212204832
169,7,0.3170544618707325,0.416441291836823
169,8,0.32442594787338086,0.1547175393552891
169,9,0.04868488648072855,0.16500838462919276
169,10,0.03869277253925629,0.0782073558094809
169,11,0.45061716391864115,0.5525716941226708
169,12,1.764434768671804,1.6302347431016484
169,13,0.6271224590539894,0.7250441393893041
169,14,0.09904865698241361,0.41648115241646977
169,15,0.93112721228117,0.29449055050217554
169,16,0.09479293843683845,0.0656502297600996
169,17,0.3297359859043576,0.2718200667997488
169,18,0.1886659602722638,0.03937418841027984
169,19,0.2832189074068143,0.2832189074068143
170,0,1.2348119892967893,0.31265851986943494
170,1,0.6148745914799392,0.21619416969875527
170,2,0.016096340276717136,0.04537044252396161
170,3,0.1010555430576967,0.06352801086801518
170,4,0.15620054586012877,0.22340667973237505
170,5,0.2878744090554983,0.17020896406449504
170,6,0.2542077916857832,0.2248656066475614
170,7,0.22205692986386305,0.0688060815539635
170,8,0.20777822491894415,0.17520610922860502
170,9,0.037446838753758094,0.21502523530560502
170,10,0.01703790171863062,0.0643043240434924
170,11,0.15131869131851383,0.08285464220259442
170,12,0.10106479169264926,0.15762881737898304
170,13,0.016655042686407384,0.09087835414177725
170,14,0.25682258794012647,0.07902049092987395
170,15,0.27060617887514127,0.18918526504409217
170,16,0.199398785064131,0.32831522047378137
170,17,0.030331485557223203,0.03625595275911131
170,18,0.32944278967794993,0.3063146431091308
170,19,0.2560197568616154,0.2560197568616154
171,0,2.1194720903792597,0.17905266220394633
171,1,0.0028704362892071345,0.10271876672065128
171,2,0.14671564532143488,0.16535949842313302
171,3,0.16044895230019662,0.10179910122801461
171,4,0.19747458134089735,0.18692795324332856
171,5,0.2690211289404201,0.24158674709626515
171,6,0.107372653521836,0.07909906727185456
171,7,0.020200614266864036,0.03916526147408694
171,8,0.31084230536114577,0.3215207722661759
171,9,0.12895062470559537,0.046684776212576384
171,10,0.010476622825032145,0.03682130550200968
171,11,0.3498791921134021,0.2823086949528051
171,12,0.2630713641711031,0.30447007679241045
171,13,0.13133453267389417,0.14417187644232854
171,14,0.020805319133421207,0.0978302913538891
171,15,0.01684082364560613,0.0180707761369856
171,16,0.1362840028742811,0.11406567997355932
171,17,0.013712811626233723,0.04621538344240683
171,18,0.2657099945157122,0.1627384360396169
171,19,0.6464017879661248,0.6464017879661248
172,0,1.6632251536189373,0.2721129942564824
172,1,0.2654087018725928,0.10401118115387176
172,2,0.049727970291431944,0.4244983608190065
172,3,0.20891609640792597,0.14031667637509626
172,4,0.05126515321457292,0.05643637814976099
172,5,0.0897116219525449,0.017631632310620482
172,6,0.046595267394554885,0.0919215692171238
172,7,0.4297988532739976,0.29562829103257027
172,8,0.11326927814347876,0.08758287837212908
172,9,0.31009316059419145,0.20427633700041614
172,10,0.20226134924983885,0.009596723361285697
172,11,0.26077043843038217,0.1485338879940481
172,12,0.01734054456382106,0.12460058076575953
172,13,0.10552678209734001,0.17544840674594475
172,14,0.25337973912599576,0.32911864798389345
172,15,0.04238352549684299,0.12845723305056866
172,16,0.29529491639323213,0.21462422365217204
172,17,0.3699197683352624,0.4109640893164763
172,18,0.13611814388531762,0.19448898187926567
172,19,0.5368090463548723,0.5368090463548723
173,0,0.2448243189839645,0.012435456311011617
173,1,0.32563025225705333,0.3448960761958251
173,2,0.3516112615086966,0.1101304541533703
173,3,0.5434665358323323,0.12654737119001913
173,4,0.16921571757873455,0.057637231178892634
173,5,0.09100544131221788,0.203166294399324
173,6,0.36490295841600995,0.2707366916157268
173,7,0.2522199451651428,0.23718275663194932
173,8,0.4108182065679111,0.4101374094345056
173,9,0.039830508359366856,0.04323378747625961
173,10,0.011123455780979619,0.08271864460190237
173,11,0.20925960892983797,0.14347405139583902
173,12,0.36329491747480347,0.24276434473209996
173,13,0.5294571421514784,0.47860879264183964
173,14,0.13288176355889192,0.036913954341401656
173,15,0.13710908336502658,0.2612199907784829
173,16,0.2876191879826582,0.304488122559297
173,17,0.24777576705414095,0.19221037047809109
173,18,0.0920813814994248,0.2667088674698892
173,19,0.4050225202764164,0.4050225202764164
174,0,0.38583859518225694,0.3735050995052971
174,1,0.023342941101907044,0.11788245665640851
174,2,0.23686927940262947,0.09248491971050843
174,3,0.20838067306255903,0.29017072629682694
174,4,0.03786690720175301,0.03219228960634446
174,5,0.07772138431175257,0.133572220499091
174,6,0.20139501257004788,0.16359490277841626
174,7,0.10835681081153581,0.14395568206128218
174,8,0.168036463135949,0.06642740501615219
174,9,0.09180120484984933,0.1487725382398537
174,10,0.113941871424184,0.06484824775945341
174,11,0.33532968624994464,0.29148922141514344
174,12,0.20271414390944908,0.0760402046567652
174,13,0.03472522215496543,0.046623449996493704
174,14,0.12883196348244041,0.058957600882265204
174,15,0.3385909956921651,0.24889123592883422
174,16,0.05727522091949577,0.07666770829447778
174,17,0.1056135003000005,0.11243956283429668
174,18,0.002389475287047027,0.014311173740937377
174,19,0.36155065675878184,0.36155065675878184
175,0,0.8097085714352921,0.2807930179962126
175,1,0.4981839941585342,0.049697645070902574
175,2,0.3422403173308952,0.20320985976295347
175,3,0.15161330254553906,0.09819160456476306
175,4,0.19639845481325757,0.1326453307472404
175,5,0.1983028330156329,0.05172852489498592
175,6,0.028206085180479512,0.09415724835638128
175,7,0.43338372835445416,0.400099134251068
175,8,0.09148285236498932,0.08811754922097226
175,9,0.1851056575421759,0.024638493499620218
175,10,0.313483091945141,0.08242022966197649
175,11,0.24175174546154654,0.35269374674527443
175,12,0.3458869038162815,0.2270614968015865
175,13,0.11699568361026769,0.08942327518191284
175,14,0.08467802052456896,0.004153130843643105
175,15,0.20395543818034856,0.22519421033852138
175,16,0.2573766761028793,0.1502991544579313
175,17,0.24130116654421263,0.20037532360170962
175,18,0.4614021410860647,0.42389166285942403
175,19,0.24121500409363028,0.24121500409363028
176,0,0.08498428965337901,0.14687296533058802
176,1,0.3162566165713798,0.1796577345726882
176,2,0.316865730149158,0.24914681023491259
176,3,0.010661540301149852,0.050864094277194294
176,4,0.0529148346194237,0.05170277008030855
176,5,0.39923590371902584,0.2870676596623829
176,6,0.23609132233126573,0.17116054994924168
176,7,0.18950497057566285,0.1435480688506443
176,8,0.29085540901372475,0.21072502878917065
176,9,0.5281953495709075,0.36975956864836323
176,10,0.08177046446590941,0.058523783501935434
176,11,0.20208519783247425,0.20550929476516266
176,12,0.0593390043351576,0.07102909350644238
176,13,0.08417280770997504,0.14286670021228343
176,14,0.0005097855231204207,0.017810319793387652
176,15,0.3018885288694588,0.20087946231893206
176,16,0.5038136732344496,0.5023812904037941
176,17,0.19895302803667292,0.03181742736950133
176,18,0.10156121025655462,0.0034509662840678246
176,19,0.18587502016221258,0.18587502016221258
177,0,0.1690634638774382,0.4505395537217636
177,1,0.6740900744429617,0.6085967464964415
177,2,0.09090494336339772,0.0014263330881414404
177,3,0.009772904738482247,0.0676015742608369
177,4,0.043329199446729305,0.07693180572587277
177,5,0.2399674229558415,0.25600515928697165
177,6,0.5016155719319015,0.4431988728202727
177,7,0.08602643128090293,0.04421766397398974
177,8,0.1843790368526239,0.0961750258245786
177,9,0.0036800736015791813,0.023165144619615052
177,10,0.1193796660151718,0.011366751591824542
177,11,0.33383142552604905,0.32458027669517886
177,12,0.21404631840903976,0.21072236025584035
177,13,0.11214744401631904,0.01159846573043044
177,14,0.11088611975562834,0.045735729382098356
177,15,0.20192022503708396,0.20325223211091803
177,16,0.6248999652261236,0.5713214331097114
177,17,0.3053885438485566,0.16593950428997184
177,18,0.06796177873750242,0.14106836781547827
177,19,0.1039333736175112,0.1039333736175112
178,0,1.1796643942862803,1.1841035919333094
178,1,0.2941343352984971,0.004186914423086385
178,2,0.16374923085980875,0.04020173260478277
178,3,0.4067622016836414,0.4455386039190925
178,4,0.4845989874179737,0.3096994742351713
178,5,0.01509888362627576,0.22882247672156542
178,6,0.409395884827938,0.19132209646633092
178,7,0.08345237051511223,0.018855814177205943
178,8,0.08169101305542048,0.03940524052102301
178,9,0.02371311209751026,0.08470048583697531
178,10,0.20428461391099706,0.22544099399685003
178,11,0.5095531039688037,0.41717594277467285
178,12,0.1337156848771528,0.251139172905797
178,13,0.030255642566841878,0.14030264804894177
178,14,0.10222843343855859,0.05334456008329669
178,15,0.18800496026843216,0.12034870123831753
178,16,0.13784508744071067,0.038477850983067
178,17,0.3084031989828482,0.3046777501066513
178,18,0.0016096847268980419,0.12424624524889616
178,19,0.24959574053758926,0.24959574053758926
179,0,0.2129786531614446,0.23836315416927079
179,1,0.08158822847808977,0.15559256897553642
179,2,0.11380509064244837,0.20495895275265408
179,3,0.37831710593441326,0.15176975636585688
179,4,0.3934083859432622,0.2207681335621583
179,5,0.18187611736676645,0.07803858243184703
179,6,0.4364529920106741,0.2900002158578001
179,7,0.12882949340871797,0.149454766755579
179,8,0.1120344405620961,0.16560051110660368
179,9,0.11626367474557409,0.05726704373701175
179,10,0.06230374510431291,0.23663916780078598
179,11,0.049211455795290515,0.17129321563582023
179,12,0.041990246147112664,0.04799492714222264
179,13,0.11238988759671109,0.022618855910171654
179,14,0.059154155240414674,0.017255579720334424
179,15,0.14994368631310095,0.01624344151488888
179,16,0.10071494131373626,0.05580666077343821
179,17,0.40918286449971486,0.16904193355508035
179,18,0.36798019178238484,0.3399505165838006
179,19,0.21600511854124438,0.21600511854124438
180,0,2.454058483901864,0.05518995160382545
180,1,0.45656547995456576,0.15038054346991192
180,2,0.062115187770027,0.13619869856589828
180,3,0.16093425937363115,0.22096985149410697
180,4,0.029243737269196046,0.06570221848307378
180,5,0.1833620785510126,0.17101054320952214
180,6,0.00689210649958838,0.10644063259843861
180,7,0.16072188379007457,0.03738089788725407
180,8,0.7725048314328875,0.5772422583749766
180,9,0.270509849656416,0.13627198142807417
180,10,0.15274104329136717,0.03421258561616369
180,11,0.02259658062936465,0.024103357877478526
180,12,0.31214130706021637,0.2067021692501343
180,13,0.19435410080940985,0.03926219161762878
180,14,0.357039826972791,0.412554203611986
180,15,0.016388001786018958,0.006732158834084956
180,16,0.07797460919987032,0.0482019521612842
180,17,0.14506379439178962,0.033938728904963966
180,18,0.48330901306905627,0.3418334698863581
180,19,0.22364298193321197,0.22364298193321197
181,0,0.057283358454815136,0.2561978537709386
181,1,0.15957213071675413,0.062161297020351114
181,2,0.2986502710203496,0.1750696567805674
181,3,0.032306743499442625,0.002618647691754905
181,4,0.20403933166479948,0.19949057958007455
181,5,0.09837765811727284,0.05379025242849789
181,6,0.13228287500090374,0.004918735798669971
181,7,0.13018506409377917,0.1614612134692921
181,8,0.3197857803124826,0.40432081687181043
181,9,0.28053416454396984,0.2797660899497427
181,10,0.1599879421052366,0.10267928293628614
181,11,0.11449104671804733,0.09112621115487718
181,12,0.09358402450879488,0.23309165356515216
181,13,0.019368219606560988,0.04016255885052544
181,14,0.2990553975482517,0.13863243033221684
181,15,0.14311051371957495,0.030056818833576582
181,16,0.2480457944394887,0.045524738643729634
181,17,0.4179734233735086,0.3153355556674251
181,18,0.005654295748423799,0.172836004774632
181,19,0.10440629516688249,0.10440629516688249
182,0,0.42217080891500913,0.11520911903884823
182,1,0.03392133825455623,0.04042185193230985
182,2,0.6517700810801448,0.013182942800245456
182,3,0.8532451063202755,0.30328996889865767
182,4,0.12619647730448103,0.01938228526083874
182,5,0.08693236470368282,0.08007960626877697
182,6,0.25466192807818855,0.22215090707192475
182,7,0.3386575505272913,0.3745586761196318
182,8,0.10444683345309969,0.1276715523509031
182,9,0.16158092649848355,0.14272593741094308
182,10,0.011355382786735646,0.06256576675275749
182,11,0.103272180328704,0.013365829021153353
182,12,0.1464860239065704,0.09546073611719841
182,13,0.09525164449816614,0.08121731262075871
182,14,0.2490899907223607,0.2526673965326003
182,15,0.2817976780735343,0.1882131578977111
182,16,0.1442343402622961,0.022469228947479714
182,17,0.08503058687597287,0.10553654977712101
182,18,0.0792243430214552,0.10817052610092803
182,19,0.09329325165808067,0.09329325165808067
183,0,0.5845295326988706,0.17516223974253453
183,1,1.1352854387320361,0.1537309659380588
183,2,0.3114024642244715,0.17891402827069136
183,3,0.22848052013927322,0.05842987867381755
183,4,0.14087587504363253,0.181820594112728
183,5,0.30721924765669595,0.48393494198091425
183,6,0.06987189889114731,0.16743958498224742
183,7,0.003655185618541168,0.03875038476277837
183,8,0.38786430505250724,0.25783827488621824
183,9,0.227547057723668,0.2554907119859591
183,10,0.4339552466839329,0.19650914926311902
183,11,0.43901272868864716,0.10030955057458524
183,12,1.1612613140398826,0.1944649218885779
183,13,1.9395866526815464,0.14790900674207208
183,14,2.5187825261148826,0.2624324964531177
183,15,0.1227018015214596,0.004774743603260578
183,16,0.8580058867183866,0.049434935072116826
183,17,0.16538667932741458,0.013326011047514186
183,18,0.22230226595849745,0.15400610106994295
183,19,0.1783947817547844,0.1783947817547844
184,0,0.31961074165027403,0.06777163978619027
184,1,0.1459234834763703,0.10963147198940826
184,2,0.16038074767159038,0.11611522316086109
184,3,0.21778954692816832,0.021654366113638357
184,4,0.2664777421924285,0.13086392180061335
184,5,0.0634151402909282,0.12621500514523643
184,6,0.3968364224736689,0.11153821165553435
184,7,0.07748702917012684,0.12785057176010461
184,8,0.05520170755367504,0.06437977387596705
184,9,0.04517010244635555,0.12490690418653294
184,10,0.31512594873058397,0.060305630234800844
184,11,0.7929540117935048,0.0721219767751089
184,12,1.8417071108244443,0.0009264175074825687
184,13,1.7958640049613628,0.30410116326595116
184,14,0.07894683407536984,0.1750448981299808
184,15,0.12008826837678832,0.26524008890513606
184,16,0.8029915166876629,0.5952803262677246
184,17,0.6434481403205794,0.5857691569330896
184,18,0.08904000626635877,0.07227780326822941
184,19,0.1662890395977321,0.1662890395977321
185,0,0.2312924542061845,0.267791758878837
185,1,0.45861699691882585,0.3990277311185828
185,2,0.2032621695929535,0.026342885593440002
185,3,0.03712393286961024,0.0275508871778678
185,4,0.19189322747216142,0.03950807716060911
185,5,0.11740011214843538,0.26766199366699617
185,6,0.08988627085108991,0.15199584947026779
185,7,0.20290993244309785,0.1874748673345792
185,8,0.24617900659488612,0.22178205929917993
185,9,0.29496635948878414,0.2780317973661859
185,10,0.004443204697873959,0.0301334064247456
185,11,0.2327152519549145,0.18690269282089567
185,12,0.10575685663582846,0.04454922748416834
185,13,0.18733672196711115,0.08321473193414075
185,14,0.24684247903317313,0.34334183926342376
185,15,0.3198805782998093,0.14042911690575188
185,16,0.12289597627896098,0.22742024517982617
185,17,0.21060951522634763,0.3671643802016109
185,18,1.4905541036342624,1.6387870655095353
185,19,2.1361338911630945,2.1361338911630945
186,0,0.04809448909009717,0.03914839202144904
186,1,0.1326561425068009,0.14912237867992761
186,2,0.05148564352722396,0.1677148173587959
186,3,0.17776298307561778,0.09011912442479009
186,4,0.15318185146803298,0.12281805922504052
186,5,0.007506490899872986,0.13052685223111915
186,6,0.12455117775765867,0.07434954414830663
186,7,0.21819302253880224,0.33701150705548955
186,8,0.3157636186325865,0.3542587993104238
186,9,0.05677721091685228,0.05892655359164767
186,10,0.49946280074026017,0.47339889848648653
186,11,0.3407683366357386,0.226955487102952
186,12,0.48795547664465566,0.3483238165357081
186,13,0.16883218396344102,0.04160528803857666
186,14,0.1436244387056531,0.11889780683516005
186,15,0.08010554047868279,0.1223815208499035
186,16,0.13154882901007348,0.21879685205027144
186,17,0.07174109126540529,0.2418154211033654
186,18,0.03533589339124443,0.03736718515167503
186,19,0.03582274262121121,0.03582274262121121
187,0,1.5398394753468008,0.2580456231459567
187,1,2.1956582342991426,0.14534226872679312
187,2,0.26739492898108397,0.04496399559751163
187,3,0.04002598321864381,0.012879576427511363
187,4,0.09428873094528267,0.01479394778873555
187,5,0.23117397864265055,0.1896981913766882
187,6,0.16153116350741614,0.018599493659487987
187,7,0.25696959023521115,0.22252237035157219
187,8,0.13038960365904018,0.28153463651192423
187,9,0.14623795444401555,0.17316133920048138
187,10,0.013570106789529746,0.013343896487259421
187,11,0.3113669467685609,0.4218318481349024
187,12,0.13487343726356116,0.02892839536302727
187,13,0.13542137097898888,0.09997997259419567
187,14,0.12359637173722726,0.04816551807578495
187,15,0.1414804709000026,0.19286965397969658
187,16,0.11328204279803433,0.09455131498890568
187,17,0.02408474487213752,0.03720609521921814
187,18,0.07742264142826727,0.10222112953875717
187,19,0.20951300520740723,0.20951300520740723
188,0,0.5428614914473382,0.1601534863394356
188,1,0.08153514689285402,0.18616726173044817
188,2,0.4303322774685796,0.215709093173456
188,3,0.03763913083143411,0.035803611300239346
188,4,0.022833350353925752,0.024343063949075372
188,5,0.2376089292293413,0.29585636513369895
188,6,0.3480152540992911,0.24771729913299456
188,7,0.29623563040999823,0.26662990269831255
188,8,0.1882735139827023,0.15029560598031466
188,9,0.19908883658138965,0.300175475947257
188,10,0.28509365641580153,0.08099490270048815
188,11,0.4335491076029081,0.19678639984056456
188,12,0.42223600281264506,0.4037061256910368
188,13,0.060115703666304476,0.05848074395947922
188,14,0.020368480204727035,0.1169568555538536
188,15,0.1165285078702265,0.029750039472032697
188,16,0.20759569215570028,0.10205062403179088
188,17,0.1479869672638472,0.2587646866209168
188,18,0.039766304061664925,0.006597074289036442
188,19,0.1712193826247237,0.1712193826247237
189,0,1.4058182916932012,0.08473983913848748
189,1,0.20595323221869588,0.3016818019716636
189,2,0.38362491951909217,0.11182121272299028
189,3,0.16596926693758896,0.07222160209867479
189,4,0.37165482281341866,0.3674966009683689
189,5,0.3282474550918115,0.05022493360557423
189,6,0.8532513890631384,0.20411262825586984
189,7,0.1479992210088379,0.0045202333200644595
189,8,0.03397081894851661,0.06014166503129559
189,9,0.016033564895143293,0.11264045705804815
189,10,0.24010439511595116,0.19086440213070155
189,11,0.1356459484507755,0.0254838190171931
189,12,0.28882367157026234,0.0056454970504407065
189,13,0.20522009377919836,0.4834996499362818
189,14,0.1840061642473283,0.008115249956974768
189,15,0.16592287988787602,0.18377205472879643
189,16,0.21567058476408585,0.11771028030351571
189,17,0.08045822398825431,0.1841839022649161
189,18,0.46984139569513506,0.4371856554211311
189,19,0.0775815074982531,0.0775815074982531
190,0,0.02195729644838096,0.06683452340269547
190,1,1.7065291256989612,0.5822481298162723
190,2,2.1102962895872075,0.23147031864391154
190,3,0.08202742726182954,0.03591609431452447
190,4,0.2355353413178971,0.372753893746288
190,5,0.05359510362142972,0.02089534077888011
190,6,0.24889285535615802,0.08499159554458702
190,7,0.27075654338138966,0.200519034015461
190,8,0.02894192115430494,0.1338539869695765
190,9,0.01681997004887359,0.09599697360747106
190,10,0.05004021971876105,0.1372394256371816
190,11,0.05277416524546252,0.09949523376623981
190,12,0.014490464434629757,0.02858135374727322
190,13,0.07295891619492156,0.14925591402697336
190,14,0.3359120500438686,0.37694873460703304
190,15,0.4685389570482381,0.5048729197336224
190,16,0.4124106538873784,0.38814350748695414
190,17,0.1327928733502639,0.13037425069675557
190,18,0.08984922653764782,0.0525159253928158
190,19,0.04317319672698883,0.04317319672698883
191,0,1.4953828368817093,1.0477338508590113
191,1,0.7470995805416756,1.0239597972431018
191,2,0.06613359960090737,0.12479643576097432
191,3,0.1358686767848667,0.011668453251214572
191,4,0.05835876732686884,0.15082100162410583
191,5,0.22009009933415546,0.14601611620575472
191,6,0.26933179676351404,0.15819691771121303
191,7,0.16545246260925417,0.1042445002075878
191,8,0.12742869327044204,0.2981690547028819
191,9,0.5953446812363286,0.30878425649814556
191,10,1.5739780177356666,0.04168465113421327
191,11,2.139025009304028,0.044756413500975256
191,12,0.08901366877478001,0.09017300213620594
191,13,0.12387166406416483,0.2541069976871215
191,14,0.2856316623325421,0.25292095102195855
191,15,0.12854003073598097,0.05389028706806087
191,16,0.12638558985630155,0.2716362521143818
191,17,0.09927804116879457,0.11598838451983884
191,18,0.1644422298069257,0.05786017742474314
191,19,0.0040444219219022415,0.0040444219219022415
192,0,0.007863876415748372,0.3127516814832507
192,1,0.492311595583828,0.40586075790468357
192,2,0.25119389756111543,0.24927934629921555
192,3,0.1682355346755986,0.19884791826551407
192,4,0.2431526151625496,0.26833187446117757
192,5,0.029242744157552458,0.19485043371754562
192,6,0.05725345105613089,0.17847178253923568
192,7,0.06629373294735963,0.008106989173902512
192,8,0.08842050797008305,0.059405898683137615
192,9,0.2824522493678412,0.09705602507790623
192,10,0.1753573826512982,0.2000565998408197
192,11,0.0004720412478311786,0.13274478610152673
192,12,0.4127084539205157,0.13996730835905868
192,13,0.5018941066460343,0.15298645127199784
192,14,0.07445743620902956,0.14102846458775398
192,15,0.3556307069519451,0.35139550008920484
192,16,0.4215327636739268,0.41981477243599485
192,17,0.2843497683807983,0.2980562165185656
192,18,0.14679361512916111,0.3647573322425921
192,19,0.001466457450575831,0.001466457450575831
193,0,0.12311239371938143,0.044167518747508794
193,1,0.2466505863118975,0.11256705818798807
193,2,0.35206857885954834,0.205351031967004
193,3,0.055873986370708284,0.02646430900376684
193,4,0.2624747723875065,0.1264160129998393
193,5,0.44085932235560676,0.3725638701752447
193,6,0.07658615181621631,0.04586785491164358
193,7,0.6784739818825081,0.635769893703527
193,8,0.38113415793347816,0.3401949524059802
193,9,0.46675551016635364,0.2786047731731207
193,10,0.1678842516280934,0.10713260346357956
193,11,0.06853603190013757,0.06822244092914165
193,12,0.23517249782776517,0.12748325268042926
193,13,0.2788850372296823,0.07167740552237323
193,14,0.19225082094983037,0.16842358007307023
193,15,0.23591209074286645,0.07030358486548849
193,16,0.25726092630881414,0.23606079022984083
193,17,0.13951229169188117,0.1556845788186001
193,18,0.11846177450535667,0.04463531273912302
193,19,0.01931231867922545,0.01931231867922545
194,0,0.035684266830757316,0.4604962193125961
194,1,0.08175990384961063,0.10796192423741946
194,2,0.15282599216549952,0.0563880252081832
194,3,0.7635512181352802,0.4370361518294663
194,4,0.0538278618936765,0.09866392257696432
194,5,0.34624557639979425,0.30216080320778715
194,6,0.005998081816661838,0.03079878613016529
194,7,0.13414023973202838,0.06395729444233211
194,8,0.28644627716257354,0.17748077345664992
194,9,0.30376443516896945,0.30635458120832926
194,10,0.35603580195321083,0.4292109896310379
194,11,0.525558879156705,0.4324077796798935
194,12,0.0030063537461471057,0.08860582971816733
194,13,0.048088230473052995,0.10888003751190034
194,14,0.2682438602055788,0.11993941417040332
194,15,0.6470294365480553,0.6036950245019748
194,16,0.09982033301031912,0.052486768953974305
194,17,0.3150596704114319,0.1855650105874398
194,18,0.23046203758024753,0.22966004322146016
194,19,0.007202455789260931,0.007202455789260931
195,0,0.26970680372570754,0.4499719778992288
195,1,0.37584056624767115,0.07118315031765166
195,2,1.6401371898249177,0.3861234072223767
195,3,0.49052568153321907,0.0027302465956333677
195,4,0.07041188499522466,0.05177623202829551
195,5,0.006540098466065736,0.14574378104832775
195,6,0.30195339800829624,0.33986644638195473
195,7,0.1274154296129799,0.0940476784587565
195,8,0.1288168569952317,0.14311214937875238
195,9,0.003957045576905571,0.09027935055647252
195,10,0.1081510282185505,0.08918983752047405
195,11,0.14494510772899005,0.0789377740182382
195,12,0.02224954930383838,0.03952700516430685
195,13,0.4920001816672963,0.2976749689240439
195,14,0.12954834110127322,0.1869004630468991
195,15,0.12726261973342812,0.29326072101857914
195,16,0.053419940780843334,0.12212072241937388
195,17,0.7502023145050636,0.16236731655025682
195,18,0.5952933373478677,0.11253765557056461
195,19,0.20131163747700764,0.20131163747700764
196,0,0.6102457454648089,0.10124037294655164
196,1,0.09010680948514871,0.1341893031766106
196,2,0.1507923102891109,0.014882744297674666
196,3,0.2822556972735666,0.2646053070757608
196,4,0.5751634253478715,0.5996256560364861
196,5,0.15982301564000156,0.2777973138216745
196,6,0.5034156977820707,0.34739454761358823
196,7,0.4544325358741763,0.5739939022756966
196,8,0.39143946868099455,0.6125310346301456
196,9,0.5695086653787063,0.7000470669177039
196,10,0.34840814429509503,0.40711518443671
196,11,0.27558905301920866,0.2569049642799057
196,12,0.6970582350227779,0.5586486401491246
196,13,0.3178766696493227,0.11304314273868243
196,14,0.07867117009275848,0.016182770261024437
196,15,0.016574198234914128,0.06820201756663913
196,16,0.018679895798187296,0.055805635621279936
196,17,0.2449281942173238,0.27109184554887644
196,18,0.5509892066859408,0.4834257036202705
196,19,0.43284018218168097,0.43284018218168097
197,0,2.0578504815395133,0.008711272404256842
197,1,1.5386971723762126,0.07805735428606742
197,2,0.3169696378986355,0.39676076406483585
197,3,0.0788969099350898,0.12597714429782947
197,4,0.5180783018765145,0.44461942623149886
197,5,0.18496042743439123,0.1153395292295829
197,6,0.0878059890982339,0.18095595312880075
197,7,0.4685803096866752,0.4071056372157771
197,8,0.0645444786355438,0.09472532775652942
197,9,0.13849252919415012,0.4523957497067794
197,10,0.062421090061522744,0.18969733616846618
197,11,0.1725068671326726,0.28349992874055596
197,12,0.26488551833854235,0.12210477392919294
197,13,0.26036753561385817,0.01801316253795182
197,14,0.2963165316531633,0.1342925253281324
197,15,0.021693000234469295,0.021361563455212895
197,16,0.19586383298304888,0.1798610310858999
197,17,0.09665901376973896,0.010533028303048031
197,18,0.22584310008525454,0.09792978659060259
197,19,0.03955612343626669,0.03955612343626669
198,0,2.7815463203942192,0.1870951090438675
198,1,2.2111526490137914,0.006072984241556334
198,2,0.5784696547080159,0.21424172256368257
198,3,0.06444809231564808,0.15581788894395654
198,4,0.006847960703312506,0.1251990077107621
198,5,0.23231071389741853,0.2724892626991364
198,6,0.12229442677049374,0.11414810851313639
198,7,0.21822278765874348,0.22863387355556242
198,8,0.3235292288095506,0.3664833723489851
198,9,0.2595389827529271,0.1731719646281249
198,10,0.4058259345342785,0.3309085553057409
198,11,0.06854939161925255,0.030180889905270014
198,12,0.0060463785199758036,0.08168494229071399
198,13,0.20195793500455927,0.34430384917847334
198,14,0.14007382664767531,0.038875315116690956
198,15,0.2779092751276435,0.3390957811225235
198,16,0.23439176025193253,0.01910022382915777
198,17,0.004241808637012401,0.053066949351777915
198,18,0.3024011183273485,0.26997648976742017
198,19,0.23122256757645232,0.23122256757645232
199,0,1.183265289848571,2.4026392556388947
199,1,0.2128662576357092,1.97030666037218
199,2,0.8296753314723286,0.7524842807275327
199,3,0.09371073233334304,0.09588163318642451
199,4,0.4599043566861232,0.32709980725910714
199,5,0.21360352942901173,0.3391875190952991
199,6,0.36670163330367433,0.276989317690421
199,7,0.26909586560720555,0.10045688157421218
199,8,0.041543893438920065,0.12863773815748303
199,9,0.21048883963215648,0.14246624641750216
199,10,0.2603476800407636,0.09704213670411654
199,11,0.10853007592588959,0.06194566416146774
199,12,0.515718019062275,0.3202658181312499
199,13,0.67919707871018,0.47924444230709007
199,14,0.06194912644914696,0.12609832855098757
199,15,0.06957442509912104,0.04100339725445368
199,16,0.23498646979424231,0.3105973357120666
199,17,0.0891274241585922,0.11652461499831057
199,18,0.3096202909892485,0.23302924204346542
199,19,0.0977735134997566,0.09777351349975705
200,0,0.21748186857391527,0.3282180021543546
200,1,0.45822312433345225,0.4676295560508663
200,2,0.12758525116223307,0.09439121131782535
200,3,0.14307271106525477,0.13771682061535095
200,4,0.1728238011171399,0.07427249677145742
200,5,0.05275122178513936,0.13293542201730535
200,6,0.06908796914932402,0.024263578403642683
200,7,0.30137711086244856,0.041305873869053045
200,8,1.261552851102298,0.027254288121834058
200,9,0.005296905155995013,0.20710972559909813
200,10,0.07997739328725917,0.015101715477247701
200,11,0.1131008401499436,0.014119411429227569
200,12,0.10804428928244736,0.07347393901647159
200,13,0.298841850435255,0.06587426576783706
200,14,0.34895595009934777,0.11876856517154444
200,15,0.05452447265282068,0.11188048074572965
200,16,0.05282306908366419,0.03520928231964238
200,17,0.05831413570105859,0.0036474341270924526
200,18,0.08701001631286154,0.07725988920345461
200,19,0.0005299465459858155,0.0005299465459858155
201,0,0.36131555199329224,0.27956447628465053
201,1,0.05282272389306453,0.10187842323343155
201,2,0.3246512279739471,0.2685147627746898
201,3,0.2104224170717579,0.18443264319184216
201,4,0.1562049887571728,0.2955813495999635
201,5,0.49469598124692604,0.4296108851403706
201,6,0.4873207043845347,0.39724456989957746
201,7,0.0513438565287343,0.1586340370090893
201,8,0.45352422186367125,0.23511618068100582
201,9,0.3185174343713344,0.1918491026888729
201,10,0.02812616678641522,0.07051288298840763
201,11,0.06713545080208672,0.08024305565435874
201,12,0.031692846680162035,0.10871781836618588
201,13,0.1576100404776497,0.07124724846893571
201,14,0.04195421182711101,0.08895260194484322
201,15,0.11006055255841041,0.16596078790952173
201,16,1.1897633844315694,0.33842719811643995
201,17,0.03857058078731779,0.0760043049653003
201,18,0.30241083077710096,0.2821934008437963
201,19,0.18929025869430438,0.18929025869430438
202,0,2.389151882448337,0.07961006016576944
202,1,1.3003563598001993,0.2268437261324956
202,2,0.35587653727729407,0.2401941697526344
202,3,0.0027912646090584303,0.007880670244600374
202,4,0.041065581305810284,0.04039954963421
202,5,0.13799163365698197,0.08564499330849928
202,6,0.11942400544500709,0.11033504320912346
202,7,0.4319618112934198,0.28449881265580146
202,8,0.005614876228874355,0.16740089464692964
202,9,0.09753836810536054,0.19283826200062837
202,10,0.18909955491136898,0.03930229795004525
202,11,0.017071459770856556,0.08681491686384835
202,12,0.08260863618643288,0.06520035525433343
202,13,0.2392951451380041,0.12993712589808926
202,14,0.21602825707060802,0.016046516522767895
202,15,0.04117451203178746,0.26244957455950324
202,16,0.007502065465100571,0.13675883086133656
202,17,0.2860265232736312,0.3410713732734907
202,18,0.010389654837890117,0.14454727554208802
202,19,0.20609596306395872,0.20609596306395872
203,0,0.5878226524977324,0.2862611219321942
203,1,0.2743455560493442,0.21222293293615557
203,2,0.0031404225341296055,0.05246269427367345
203,3,0.49652892259256465,0.4504746128707686
203,4,0.13579147518538637,0.10439627923489514
203,5,0.2049218342068242,0.13677320460507003
203,6,0.03631997653868435,0.12819008495943152
203,7,0.22394618568398883,0.13418219288682787
203,8,0.6567871081016303,0.41911661091125074
203,9,0.12349428418529262,0.11827513199772932
203,10,0.042599689611757974,0.10854194752452839
203,11,0.1852275444262208,0.1356893676634332
203,12,0.2381642518682221,0.15478332821908936
203,13,0.14788324904263028,0.34938551963804887
203,14,0.12175979783628188,0.27550054911659405
203,15,0.025854193103239886,0.06651910035351083
203,16,0.34779383009454135,0.10141107339711475
203,17,0.5612391517463813,0.19152132915361042
203,18,0.20610417510712598,0.14024581961382854
203,19,0.10626213700889497,0.10626213700889542
204,0,1.7430931551056963,0.1794577884877202
204,1,0.1544962379615069,0.1749804845266678
204,2,0.027801213539633274,0.09474654866648402
204,3,0.3305072920750938,0.3719866174462072
204,4,0.34131015281473687,0.43380467910512577
204,5,0.342987003929609,0.16844536540498067
204,6,0.27819003819213206,0.11501191559740231
204,7,0.1771739105771628,0.023398981740815117
204,8,0.13086117124493235,0.049743040677811656
204,9,0.5586773405277303,0.4036952874702884
204,10,0.05811211244019843,0.08201341519345018
204,11,0.9086246358605159,0.10196169231560148
204,12,0.13451632272024217,0.011362232708993059
204,13,0.22874149410749922,0.1321905620752588
204,14,0.2617158772995012,0.2490095004991959
204,15,0.45805258380459346,0.5247621030955854
204,16,1.1413338877167467,0.9534324927343691
204,17,0.15242286080531287,0.1336405500540554
204,18,0.37183324470661594,0.2506227988634171
204,19,0.08957439546704249,0.08957439546704249
205,0,0.12439445200043497,0.2907263036783476
205,1,0.008567928375523337,0.007591159925499191
205,2,0.10932085852779139,0.12274349000468732
205,3,0.2940440034098195,0.4200193179364149
205,4,0.07398957562965425,0.08752288460959434
205,5,0.7468256292981961,0.49326070872169137
205,6,0.7443272560617169,0.33627275167331483
205,7,1.8776237514679899,0.016546764662566105
205,8,3.0465737682792047,0.016719580161009606
205,9,1.6251797639191463,0.17610011649523427
205,10,0.9963630068935174,0.5242346029095786
205,11,0.31113416028966023,0.4272004895537438
205,12,0.2275491151794773,0.04525218624571714
205,13,0.051174583703514465,0.03701283806250766
205,14,0.13969936203573718,0.07134787996225667
205,15,0.08524076298578676,0.0798070157990276
205,16,0.015300067302105536,0.015661938294832645
205,17,0.07734212758835479,0.10112992040784619
205,18,0.39048933178832623,0.27613157608127636
205,19,0.20667563407731704,0.20667563407731704
206,0,0.871042353659532,0.0013578212813660784
206,1,0.06616767693027903,0.10305851633564078
206,2,0.09965858695682694,0.0068527760193477505
206,3,0.37309549670253084,0.3532323352676485
206,4,0.03422096393754437,0.06627556975003479
206,5,0.14756565938236488,0.235767564113317
206,6,0.13412980005074449,0.08452418965360842
206,7,0.007094450322314927,0.16890176646863964
206,8,0.06579764791592435,0.05348121059872302
206,9,0.13007732653347226,0.1011879048277109
206,10,0.1625412493199354,0.014903232857575333
206,11,0.0011620723913177144,0.07282383737058984
206,12,0.20296936278954592,0.056301924989298424
206,13,0.05146034599700933,0.1355821985755714
206,14,0.03039684366350226,0.16090259049223565
206,15,0.2581832260174961,0.11970797255949606
206,16,0.1677834495111572,0.028400516171143586
206,17,0.5714971336424925,0.43632113084470703
206,18,0.24715562338240282,0.2883412698993766
206,19,0.08447494394470478,0.08447494394470478
207,0,0.2993183318876018,0.10238503975114055
207,1,0.1690964880306587,0.27092000990844456
207,2,0.3825081450137011,0.23647468526949034
207,3,0.29927279091586634,0.15619269148367243
207,4,0.36201973449148284,0.058116980027766996
207,5,0.5911862670549866,0.15530653975163933
207,6,0.3847409650217726,0.15181700973632672
207,7,0.3333367445380966,0.16410299600464606
207,8,0.03153851951771269,0.11754130464124657
207,9,0.20204897780640607,0.1492126211854754
207,10,0.09989045918787776,0.12556702828960553
207,11,0.024855856806780707,0.042645332510443446
207,12,0.40462739301223216,0.4807901575379301
207,13,0.2068207107468818,0.16240045111660528
207,14,0.3008375130227634,0.4067938080410052
207,15,0.09630427708618505,0.0938530571162639
207,16,0.48167674184298015,0.2480496755487449
207,17,0.28891600551797625,0.09774330289132882
207,18,0.1717539319586372,0.03020697486767121
207,19,0.5029526096598191,0.5029526096598191
208,0,0.600922776148229,0.0475435385232128
208,1,1.5640740560531343,0.023925165962245032
208,2,0.047513981263813676,0.14405689483743256
208,3,0.02469850263949258,0.20321799586180234
208,4,0.03379311866932433,0.13311649313921414
208,5,0.019527932858157016,0.024230838986021297
208,6,0.2546999583812699,0.10886535050840518
208,7,0.05753743992455185,0.005721080662799416
208,8,0.06216130031007783,0.07173588121258145
208,9,0.37642338432135247,0.4020045170928537
208,10,0.1877692704666103,0.12731753735978746
208,11,0.14927160279671448,0.1906339622965123
208,12,0.21603599717988686,0.24346073163806636
208,13,0.3605568695571204,0.2766425856541299
208,14,0.2208827020375992,0.2558147360854548
208,15,0.12484250581507705,0.02434219702741869
208,16,0.5447273887667907,0.371833444211759
208,17,0.3313945521345265,0.12436189397371766
208,18,0.585125908733958,0.21801288827753762
208,19,0.5527036995314489,0.5527036995314489
209,0,0.25880351274586477,0.0532906838982381
209,1,0.11654669986518496,0.16142743225101253
209,2,0.06506849562893002,0.0376336368929584
209,3,0.30665621769905904,0.24308571946254887
209,4,0.3734965132132455,0.23139725317999105
209,5,0.11604565119152177,0.13469257612189178
209,6,0.09854284694872639,0.06419296129458196
209,7,0.01042107852773011,0.015524695121801102
209,8,0.13922352085691703,0.3214427551676833
209,9,0.26343798523213025,0.11695036968961148
209,10,0.072705065251216,0.22958307974188497
209,11,0.015174753587415157,0.0020459956859060213
209,12,0.11270049540208005,0.14908051010434864
209,13,0.14916532203573585,0.1690682408332811
209,14,0.40614429843814914,0.4350754199188409
209,15,0.18096317942899187,0.1296671751686227
209,16,0.14584623810863162,0.039446358716971996
209,17,0.2288540256999858,0.2214275431971644
209,18,0.07912778875685555,0.07827673922370515
209,19,0.2241396998627172,0.2241396998627172
210,0,0.25564741073558306,0.13122426008855737
210,1,0.2781213124827948,0.05311605854093582
210,2,0.30172701808854896,0.006251912598290943
210,3,0.3312008825084476,0.15120716260142242
210,4,0.25820089796000545,0.08296932105305599
210,5,0.011003054563746062,0.12799709645800794
210,6,0.03269838087771415,0.06821969811126305
210,7,0.06080663415579224,0.04964834339967883
210,8,0.06331707074496906,0.0452671295549294
210,9,0.0010700739859381692,0.12011637243306339
210,10,0.21549687461529787,0.0664257962342405
210,11,0.002547168863496374,0.08045868778443088
210,12,0.061641788096311156,0.03883445402092889
210,13,0.14173331046026316,0.017160490965389297
210,14,0.05895304443346827,0.0804738719815501
210,15,0.2741911971392277,0.30880411578424427
210,16,0.009708342444832763,0.12091095257764728
210,17,0.3312783474514749,0.21569941000631143
210,18,0.08241239520764054,0.05601458927582392
210,19,0.391520948811622,0.391520948811622
211,0,0.4293206225351671,0.09496050396649913
211,1,0.16642578088710724,0.06600715584982009
211,2,0.23353100620626233,0.16520631983070455
211,3,0.028799852953908633,0.02175893156664266
211,4,0.49805892677574803,0.44432261466641254
211,5,0.16257067847935414,0.16414162480171512
211,6,0.5355825617703145,0.35958058087042133
211,7,0.4385548380430686,0.31573408091955724
211,8,0.44985344624443435,0.23126693845057034
211,9,0.07410506110739146,0.1505140610882858
211,10,0.07724516491826439,0.21081331412410798
211,11,0.40503514116785144,0.15969389286656543
211,12,0.06399519455243574,0.07322625684568118
211,13,0.12533556902766296,0.03834467544533826
211,14,0.34671791280515585,0.3303711049922411
211,15,0.1562940044263641,0.02147938843440933
211,16,0.2682798992070756,0.18967038146996984
211,17,0.3502879698802701,0.4217315726189934
211,18,0.18401607504613882,0.18169283279558002
211,19,0.02088573536898153,0.02088573536898153
212,0,0.17286393266369693,0.0014510350568848196
212,1,0.020014242349513545,0.1721643722310997
212,2,0.07725552954322357,0.10622107789904334
212,3,0.034778038800833855,0.12781361727024088
212,4,0.012063461741647963,0.034869606925226115
212,5,0.04206832061794952,0.09841811339595541
212,6,0.4300504371369973,0.38292092854499327
212,7,0.07718263005101456,0.04916427838046378
212,8,0.025469262793784253,0.07000473866412893
212,9,0.15711972269163255,0.19600422189533084
212,10,0.20512837783474325,0.041421717364787725
212,11,0.20921332638354428,0.22026889906205138
212,12,0.02897908200888022,0.03988525127423692
212,13,0.09816237962043672,0.06595988331625957
212,14,0.060385246720153773,0.15934342165396842
212,15,0.09545662314477532,0.22016461484865335
212,16,0.24382948094396095,0.20487620598147505
212,17,0.45762381935175256,0.1735955327433114
212,18,0.8450898493138408,0.6818508886203563
212,19,0.2700706877841341,0.2700706877841341
213,0,0.1486343029379915,1.8392921400353668
213,1,1.178651817642911,1.2618753134722356
213,2,1.727347468513912,0.5141828196114222
213,3,0.10443016608263811,0.11120911527322841
213,4,0.14133649283361427,0.001807851082202827
213,5,0.3781370302542224,0.3425258641117086
213,6,0.5071560679485199,0.5291039941563107
213,7,0.4621518686141006,0.44084839802247267
213,8,0.02016370036976589,0.04920390770557148
213,9,0.019597888041746003,0.0047122079793338045
213,10,0.1951360982569197,0.3895132389217437
213,11,0.11636780218702558,0.3046629255041222
213,12,0.04182993743247465,0.10888478185572836
213,13,0.22028281583216325,0.14823687268035401
213,14,0.5772450528933764,0.4564173464050776
213,15,0.39962283405584165,0.24253117701743188
213,16,0.015135728521539882,0.05360408183178933
213,17,0.10782284057028235,0.01739016725676734
213,18,0.17545395952677456,0.1882104411702219
213,19,0.18862062001713698,0.18862062001713698
214,0,0.08539475021193077,0.25594206708843936
214,1,0.02379815007469066,0.27120863968946995
214,2,0.07848266898307577,0.25529309483240015
214,3,0.05057657177560504,0.12017426167357126
214,4,0.33521986041912966,0.1992799504732199
214,5,0.3198143859946536,0.31931950140293797
214,6,0.08501712467321365,0.06790223259048478
214,7,0.18963708475154872,0.0421949833550741
214,8,0.009074759573931335,0.10304788968372058
214,9,0.13645907340571028,0.11098767684859556
214,10,0.05506506044117021,0.16227751429296333
214,11,0.08432805661210274,0.3385802548053811
214,12,0.3142552673932095,0.24203000991223167
214,13,0.03487994528931404,0.0243212104572752
214,14,0.1298426442304672,0.19300287623234658
214,15,0.1946678202186929,0.03607716922179227
214,16,0.4045211150569106,0.1479413386433297
214,17,0.1318331025123669,0.2128691004798151
214,18,0.26983039494032823,0.1791373169075472
214,19,0.059888574460313926,0.059888574460313926
215,0,1.6816539664833172,0.2722000068247854
215,1,0.928566046114442,0.17700839778813693
215,2,0.45792726873215717,0.028571909314403676
215,3,0.0396083142812258,0.037470197605968814
215,4,0.28983617118908667,0.23428601213643674
215,5,0.14839972699907023,3.1113861188813985e-05
215,6,0.03595515749422873,0.06014202813835512
215,7,0.23063852639110394,0.2165757844211793
215,8,0.5358666450020877,0.4037997466415568
215,9,0.1753127815440445,0.13640093994457558
215,10,0.18282568199689297,0.050517764097943285
215,11,0.06195868786059666,0.10638734437846864
215,12,0.14755566549054677,0.120697185584278
215,13,0.06497805859192196,0.09198874567509918
215,14,0.0546594212312268,0.02429600571894497
215,15,0.6951561227485508,0.6246597007098398
215,16,0.18537746460669435,0.11595559815909784
215,17,0.2812208130927192,0.2903348674884616
215,18,0.07153822027718393,0.07670382650857466
215,19,0.463851074455214,0.463851074455214
216,0,0.1858397704599808,0.46913491499819315
216,1,0.35008994154214435,0.15364235002204074
216,2,0.177813316346068,0.2153261933018844
216,3,0.2627406605748921,0.13788742174653512
216,4,0.48288515818119526,0.3807010098917183
216,5,0.12653802653366997,0.179308636559401
216,6,0.28728868532573015,0.288299422979307
216,7,0.8189561344333076,0.6105598957330827
216,8,0.412488979994881,0.27482999879414294
216,9,0.9468343826704495,0.4264902710118772
216,10,0.10573381220127764,0.09654081741431986
216,11,0.12564413216900494,0.20182095968422686
216,12,0.08107376601055094,0.10791344918720291
216,13,0.006625463078025362,0.02320957730589246
216,14,0.17904237853762428,0.026574287032599564
216,15,0.05266363617214864,0.24306245492379563
216,16,4.5359658876087394e-05,0.1258265855355858
216,17,0.2907661873622427,0.22574603623547507
216,18,0.45081061882807116,0.45324337210486787
216,19,0.27577659464432225,0.2757765946443218
217,0,0.8156974623821487,0.07942046730810137
217,1,0.03219150316081443,0.10231947912533901
217,2,0.1483527489489216,0.04082242688226234
217,3,0.13861786909891993,0.14406638834017027
217,4,0.24751624710938547,0.38102483691017675
217,5,0.37759469535820145,0.2715286854426928
217,6,0.15315196407039533,0.22937652936602682
217,7,0.1104158984663055,0.19924660673218764
217,8,0.25504216388698264,0.2663227532475707
217,9,0.034230722438452155,0.17909019917059066
217,10,0.10903513823039113,0.18867763377422797
217,11,0.3000814980710169,0.4247122828893577
217,12,0.09904671711198976,0.025159878474589448
217,13,0.37262245748239664,0.3389047642380181
217,14,0.3777415471373722,0.3101144913069849
217,15,0.24672497421667927,0.2164594222166336
217,16,0.21960471202355913,0.07087658367817617
217,17,0.11407879400963417,0.01636026239685595
217,18,0.18094183508521766,0.07270490791169859
217,19,0.2846762872544195,0.2846762872544195
218,0,1.9574490122351864,0.22010879311665343
218,1,0.6943731468235028,0.20346303411996836
218,2,0.10504862395841696,0.046881021351112384
218,3,0.10585556854177458,0.135178063626328
218,4,0.21640255282844256,0.21568279595998074
218,5,0.05699384787668027,0.1679777916370968
218,6,0.14725213959492134,0.28091106974905244
218,7,0.44207909300843395,0.45943480912182677
218,8,0.024972281528568896,0.0487613764870205
218,9,0.25694133710818434,0.18509805958652992
218,10,0.08945289808411827,0.021066166401236153
218,11,0.1030178713772898,0.23047530152518236
218,12,0.23581051165326405,0.19891528681258341
218,13,0.04270806096564339,0.1744270222280111
218,14,0.06138427123340584,0.029561916680350908
218,15,0.22729319477255405,0.3764189044499693
218,16,0.11240504361835413,0.05668097402120553
218,17,0.16385125776299603,0.052290865650851615
218,18,0.20953975028392335,0.0651111129329216
218,19,0.13058202225208948,0.13058202225208948
219,0,0.30273167233928344,0.10820303551747656
219,1,1.3417859143247464,0.043308453389899526
219,2,1.7928460245241356,0.21499705534298563
219,3,0.703870572731792,0.3856756439916653
219,4,0.3860013075735935,0.399716128339783
219,5,0.08421183403139043,0.2555045990348317
219,6,0.24463003463709043,0.0975459188470289
219,7,0.006065678868073743,0.0721336906811163
219,8,0.018131740247690598,0.04787870523492721
219,9,0.009543334117258606,0.049765776733142975
219,10,0.25776681578269356,0.11822312656080847
219,11,0.46348283853611427,0.5169641991418481
219,12,0.11215005770982112,0.06673781159012915
219,13,0.07406979317949425,0.046716262839469724
219,14,0.13471448247396012,0.009272930855483086
219,15,0.06131965259108574,0.1923839256000477
219,16,1.167593223650531,0.07734665089756021
219,17,0.17227874071047466,0.18086377278297405
219,18,0.02218111418611457,0.05556108406984084
219,19,0.01981756735998097,0.01981756735998097
220,0,2.272935972854474,0.4252723991731564
220,1,0.2838156230983149,0.07323958505324768
220,2,0.011182933822103891,0.13241161809758406
220,3,0.13156476899288894,0.13234765431399875
220,4,0.02295595952766938,0.04212909394552611
220,5,0.009878946233324193,0.2734214193042055
220,6,0.48114897756336994,0.15085318761993172
220,7,0.12713784884673007,0.2598778928670544
220,8,1.6933465291553729,0.03194445441641358
220,9,2.852465741473667,0.18795376480101478
220,10,0.7059168529567508,0.21608713560923043
220,11,0.3100379860191991,0.3440646972745789
220,12,0.2733367304124874,0.29836779236809896
220,13,0.16379628519443568,0.15541512606350238
220,14,0.12203644153200699,0.027988079943398247
220,15,0.08779828494700581,0.039424902404281426
220,16,0.3724051215634585,0.38117740677013945
220,17,0.10704521685158408,0.026532286762239288
220,18,0.012584616457401054,0.02500927021510524
220,19,0.6612090553718719,0.6612090553718719
221,0,1.685670294635953,2.866894740440202
221,1,1.5323633378276176,1.6067789235532413
221,2,1.059997809708216,0.20859312066191027
221,3,0.29667562833290173,0.27980116154182433
221,4,0.09749913593649229,0.041603292673651815
221,5,0.0053239367481303645,0.04901173005608683
221,6,0.07022295043340954,0.12642681768746122
221,7,0.11324216820448463,0.14406543070257793
221,8,0.10111775353185681,0.07182967532648732
221,9,0.02605655291218767,0.1944581757924544
221,10,0.08143183756720518,0.051146738437169326
221,11,0.18341665456683742,0.17251541635261392
221,12,0.10336328356497226,0.10521544126669502
221,13,0.254732155632202,0.1664382412529113
221,14,0.07593266018548839,0.02177975979429947
221,15,0.03707277248042562,0.007551438873420135
221,16,0.05941650897320816,0.05218331835486234
221,17,0.07322522023009403,0.1265940516759434
221,18,0.3989477460946369,0.23891880252375675
221,19,0.15964957504405897,0.15964957504405897
222,0,0.13508035627796744,0.06955205289091193
222,1,0.09105555334230431,0.02091408531941763
222,2,0.16702129648038522,0.11896076745188378
222,3,0.21415169939689616,0.2191339055330399
222,4,0.1983962920446105,0.26401867278941893
222,5,0.0018928950641363684,0.06066526239968173
222,6,0.07332043209423844,0.1289423333907349
222,7,0.04722263181898256,0.011089558454312254
222,8,0.5968931100972092,0.4504931659763898
222,9,0.40957970649595987,0.22513864302195685
222,10,0.06431484068898818,0.08534588346925887
222,11,0.015478684225560091,0.07956059955963735
222,12,0.4349803294113497,0.20294673791532336
222,13,0.39151968315016195,0.1487922912795412
222,14,0.05936401233515731,0.11667383171346968
222,15,0.11493213275719238,0.1747733940228735
222,16,0.2788335442010901,0.35266870059483235
222,17,0.08415887832091107,0.07127048490414412
222,18,0.06019241160439126,0.07204159168961732
222,19,0.42859885891588734,0.42859885891588734
223,0,0.590022845633702,0.415635669329828
223,1,0.10800735750898482,0.04244472651690412
223,2,0.4169846487724973,0.278561395818012
223,3,0.26441683840072283,0.2871813840926949
223,4,0.4434034262891524,0.3267318288495398
223,5,0.2724189130970558,0.3083962984295141
223,6,0.4481783130831438,0.33670302743351144
223,7,0.05373867905041152,0.01198219774325171
223,8,0.07541508782088702,0.04752211221113267
223,9,0.22378519509188166,0.35264331823843875
223,10,0.12038122785483951,0.1591394152721466
223,11,0.09355118588498446,0.042468656216607226
223,12,0.038581181942781484,0.06958490684221941
223,13,0.025177368252972787,0.04638113661250376
223,14,0.43858039259031933,0.5428771807059825
223,15,0.1839882727109754,0.30209466438959964
223,16,0.39939324120320974,0.29138227256626337
223,17,0.3252748143961428,0.257044700939689
223,18,0.15066627622278173,0.03972903063229838
223,19,0.39325394237140765,0.39325394237140765
224,0,0.20845674980019702,0.013513459718772936
224,1,0.19082240372835857,0.1640467698380661
224,2,0.40550671520025716,0.4020632518303868
224,3,0.014188981696984904,0.049057405982718905
224,4,0.026119057286544844,0.033662381632454164
224,5,0.12521770166015767,0.09827271904060231
224,6,0.14254872449249723,0.0004388963587991235
224,7,0.10194610002175297,0.23226001987608846
224,8,0.11850467408447507,0.14774081407635276
224,9,0.2591069248560989,0.18185594009732986
224,10,0.025840775447391273,0.04810142293985464
224,11,0.04996018602782648,0.005069420048744888
224,12,0.1939232510543638,0.13136009439287522
224,13,0.045170295253648796,0.104274409359558
224,14,0.09557259760437464,0.13197122629951963
224,15,0.4206851149766546,0.34391728846609126
224,16,0.09669376515041606,0.010359762517239357
224,17,0.10791958955459569,0.06927722512487478
224,18,0.12223367658007556,0.11583318836488932
224,19,0.3025123060038748,0.3025123060038748
225,0,0.7498473399901053,0.3240873627507703
225,1,0.06619315246528856,0.0578112787233902
225,2,0.0765047420651852,0.026915746222941017
225,3,0.44322854244834176,0.3427927497262404
225,4,0.5516725817595836,0.3074945336161061
225,5,0.7242662861194997,0.08999815147745016
225,6,0.07533983338990957,0.09976446343671119
225,7,0.4264295512533067,0.27633349105188065
225,8,0.11152964263766396,0.07080576645975523
225,9,0.06702751610052626,0.17366997524056238
225,10,0.11772578731851135,0.23203022747491353
225,11,0.15589785136193246,0.2393982397331258
225,12,0.2931968548861712,0.1332633786427606
225,13,0.04822067474570524,0.09112349080268833
225,14,0.21927553959788115,0.2841247436163874
225,15,0.1894213993215934,0.41142171431185703
225,16,0.3151382766541464,0.2653948774373811
225,17,0.04599189745413268,0.04112966951491703
225,18,0.04237290581182673,0.03430235903424439
225,19,0.3731535023501342,0.3731535023501342
226,0,2.169557761008237,0.21831291666083175
226,1,0.15227568315313622,0.2769973244431774
226,2,0.11927956418515606,0.20380177127958632
226,3,0.09147059203633257,0.023730679137079935
226,4,0.15829575346832359,0.06784442833220572
226,5,0.046318794245646,0.12222380156550772
226,6,0.42403182300143705,0.16663761794921417
226,7,0.5726071952906238,0.03862560937041071
226,8,0.007759019975180692,0.06230683530081649
226,9,0.1658666312474848,0.09118549190842495
226,10,0.10691047086770755,0.24598904275159095
226,11,0.19566622877287143,0.09528919010127979
226,12,0.7206040862039558,0.5969519342551908
226,13,0.12824456154085162,0.14452402280767407
226,14,0.261557142652006,0.2327171358186959
226,15,0.41343440006970145,0.4136405074497427
226,16,0.3415217593380304,0.29056825421373755
226,17,1.7590336817918413,1.1820853731612124
226,18,1.617928847690207,1.1013920131416097
226,19,0.9537603356207471,0.9537603356207467
227,0,1.977342507819431,0.1585183192189401
227,1,0.14543845205254158,0.19469406315259175
227,2,0.592567827744169,0.4951504214528404
227,3,0.20837036913696494,0.07878815670862416
227,4,0.10679110213527387,0.028095494408441724
227,5,0.3086726276466303,0.3811163395362991
227,6,0.06640883771231643,0.20700764193339083
227,7,0.010495782422655253,0.08566104867404789
227,8,0.017349100830549524,0.1728049266237095
227,9,0.22755670579083276,0.286349869785405
227,10,0.10397356329684104,0.4295220620656153
227,11,0.5339228349707312,0.43289117972241264
227,12,2.3523844288361113,0.27502603255941427
227,13,0.10679953303014145,0.07244859696765626
227,14,0.06367427756239241,0.104029089988245
227,15,0.6819258685977454,0.48754328318142015
227,16,0.696429028526719,0.36881958337847376
227,17,1.5952821766897678,0.2523806596251381
227,18,1.7531361264026275,0.08141312301443282
227,19,0.10162888318203489,0.10162888318203489
228,0,1.5201796950509232,0.20537172446617635
228,1,0.07725961240057799,0.09431597460827579
228,2,0.09219902544236991,0.1513163994186515
228,3,0.042101825899026224,0.03639990286606842
228,4,0.013609760760259881,0.04684743865864416
228,5,0.02158795885298126,0.06000983704873697
228,6,0.08650045771828374,0.1584355121795289
228,7,0.1369406664575319,0.01923794263505485
228,8,0.23066518430946026,0.007163162807006795
228,9,0.1503032186217217,0.009299330984555265
228,10,0.3282826532377987,0.1415872457275018
228,11,0.45095640878826826,0.40603926649095
228,12,0.1427384907990792,0.23567980086038043
228,13,0.1028732754364845,0.03137056043905595
228,14,0.05645232296262037,0.04161816800641649
228,15,0.26036021596682835,0.16468520847214219
228,16,0.38674590152076593,0.3583626774458679
228,17,0.0655912708697377,0.07197455167271105
228,18,0.04162021019507334,0.03445643653618369
228,19,0.1596678980958659,0.1596678980958659
229,0,0.024242502777329644,0.23621038708385367
229,1,0.12632491002401203,0.2789273219924939
229,2,0.28744038753489143,0.4329691200138739
229,3,0.04665992332327118,0.06950283794808954
229,4,0.15405216525951815,0.024871926911078646
229,5,0.01742112252840089,0.04047702130857411
229,6,0.0281623197596943,0.04360519303651422
229,7,0.5347608820227596,0.5249166462757819
229,8,0.5485097608104361,0.48427513554280566
229,9,0.08222317632493414,0.12369360277739849
229,10,0.3509603018803702,0.2601214482318208
229,11,0.14665308980000713,0.24777460204176904
229,12,0.041449481781830055,0.047446648851412476
229,13,0.01292753484362752,0.12725415400769124
229,14,0.1723616844532012,0.08453942723051
229,15,0.47041582186932107,0.3749288624649121
229,16,0.15619168232200176,0.10788260173991837
229,17,0.24011373795627255,0.17843109475686747
229,18,0.09556971960506822,0.17885496576942472
229,19,0.18610905713397718,0.18610905713397674
230,0,0.004246338450029086,0.013873614008865331
230,1,0.11677970684559735,0.06020731827490522
230,2,0.07176911205854175,0.022957991767726504
230,3,0.21578309682444718,0.2076370799508238
230,4,0.394962361594243,0.229897692288068
230,5,0.24181674899189787,0.09352598630157605
230,6,0.14987447900547224,0.18557928254293898
230,7,0.40664204406501003,0.4854696340761748
230,8,0.2802646366390338,0.3068093857805083
230,9,0.13393152906477823,0.0408895604524524
230,10,0.3538188018962467,0.20840240488745998
230,11,0.22089263206653165,0.3851529876190378
230,12,0.31777328312034836,0.3612865784952968
230,13,0.19113531866018274,0.08787712402196668
230,14,0.003101070368253467,0.054923246316293195
230,15,0.08275458087465282,0.301271791500044
230,16,0.14936923802174285,0.015334258036157067
230,17,0.005204241734400483,0.16991346406930852
230,18,0.26290060716758834,0.0929104505797147
230,19,0.5601849953695113,0.5601849953695113
231,0,1.5113762085004234,0.10668969041603837
231,1,1.7814924201531976,0.2757223643416138
231,2,0.27407123207069883,0.1823202400776056
231,3,0.08484642344495086,0.13171606866925334
231,4,0.17306004587488655,0.1306268509933899
231,5,0.01286066848245948,0.035387651269131126
231,6,0.2977968358445944,0.2757594243437751
231,7,0.0170441153437082,0.12149159183507052
231,8,0.05996018165843697,0.17244484236729374
231,9,0.0010679714296122356,0.06530868055275629
231,10,0.24580035841819914,0.18280646313480098
231,11,0.4821910204635538,0.32725732084409476
231,12,0.4752238946116982,0.32954651715503047
231,13,0.225192637583572,0.2222998352214307
231,14,0.10314508995729632,0.17143415936387196
231,15,0.255176608309565,0.05548617800305955
231,16,0.44585448218057877,0.23842075997334433
231,17,0.6314934187828376,0.26269372623834464
231,18,0.10391223535279615,0.17981972326649487
231,19,0.4636336556981018,0.4636336556981018
232,0,0.19105210635547953,0.06015093783358694
232,1,0.21404696154366842,0.3426466372410255
232,2,0.14434841564116052,0.06688118441385571
232,3,0.3350059422808527,0.2491781538425739
232,4,0.20055711106541807,0.029097437556751427
232,5,0.19414564449521654,0.1607574404730121
232,6,0.06751969045598472,0.06473272347365988
232,7,0.11700182909702939,0.04978411670254612
232,8,0.26383283869344876,0.17334032809201094
232,9,0.4018844507983541,0.34717874027736606
232,10,0.13581348869004506,0.09938285945527081
232,11,1.0439015650650507,0.5172556598411502
232,12,0.5591664397332066,0.5478885579694821
232,13,0.2519379673821329,0.26322940977523857
232,14,0.01767949387474932,0.02855888155874009
232,15,0.41120339727801447,0.36098264117359236
232,16,0.14020479621374538,0.14369881744546698
232,17,0.010297669479668592,0.13191423448629536
232,18,0.1766399413202655,0.0735150407551699
232,19,0.1825673380734245,0.1825673380734245
233,0,0.2891635016304335,0.27980731727434094
233,1,0.16734727070321753,0.002126273901311926
233,2,0.5308556510912377,0.35961438572156457
233,3,0.4065435799438646,0.25127778822601066
233,4,0.10242189381552169,0.01833098619962481
233,5,0.0785465407582926,0.12294104076751777
233,6,0.11438113104703174,0.024105762905574757
233,7,0.1962906180303814,0.018451021462436934
233,8,0.0011370508822583503,0.004249211604495429
233,9,0.060476788015620286,0.05759038641987413
233,10,0.31050619266556545,0.4394907561723338
233,11,0.09448031485616148,0.010300251564414609
233,12,0.146832759330358,0.07751694647204
233,13,0.010194973561253207,0.04420031363310173
233,14,0.003370769548495023,0.10972576423436475
233,15,0.18685773645569315,0.28755564858351557
233,16,0.06245068630882322,0.26280037452331495
233,17,0.4299322229419751,0.3606420395709842
233,18,0.03454885715271683,0.05927657278628118
233,19,0.15048398158808496,0.15048398158808496
234,0,1.848083800923277,0.08221227473639292
234,1,2.035848140973367,0.006900760867582623
234,2,0.34355418515254765,0.06429360470686651
234,3,0.038144376252194245,0.06966087169927837
234,4,0.46784447072123525,0.40871844745977093
234,5,0.13976172175719004,0.15637447010043193
234,6,0.02633780679139841,0.022095522131161616
234,7,0.19140086540464063,0.14497126470080168
234,8,0.37560062525073556,0.3576619009688349
234,9,0.38025124733685933,0.32028173751903655
234,10,0.7597035742624367,0.6062985868426125
234,11,0.4511479507161673,0.4078946387736915
234,12,0.06710241388564686,0.1442066617583011
234,13,0.18684156546656094,0.12195769150975888
234,14,0.3785215286339847,0.2512863836122925
234,15,0.2497917842575621,0.3102948859483825
234,16,0.019850656885969986,0.08114905202121037
234,17,0.044484711627994944,0.12553734060944022
234,18,0.022557237475557823,0.028449876074238212
234,19,0.08596583527212998,0.08596583527212998
235,0,0.8767141945482217,0.20515035809841375
235,1,0.029794828219175784,0.055522971403365595
235,2,0.285908075351049,0.20690461894243573
235,3,0.18537713130184397,0.10365829024674023
235,4,0.0812619123850209,0.049093329934521535
235,5,0.1536354986498929,0.004466701862168243
235,6,0.21566166389996022,0.27797168339497613
235,7,0.1048016608598461,0.04774491354602883
235,8,0.36212373742880155,0.3257054149512606
235,9,0.28550743016776536,0.20598795561261474
235,10,0.31177779728750066,0.25677659796618624
235,11,0.3558295106519491,0.4474964695224948
235,12,0.013401383338185191,0.09449949748609221
235,13,0.15999950423258547,0.17101295379962167
235,14,0.32591992369969924,0.34725120399108533
235,15,0.34848452991699297,0.20522835857525834
235,16,0.8894775294465429,0.5923163431481084
235,17,1.678955605967917,0.04994751685696208
235,18,0.3366462113010589,0.13555378126125017
235,19,0.07889389108869249,0.07889389108869249
236,0,1.1625508940320668,0.5264189192392408
236,1,0.07595114203204378,0.05410947505443264
236,2,0.03917754044094579,0.01536521238896782
236,3,0.034013712155704035,0.2061309998784946
236,4,0.4722394252165225,0.19549147725354876
236,5,0.4007155911863465,0.32032672135876794
236,6,0.1703114391833518,0.16528795931044105
236,7,0.306285894319279,0.20408752056240864
236,8,0.04028251480108702,0.0654936678547835
236,9,0.1295184374870586,0.16985839408107983
236,10,0.15539928448452045,0.19098180590837943
236,11,0.2817702519146774,0.13169038864759797
236,12,0.060748814644775884,0.16342286041685128
236,13,0.12186510213761137,0.06679581326843209
236,14,0.16606989915008086,0.2897558819230639
236,15,0.2306004461076494,0.2340395713728931
236,16,0.12455695824276258,0.04134025309475087
236,17,0.23192480952516537,0.09541207378258143
236,18,0.4363423249487548,0.30029324137660574
236,19,0.21441943186571777,0.21441943186571777
237,0,0.3077983764589556,0.1474401388168105
237,1,0.8552333633138298,0.7326993701676301
237,2,0.29919182209797635,0.2335271934510632
237,3,0.01900619427690664,0.034250370150617826
237,4,0.27647230187142924,0.17490336080917634
237,5,0.21014445729836861,0.15315702246990348
237,6,0.09788158693295568,0.08081455080682165
237,7,0.03173970115005664,0.018291560066593604
237,8,0.31957606613436695,0.2188435776753206
237,9,0.7822946526057377,0.7155482194470779
237,10,0.27889505378454693,0.09927807160041002
237,11,0.116075653843982,0.03566356529888859
237,12,0.36906555118675577,0.11386620217817178
237,13,0.059713354707641386,0.1271612181917483
237,14,0.048597659051968556,0.24165312737286282
237,15,0.38153728583623536,0.18557842282021575
237,16,0.0236979413629701,0.13370881858517736
237,17,0.18404330818700654,0.17981379470037773
237,18,0.17021280489262036,0.14006909352207453
237,19,0.35747466518510596,0.35747466518510596
238,0,0.20219982757247923,0.05022493098727576
238,1,0.0005073749190263044,0.008130376316732857
238,2,0.04645982729133813,0.028872261353061646
238,3,0.02786033471881222,0.02712087027264909
238,4,0.1914247477092883,0.015490888113369294
238,5,0.3390868821242239,0.28923678355449445
238,6,0.43680627248964177,0.2869433563330923
238,7,0.43114414589781713,0.3198912665112186
238,8,0.13962484661749253,0.05229701169948964
238,9,0.2442261549397733,0.04691018419480475
238,10,0.16478209361416818,0.06600143187700569
238,11,0.4458944780775398,0.34422679090859676
238,12,0.20816133802847814,0.1512885865035818
238,13,0.057598018912926374,0.06058346945591486
238,14,0.17195117550086358,0.14935935533852351
238,15,0.1301494384968418,0.06419548668749853
238,16,0.35170796088206524,0.19475873491142348
238,17,0.015558210164932085,0.05092833884974146
238,18,0.27549308833472796,0.21219185424809783
238,19,0.054585760713083964,0.054585760713083964
239,0,0.26519721662729356,0.34309251685519193
239,1,0.007364005342020974,0.09944930914469641
239,2,0.05930304530626884,0.025745175707488244
239,3,0.3114715761225648,0.1688098801201523
239,4,0.29499939323861746,0.09038151870951694
239,5,0.24456101284655674,0.15758737062816053
239,6,0.013408264512256629,0.04342119349511009
239,7,0.11736462783525292,0.007148682990104405
239,8,0.03224449758995718,0.02578855941772673
239,9,0.1591668410090623,0.015050782551997877
239,10,0.1956923534569297,0.029572165618852786
239,11,0.39865200894063246,0.11336298841190207
239,12,0.2350253727818008,0.39115472989509126
239,13,0.05754156125848553,0.07467927721648149
239,14,0.07116844073962802,0.07618587784815656
239,15,0.11944439905534088,0.09052945193190887
239,16,0.4418934833730379,0.3368114134536411
239,17,0.08626796961431182,0.2022687063960804
239,18,0.33482707133491996,0.226457957876101
239,19,0.4581443026036136,0.45814430260361316
240,0,0.24862892378580703,0.08970904990206918
240,1,0.1017417567992247,0.03342103883448644
240,2,0.14496309971116084,0.07697092460464017
240,3,0.4011008530864144,0.25622012439085395
240,4,0.05666908807955018,0.22797486539918843
240,5,0.20170440731280515,0.07611203873060379
240,6,0.328295110263511,0.2927647837424656
240,7,5.1803947366479974e-05,0.048298900213229246
240,8,0.03834216050673955,0.03073293185168069
240,9,0.3366157268970156,0.2932778986095421
240,10,0.043948261659741306,0.15763669656434232
240,11,0.0024587639649702453,0.19414945978023823
240,12,0.3483702129711048,0.24176224760207976
240,13,0.007710673601835971,0.025332635165497663
240,14,0.06469295321687785,0.07273681064866722
240,15,0.08743687059791228,0.01904305461575717
240,16,0.19756974588553788,0.11851913288820448
240,17,0.2103080956514054,0.009528615291117148
240,18,0.13084039008472015,0.0936320275382938
240,19,0.47401059474312346,0.47401059474312346
241,0,2.368167886257223,0.16966044775416078
241,1,2.165520176934204,0.22580541829740763
241,2,0.7520217542537244,0.05627910295284266
241,3,0.22522981269976183,0.18123086540305167
241,4,0.002954968989265172,0.12977716241347315
241,5,0.12841238547869827,0.04797358856176315
241,6,0.006174110317845649,0.031332543873371144
241,7,0.3138856118618545,0.356985818696399
241,8,0.17558726384437318,0.2936170746643194
241,9,0.39849352980269614,0.40716168654005847
241,10,0.22768859255775808,0.35129003647240165
241,11,0.15049735848384627,0.09237955807594656
241,12,0.02365429813778741,0.10655674335814203
241,13,0.1597192095023119,0.12968164594685794
241,14,0.02205139633042208,0.017695872474488894
241,15,0.0755125595950159,0.12173942999248899
241,16,0.6351028015980655,0.018965224649419632
241,17,0.4559105491662563,0.3366488075574936
241,18,0.2590861411550378,0.19496188685972404
241,19,0.22917233467944564,0.22917233467944564
242,0,0.08811415432296066,0.1635631947349907
242,1,0.0798208836005081,0.0016040108739119319
242,2,0.31755847573079343,0.2610268677121872
242,3,0.3563993478750822,0.1945082515272012
242,4,0.1819122996715441,0.1023743464914908
242,5,0.11551063903258463,0.029704760551449993
242,6,0.13775758350619682,0.042523264482224654
242,7,0.28945397053252186,0.21579451656244863
242,8,0.3277468321860053,0.3004500620804973
242,9,0.17609042854430434,0.028764928267075884
242,10,0.16282568672215714,0.11450331495591559
242,11,0.4257635982804042,0.1967936249060589
242,12,1.7457222799550989,0.419035705498783
242,13,2.5683413096241736,0.7016310783602346
242,14,0.018853655017280424,0.03378176357442264
242,15,0.027024815059774276,0.05924679138471056
242,16,0.10602748182826982,0.13843501510977418
242,17,0.07873590469256442,0.08112714792632492
242,18,0.34041884620494756,0.396305572633163
242,19,0.0004400460767888248,0.0004400460767888248
243,0,0.7193846101543002,0.9565664476438256
243,1,0.5887886153334931,0.08597160301733453
243,2,0.9015808717495322,0.06637872564246328
243,3,0.41456340479896836,0.15771484036934824
243,4,0.036083870589246114,0.013082536312091442
243,5,0.0031090040523200635,0.10335017646427902
243,6,0.04863927805070256,0.04816449878167184
243,7,0.20561583726250277,0.1127351279462081
243,8,0.12275405186806232,0.0009318953240669003
243,9,0.21762420410168737,0.034621502045457664
243,10,0.3967904759670966,0.33532184548454724
243,11,0.31183770727817217,0.3799254486083936
243,12,0.2039859431682487,0.2087544013123881
243,13,0.00947269067007328,0.08409189045559051
243,14,0.1835483199522261,0.17012069892116966
243,15,0.18896937787470858,0.19088683321543654
243,16,0.08800051186132496,0.0179819456779593
243,17,0.383454208244677,0.5484775880806052
243,18,0.08317445712048555,0.2983110929307684
243,19,0.2416064172565222,0.2416064172565222
244,0,1.4278028927664954,0.22919672515095346
244,1,0.12620253412712934,0.24021386875368167
244,2,0.5713359616965055,0.3513612745958383
244,3,0.1715345765486247,0.32301748018881105
244,4,0.18169501097165508,0.20149542087828287
244,5,0.12757786150597283,0.07835398700589469
244,6,0.09578556863631427,0.09069624663740061
244,7,0.3781960849481294,0.3266094939925761
244,8,0.33275898194193454,0.3958861252165673
244,9,0.16658365265876096,0.07938364996266056
244,10,0.3063394551714058,0.17080566903039696
244,11,0.178657201038531,0.16866252053760267
244,12,0.22092580708192466,0.2580489195653737
244,13,0.11867568586027666,0.19726139290427325
244,14,0.178611110379014,0.28874206666875324
244,15,0.0828326093463696,0.06618253286381748
244,16,0.06226121004404295,0.009994278125957656
244,17,0.17874067152782924,0.1915472163832881
244,18,0.17667850674950092,0.05538594132346564
244,19,0.07560097907968366,0.07560097907968366
245,0,0.20501965925068788,0.2550827794124624
245,1,0.2832700904673713,0.23182738360450816
245,2,0.06977336940781775,0.14996670573327453
245,3,0.30013043987794275,0.390319028334293
245,4,0.6123075645237819,0.5050314075529982
245,5,0.38615362875678994,0.4372912913986191
245,6,0.020704470283263277,0.07117238341137888
245,7,0.18579748379355543,0.2690011566514485
245,8,0.683499998526349,0.5993344590639698
245,9,0.17973687513785475,0.1780923303422952
245,10,0.11084560787643394,0.11099429337059341
245,11,0.07795745948389587,0.16029643333823618
245,12,0.06023344136521214,0.10181009388146567
245,13,0.17578078438576306,0.138964858412149
245,14,0.21923694756349743,0.31722801675738044
245,15,0.26906191648073374,0.3020235389631054
245,16,0.20165566745026364,0.4096579920480208
245,17,0.47967545058661365,0.41534186772012305
245,18,0.017172285001931797,0.0876905741247418
245,19,0.18557663110715872,0.18557663110715872
246,0,0.3710136517440379,0.3050172490637806
246,1,0.3374978252813383,0.2781200228300884
246,2,0.45524425579546346,0.45710229895278687
246,3,0.013161607558009436,0.10594759066677462
246,4,0.15686264137017414,0.0953965344356753
246,5,0.007275244708224271,0.030568569352929842
246,6,0.43162153332944,0.34710768901666444
246,7,0.23337589703992023,0.22595919547361287
246,8,0.14064878850232354,0.16011618256173588
246,9,0.1634632684170123,0.165107506297276
246,10,0.23585795422709666,0.07584151037976561
246,11,0.34958686261955574,0.31592642931832593
246,12,0.24624372658237448,0.25138702311416417
246,13,0.11104546749375555,0.16568481749232422
246,14,0.2580636154731719,0.23475901868843874
246,15,0.4741286891061982,0.20850959351232623
246,16,0.27474611827565143,0.3312066602146788
246,17,0.40116687256908934,0.3642857343618857
246,18,0.4462672307132003,0.2796198484113801
246,19,0.07585645704720356,0.07585645704720356
247,0,0.8868368591685414,0.1920601110643516
247,1,0.6852518082901184,0.09812122274878599
247,2,0.40211994004419527,0.2511726600465898
247,3,0.35988867977508887,0.2683031734025598
247,4,0.27400382432300896,0.1361734815898199
247,5,0.25508506003321463,0.07914725209629747
247,6,0.6800710616979,0.4884764017065706
247,7,0.2170064257038038,0.18490440883853365
247,8,0.38609577839826814,0.2936969822062636
247,9,0.3082154196461495,0.3539271100003054
247,10,0.3282984420708708,0.27939110828708813
247,11,0.35455966026443164,0.3262908965669702
247,12,0.24302005084303469,0.1010757831815785
247,13,0.23488333271094852,0.28174771663770715
247,14,0.3634110481262751,0.2814005915542164
247,15,0.536001976526514,0.41720551413968554
247,16,0.12009231971651024,0.14528328563926785
247,17,0.1437747036740049,0.2121843670130943
247,18,0.2258683065491458,0.260477639124999
247,19,0.63365167871941,0.6336516787194104
248,0,1.0200164122829651,0.10194580550745425
248,1,1.5146285201904996,0.5082282923449579
248,2,2.697461905189206,0.20371846031022578
248,3,0.23522878812222014,0.04445611213221046
248,4,0.3496782205846847,0.2900097034056728
248,5,0.0070627852565507965,0.2006313862867346
248,6,0.01957468922649852,0.11673412732113242
248,7,0.17744944172940436,0.010987125321391567
248,8,0.41453851561622823,0.2858447546381502
248,9,0.14827174189861037,0.10204855691245296
248,10,0.42834638635817956,0.37843614785138957
248,11,0.1834087788395493,0.20513080081627244
248,12,0.19834310448433534,0.08771124559736077
248,13,0.16939807308293986,0.039986622158314944
248,14,0.10512929810603033,0.2401140255476477
248,15,0.12798321196028972,0.2476219976497669
248,16,0.3060849065416198,0.15253247160268746
248,17,0.3373082945234618,0.41995350178590396
248,18,0.15875242836746217,0.2195609774512457
248,19,0.12027220764178637,0.12027220764178637
249,0,0.05994091648413402,0.033184298559801206
249,1,0.4220227661145044,0.3015253742737274
249,2,0.3357266669639092,0.23853239441655294
249,3,0.023031360395831868,0.005549437594075002
249,4,0.14083618953189525,0.07303850164773884
249,5,0.055778861548908765,0.05114784696345431
249,6,0.1623454099585988,0.20491375162310543
249,7,0.08432529346369533,0.20665694102978538
249,8,0.12817335714542555,0.23069601294051267
249,9,0.04197130589875453,0.012854374838246585
249,10,0.069327291926637,0.06198873375098124
249,11,0.11997872101886653,0.05105411164297191
249,12,0.23099077182429006,0.20436915647487108
249,13,0.5032182635938929,0.5150277247848889
249,14,0.2169277465563022,0.05565523501441483
249,15,0.26196501310596876,0.12273808948683218
249,16,0.276415011853965,0.2158580585853649
249,17,0.4290514841276556,0.21898038720091684
249,18,0.48395622832214436,0.36406239609662805
249,19,0.1527247021770166,0.1527247021770166
250,0,0.6029100641310068,0.6636107321302713
250,1,0.3725439617266222,0.47282711380087017
250,2,0.17382184980755255,0.29555904819304324
250,3,0.21077785255222814,0.4570403644306724
250,4,0.24439894913716564,0.017142759532197793
250,5,0.027470492229810795,0.0773336491002512
250,6,0.29719859448946684,0.1260014844388313
250,7,0.15749879206119033,0.0866332423826055
250,8,0.056484957854521234,0.010595352579790607
250,9,0.055488111309664134,0.1645702855561879
250,10,0.17968208476062308,0.18405946414877628
250,11,0.14031139991913166,0.044327396236041317
250,12,0.09371836424723856,0.0862102557334472
250,13,0.012061894159827169,0.22344548741263726
250,14,0.1628514836422683,0.01786003815102788
250,15,0.0034154759315372374,0.021643642318315948
250,16,0.05762444102169706,0.04797849320862957
250,17,0.01480154391908961,0.020296398876516797
250,18,0.011069835070315115,0.03662641594646043
250,19,0.05138915373590258,0.05138915373590258
251,0,0.27766101529021014,0.21242290305507616
251,1,0.4139684396117831,0.34050888791256195
251,2,0.00784131020627754,0.02331963813291349
251,3,0.30433359813713157,0.20230436466636803
251,4,0.19697122835999092,0.04927391810390702
251,5,0.6368841301069512,0.3606467666643862
251,6,0.20964421491785057,0.05289485548654849
251,7,0.0175617669258199,0.15033462751404958
251,8,0.25810906734023664,0.2597901802988569
251,9,0.0683257650482827,0.017688346220040785
251,10,0.0050093640398736206,0.01039136642228744
251,11,0.12828007254651386,0.11777396726543543
251,12,0.022587450285468602,0.006443523525563322
251,13,0.11631535482907207,0.10022981618054416
251,14,0.08721356442665673,0.1967226217288216
251,15,0.24350886797256033,0.3616461367068098
251,16,0.35940811237462933,0.36963638758066564
251,17,0.16125578753230752,0.09543930068557316
251,18,0.42810420886194356,0.45936971631891943
251,19,0.1323654775887393,0.1323654775887393
252,0,1.4232585516762306,0.11849030478997236
252,1,0.6254640975062875,0.13668907529730046
252,2,0.19062194489750262,0.11258103644041029
252,3,0.26700908405213664,0.14186221945330413
252,4,0.09862192713763385,0.009610316966363719
252,5,0.12072101684106995,0.21939865602590558
252,6,0.10569385255984987,0.04379274687407797
252,7,0.4978771882833195,0.4785591600461374
252,8,0.481512359412676,0.4214467373980746
252,9,0.03200337172089096,0.22064828004268744
252,10,0.19186640467718874,0.2417162273004756
252,11,0.3271126434913487,0.26418270220121887
252,12,0.33168132706366515,0.20997503931554684
252,13,0.029327863257869513,0.013412110033587332
252,14,0.15897989116545252,0.22315337022219683
252,15,0.5642752437717204,0.5623454957412677
252,16,0.07389573562060914,0.24147844325331924
252,17,0.3371815410849992,0.2875600037015493
252,18,0.32179148708452576,0.2839337354544269
252,19,0.12278464672354517,0.12278464672354517
253,0,0.8777847540466555,0.34250022580304407
253,1,0.37327297657495695,0.008078347925890128
253,2,0.02101450529130844,0.18297985753831014
253,3,0.19127533388910045,0.160309362518404
253,4,0.3232199321196645,0.26334495866369867
253,5,0.06218710092156243,0.03345348203497123
253,6,0.30384198751036173,0.4245116463957088
253,7,0.14440025027545822,0.6596224431399098
253,8,0.049019628334603826,0.09250989654620412
253,9,0.26914913462204737,0.18319086310920785
253,10,0.31224591477099306,0.143902672973947
253,11,0.05789822128234379,0.0865698953254821
253,12,0.16682502976623592,0.13539531914023994
253,13,0.2371134053015571,0.27291368053128595
253,14,0.035844559134209586,0.06543228819415914
253,15,0.06530743724808286,0.27915728881215074
253,16,0.002118192991259704,0.3354159378094317
253,17,0.08361623894360015,0.10869937079165659
253,18,0.2088568094439469,0.001524177553418049
253,19,0.0797335219363422,0.0797335219363422
254,0,1.2643668794789589,0.2300260248682635
254,1,0.6223892191574274,0.023032212712806643
254,2,0.07699618739394598,0.08931991905373815
254,3,0.09198817684850624,0.06431575179104376
254,4,0.2208326430292753,0.20396880199146317
254,5,0.010090157943495992,0.03068193172557354
254,6,0.3774923934667127,0.2254780918305168
254,7,0.11882642131107168,0.12012915200505692
254,8,0.46085923382767646,0.37552106281119535
254,9,0.3049578565364248,0.38107918697898135
254,10,0.13585969247963714,0.26081049894290764
254,11,0.06538424899137141,0.09224457313689793
254,12,0.31525778830831896,0.20088497866915933
254,13,0.07878418101268991,0.21449742876196787
254,14,0.3071301859171198,0.24533225681401927
254,15,0.13930504172604508,0.12526703222651037
254,16,0.005015312192583998,0.08150295655569284
254,17,0.242309273008817,0.3296516453645655
254,18,0.2507808460945462,0.1621004807347246
254,19,0.26143458492818095,0.26143458492818095
255,0,1.2650715696973427,0.0912230830888685
255,1,0.4133924103563955,0.0037418951444334603
255,2,0.17036428354369448,0.02338930719390131
255,3,0.2962807876234681,0.056278803191887494
255,4,0.09519169689805018,0.09302526871450834
255,5,0.12480537090130506,0.04292143964549444
255,6,0.17922627543762903,0.14349843657120198
255,7,0.005392955065738558,0.019652920640248706
255,8,0.12211758282794216,0.006205262162636949
255,9,0.12508827205506812,0.2235321882815695
255,10,0.08982230308608985,0.05161904958020447
255,11,0.028909404332455146,0.024955884518517824
255,12,0.31400970920073235,0.6705037721937526
255,13,0.044568571469506324,0.22043048782265684
255,14,0.17731963060531442,0.005100321098138849
255,15,0.08102780015017697,0.15579451008938694
255,16,0.0018627134009752133,0.05535497578202575
255,17,0.2883872963749079,0.13496778573097634
255,18,0.3109068443962695,0.2355969497679924
255,19,0.2539216509473903,0.2539216509473903
256,0,1.6086364938344255,0.12693082249141607
256,1,0.238224166083274,0.4472075823221444
256,2,0.680967650097573,0.3708011699924536
256,3,0.08922556388699476,0.038500701024670736
256,4,0.389227205593901,0.1815099458209839
256,5,0.3059801171360297,0.02249306203113033
256,6,2.781829488596009,0.0547821882796824
256,7,0.7411340425529502,0.06532569196000759
256,8,1.635472198279464,0.0067298420820334215
256,9,2.126003459101552,0.3924906464490814
256,10,0.201868105903932,0.0008663719996993002
256,11,0.13943024249576252,0.005835525297714472
256,12,0.27616943621493384,0.26597026476185226
256,13,0.005868464221318259,0.004943339037672079
256,14,0.15363508882445487,0.0920699089792767
256,15,0.2963637303951665,0.10054181027101805
256,16,0.36565569378000173,0.3081924166994017
256,17,0.12440383280985001,0.03264283058032014
256,18,0.1333047760629169,0.07554173273410925
256,19,0.08115531298374057,0.08115531298374057
257,0,0.3537321406716911,0.015907660055543893
257,1,1.387427214247074,0.04985390221075292
257,2,0.3282575638332794,0.19662254674982105
257,3,0.13861239852296858,0.22836056656580972
257,4,0.12652389528968122,0.2855372849495179
257,5,0.28170927645579624,0.47479287118095304
257,6,0.10510186167282232,0.07300884569310373
257,7,0.04908199900032173,0.056985072414383886
257,8,0.2443030956187675,0.03961878253383677
257,9,0.3474775881940735,0.1894037785005711
257,10,0.017514902603851468,0.18583975499307748
257,11,0.09411361057020962,0.13379429609297055
257,12,0.23699841892005047,0.10147361263916732
257,13,0.09494828505735686,0.2737225646479704
257,14,0.020096431917418833,0.016861048280607527
257,15,0.14658577080391755,0.05542384463900696
257,16,0.4044231151391573,0.3012205085745814
257,17,0.10690280200578339,0.011941252242366751
257,18,0.05366956591857974,0.11846984275259853
257,19,0.024261766619259717,0.024261766619259717
258,0,1.6767004186577275,0.11973271370718841
258,1,0.1702427546302454,0.28019299342959236
258,2,0.2121688509388484,0.31393885613415673
258,3,0.21925590293082475,0.05904994293148391
258,4,0.4132287695828243,0.1906853420816752
258,5,0.7042171998491806,0.23836665099578713
258,6,0.3236429454120948,0.2526533984091266
258,7,0.12478884136073098,0.2007144781168151
258,8,0.10737677361284437,0.16812598415147395
258,9,0.22820485849704397,0.1991800938478514
258,10,0.14243146727609624,0.16466091273390226
258,11,0.02425657177174667,0.22489595422798647
258,12,0.010616950067181996,0.05208593296614694
258,13,0.19241701453596516,0.12194291484994668
258,14,0.16595193030765287,0.05941289672572392
258,15,0.16473087432546407,0.17852191213580682
258,16,0.09185835056760183,0.289078590822899
258,17,0.39622563961253743,0.41952353067800807
258,18,0.18083859550542147,0.10834690705323702
258,19,0.15556446218348352,0.15556446218348352
259,0,1.2077689687263922,0.3548856006465346
259,1,0.1003570547812851,0.031911248450124496
259,2,0.03571294083194587,0.2157371793501568
259,3,0.013859906105350817,0.09299498945070717
259,4,0.39992639461103696,0.25999977556950293
259,5,0.13940414942675616,0.21867058897582936
259,6,0.15310579410648995,0.1853626339587997
259,7,0.3315946865971813,0.15529528766144463
259,8,0.028749335206611715,0.13698675901354518
259,9,0.3609802941561435,0.4440696750452151
259,10,0.29114024948258166,0.27343768265937385
259,11,0.10251570030636392,0.011311156342416862
259,12,0.4505798261919609,0.32359113206494294
259,13,0.2776365796715252,0.23174226552684818
259,14,0.3568209947066805,0.34359581924762983
259,15,0.06847180143491594,0.057482490719961365
259,16,0.4142099402105863,0.34749156402180903
259,17,0.2987466860746668,0.22675636578877434
259,18,0.45437061462963957,0.48367656528756253
259,19,0.5092914040962571,0.5092914040962571
260,0,0.3498001434880944,0.40109776958846055
260,1,0.5065865065273636,0.48521409988282116
260,2,0.19906406864440207,0.2582245287531064
260,3,0.6470393719651399,0.6888950765579978
260,4,0.18088446481920162,0.24459102133662736
260,5,0.19719103512436575,0.24165830254016285
260,6,0.01438787335489522,0.06614507010079507
260,7,0.4198703176232961,0.3445353065281731
260,8,0.3300766721874471,0.1966024933052637
260,9,0.08074641586721398,0.0005886967827590794
260,10,0.3325936680601913,0.33746727700925305
260,11,0.26817556965716705,0.08923948315372066
260,12,0.13629382896571185,0.1346827459504749
260,13,0.40090098172250777,0.2046975276655778
260,14,0.44215724470075957,0.28748198280494464
260,15,0.3187956697635954,0.3603242191407472
260,16,0.2304725551185971,0.3737218166569938
260,17,0.18655311539166153,0.26637810927519556
260,18,0.05429648900241668,0.0745238852344583
260,19,0.3148739868268451,0.3148739868268451
261,0,0.6452644909962268,0.5860371782665705
261,1,0.34195255177979345,0.29603034451466126
261,2,0.04144680481397245,0.007285416866802841
261,3,0.28503969844647425,0.1764270526500944
261,4,0.09042524303513577,0.003994422615312132
261,5,0.14391933931996448,0.3044196232005598
261,6,0.20060310165003692,0.3060836570886343
261,7,0.1426758416922871,0.05436966995101411
261,8,0.21532532612757116,0.06674427057380328
261,9,0.3033198971450428,0.28183773686508573
261,10,0.001888251190163892,0.11825178786733037
261,11,0.16382854809335523,0.146182212477191
261,12,0.10331347775723909,0.24316844333793775
261,13,0.10092615940568272,0.18484125852349287
261,14,0.07388681343084436,0.07394196842366707
261,15,0.28975470641346934,0.1769677647236363
261,16,0.13728094742000163,0.2520632348067773
261,17,0.06622853265965922,0.24267643532076466
261,18,0.09416851549529426,0.025225757162430362
261,19,0.07604810222938241,0.07604810222938241
262,0,1.2496056187817421,0.30286964511794867
262,1,0.15520683306054783,0.4975265199815775
262,2,0.14012470516326214,0.20602462237249197
262,3,0.1931490136953551,0.06659919059634589
262,4,0.15136493547081908,0.287036636335273
262,5,0.2348525999111315,0.3052693141682967
262,6,0.0918445500471261,0.20753857763841355
262,7,0.08225432513690523,0.058462653155291644
262,8,0.4769931525805182,0.3486719813574992
262,9,0.03676199521469847,0.16350393747754133
262,10,0.05237054177169709,0.044884846279722446
262,11,0.056991917649464874,0.09077132998682025
262,12,0.010198238053043429,0.07025532021124947
262,13,0.21789899512442368,0.2230085065660008
262,14,0.2816197294446767,0.037010382881109916
262,15,0.3415610049079332,0.918570296404214
262,16,0.1561566730144901,0.26110514194666123
262,17,0.5866290240793703,0.4881441806184563
262,18,0.21094800075991982,0.043263526130392194
262,19,0.06109229181372422,0.06109229181372422
263,0,1.080779386959541,0.7255911126807217
263,1,0.47077168206060005,0.33395116658761825
263,2,0.16889816066683894,0.11509871992412046
263,3,0.3622539392100359,0.16247581756532892
263,4,0.01883079619354966,0.040444758798219294
263,5,0.30268731937697657,0.043928350337546274
263,6,0.6520560836937372,0.5540263456256582
263,7,0.02778471183848641,0.08986017645238498
263,8,0.290961973575544,0.133199913643808
263,9,0.059334768533147564,0.08283286738287998
263,10,0.19387784065942926,0.10862002383958203
263,11,0.15344832420800847,0.04458139761508084
263,12,0.6286625453077543,0.47316980808319986
263,13,0.5034989145030124,0.44203914188750737
263,14,0.31137087995964885,0.36806583036367657
263,15,0.35764670709142177,0.3890341915586628
263,16,0.2395052110121485,0.3001101388485825
263,17,0.1879626896276969,0.1706701445623402
263,18,0.33966438302261936,0.3345108649410533
263,19,0.3914690237619536,0.3914690237619536
264,0,0.26119420843217167,0.18894592007222855
264,1,0.05605060099287584,0.05967892775502648
264,2,0.19760731174623736,0.24263582067988576
264,3,0.07393225367610246,0.059349460370750506
264,4,6.854374860587598e-05,0.15641035243477042
264,5,0.26916536939532243,0.21937467710133784
264,6,0.23517543734853508,0.013343728560724966
264,7,0.19346900301560943,0.026539890063312477
264,8,0.21638376950245775,0.13889086547290042
264,9,0.20953554860622248,0.2696194736645108
264,10,0.1551420650380022,0.07536767456195825
264,11,0.1710660295171449,0.07439006076876442
264,12,0.27549985554593004,0.3120258248017409
264,13,0.6961602760758572,0.5426044080470458
264,14,0.20289019379782314,0.2686199266716489
264,15,0.2151353932944957,0.3411572409961696
264,16,0.18400134329283624,0.22377614822421243
264,17,0.08378029952163768,0.1769821795439901
264,18,0.3193626633357205,0.3484212028832978
264,19,0.11799723385123251,0.11799723385123251
265,0,1.8295557305270873,0.10116588128636028
265,1,0.9950242503114453,0.0957125371812797
265,2,0.17104173738304063,0.18489814683728412
265,3,0.20798825292370804,0.11740994307553443
265,4,0.02351376634106206,0.051611977220713534
265,5,0.05764177958554839,0.012798298188105406
265,6,0.4699538434411652,0.35374140176315727
265,7,0.22010853632531324,0.2061324889481635
265,8,0.16345562836962868,0.016408404447350478
265,9,0.4209413915840612,0.33506598756460804
265,10,0.3464854039988343,0.19818206417780093
265,11,0.424492570854198,0.274621954853306
265,12,0.07613474757790639,0.014759938563166486
265,13,0.3251411781796123,0.2542251552024264
265,14,0.22846342302803357,0.23740567939537716
265,15,0.2904307554081571,0.21339855109515415
265,16,0.041455907157519345,0.06726674605884542
265,17,0.31467407944267745,0.07366543269798553
265,18,0.3953077044098765,0.0804866437738756
265,19,0.12428591952732226,0.12428591952732226
266,0,0.08002162922309264,0.3804272256052892
266,1,0.42632268592375233,0.1532952193258348
266,2,0.40256890659296696,0.1861682760826966
266,3,0.04184414673471348,0.040695629677680145
266,4,0.06871647386581525,0.03584799512305992
266,5,0.2568991909323728,0.1348375649063045
266,6,0.280089974063805,0.2490045398479115
266,7,0.17811859108416517,0.04042206091810341
266,8,0.2546028829683884,0.05158388316883444
266,9,0.05165878299450455,0.1236450826394595
266,10,0.01036216443831961,0.04161241875371324
266,11,0.17762905141279894,0.30124565839045125
266,12,0.0088777615930411,0.12135555137246756
266,13,0.06715269036200322,0.19245993801976446
266,14,0.05971829986109256,0.07419756530254418
266,15,0.03526557712729783,0.06247894161798584
266,16,0.5455313895071505,0.43167012338489386
266,17,0.20869066711649564,0.020772433871746987
266,18,0.5274776875353506,0.47287809136325976
266,19,0.1854315225174279,0.1854315225174279
267,0,0.2732650352645436,0.14460270902525085
267,1,0.18066049525449612,0.11641935192197694
267,2,0.28363437938675684,0.05139208828914921
267,3,0.07585994976649424,0.22322883516872505
267,4,0.37437473999145254,0.45674336669304516
267,5,0.14513687676278675,0.08981951722024384
267,6,0.2587347334073957,0.25277266810113197
267,7,0.22387618450522062,0.13515259817542358
267,8,0.28386512494501037,0.20825673935686861
267,9,0.1488361769771629,0.113641161730488
267,10,0.22786959364074555,0.0731334149377032
267,11,0.2932283959834523,0.1174010129182923
267,12,0.015227646282386154,0.0946163644264546
267,13,0.5073152423507894,0.3527278379357419
267,14,0.4626905419278238,0.25019912238682274
267,15,0.12690076416702212,0.018301812842800302
267,16,0.1253754041732016,0.16629540467940007
267,17,0.05097803367112519,0.18335394012734163
267,18,0.08429766426672636,0.1568323435558474
267,19,0.2931576371126887,0.2931576371126887
268,0,1.9359553549754862,0.5699075274149958
268,1,0.26590059302924907,0.522378333669951
268,2,0.2431346128925833,0.25508448926651806
268,3,0.2360087849948984,0.23226118528375483
268,4,0.09993838711304193,0.17404385244448228
268,5,0.00842853698865298,0.11124883569982913
268,6,0.028744405160812114,0.37090848237812324
268,7,1.8796182530125636,0.24854501360474757
268,8,2.313419307711597,0.19321544304951743
268,9,1.7385455539041992,0.17553307053194311
268,10,1.556646115870329,0.38404683084183056
268,11,1.1900325428315164,0.056427937853270826
268,12,0.08026959980968407,0.2928063237228784
268,13,0.2947191281366388,0.0826899445752236
268,14,0.03214945549514647,0.033719513601105255
268,15,0.3267151656957976,0.28728219844825853
268,16,0.13618710693044989,0.0540832452477602
268,17,0.21151699375301636,0.09125431982622212
268,18,0.17190823317731896,0.1422531444047319
268,19,0.24558861293881806,0.24558861293881762
269,0,0.2526408399583788,0.06083168941545036
269,1,0.19093553217662995,0.14537836168740892
269,2,0.33392623821714684,0.1959698292884462
269,3,0.11644611184435494,0.11951289765567719
269,4,0.27786251481802715,0.18372705944429368
269,5,0.239658761765968,0.1336144993346915
269,6,0.014279611467964415,0.06698542127676799
269,7,0.15146534030487846,0.21309601120137067
269,8,0.1458459090230404,0.30119116262834744
269,9,0.03933071406262023,0.10869535579335299
269,10,0.33494291807605636,0.2927770533329763
269,11,0.1448988467367296,0.08409552431241529
269,12,0.1986637537120557,0.30209150858735523
269,13,1.0391602425082151,0.8270139003541175
269,14,0.645380916300228,0.6177056928465907
269,15,0.07839725724496382,0.19248165382070193
269,16,0.2177014999507607,0.15573264166630407
269,17,0.25217211937533435,0.1263679245763072
269,18,0.16888980315843138,0.016364017413637022
269,19,0.09009249279790055,0.09009249279790055
270,0,1.7567290431859086,0.11882475352070854
270,1,0.44623245698387537,0.24928926436723575
270,2,0.017351693800408796,0.0633751598576695
270,3,0.27770106518648907,0.36269128735990686
270,4,0.08262138308075562,0.3172894081353701
270,5,0.00609314000955008,0.06442263139770565
270,6,0.030139140978632017,0.21051488922132444
270,7,0.06025182104021232,0.12954077521870477
270,8,0.17484443478879808,0.11357057738555376
270,9,0.27162327161471644,0.15351698603612318
270,10,0.003943595590516935,0.03793601634193955
270,11,0.09604477822019408,0.20174100580711585
270,12,0.05070127043724337,0.10802701176523444
270,13,0.24953292910683045,0.1532465307623152
270,14,0.0017603879145671186,0.03029532344602348
270,15,0.4288314690041841,0.3685792442887723
270,16,0.5068511343118254,0.3972071163284503
270,17,0.08937201653633542,0.13556155652502744
270,18,0.33695366160603646,0.231662978029485
270,19,0.23823550827773587,0.23823550827773587
271,0,0.4256081647456913,0.05279052759640823
271,1,0.005839013034802054,0.04116399885763222
271,2,0.005063712381450536,0.02915189135896501
271,3,0.007967512017283518,0.003430266985616104
271,4,0.08818117488635746,0.08573561259312923
271,5,0.2356399430587226,0.23163994490504347
271,6,0.3227049589255513,0.23050514369114516
271,7,0.157517281195235,0.2884960436158659
271,8,0.06838366212102676,0.013294143246844747
271,9,0.3330851735487963,0.13619576570710645
271,10,0.1803909314862544,0.1998566354676452
271,11,0.16820607145813948,0.07148316514996944
271,12,0.24980879960825852,0.2614974797551146
271,13,0.024491274669965257,0.13601907236068866
271,14,0.10102027844390848,0.42539528278446204
271,15,0.01270083465438887,0.16041139504581547
271,16,0.23577684937881394,0.21047861283415692
271,17,0.19923186553769057,0.3088407331927012
271,18,0.08716159981471527,0.21826156875820768
271,19,0.03720975689061845,0.03720975689061845
272,0,0.35763070926305973,0.1356185056505268
272,1,0.11922310396147529,0.002352451982522208
272,2,0.020989987012133504,0.023377164166665132
272,3,0.026270002935811387,0.0028698947324463653
272,4,0.17724403696254276,0.007739837450864151
272,5,0.35400007459305183,0.40289740812773456
272,6,0.030809704845113473,0.05269274377029021
272,7,0.11334225286232646,0.23311508924354918
272,8,0.07135452210427484,0.14457280432551567
272,9,0.08650222510873284,0.062183467750763555
272,10,0.19297898585494133,0.1511748695707471
272,11,0.444543240549538,0.41217023627805727
272,12,0.0746117785906657,0.052747253271293815
272,13,0.085333770841022,0.1296438941539817
272,14,0.4175843129959933,0.3520632036666207
272,15,0.032458177232248975,0.025204745514859628
272,16,0.03318217486440744,0.09296136272096778
272,17,1.175732793753319,0.25691208197197213
272,18,0.5384011160194517,0.3179509739250457
272,19,0.20665155448433925,0.20665155448433925
273,0,0.6366506750904417,0.30603675692456367
273,1,0.9688506939497383,0.01889964934919597
273,2,2.116630655811674,0.20676525409619328
273,3,2.6237801305878836,0.3067725737419922
273,4,2.0278977769742923,0.019212087654432164
273,5,0.2489108309949133,0.04286029881538056
273,6,0.7977240975841653,0.024984051810022834
273,7,0.048013230410790975,0.17246263721533417
273,8,0.21614752820652683,0.016234275557517996
273,9,0.15553068455328578,0.05654774228800896
273,10,0.4434116162931261,0.11944526982898296
273,11,0.12302697820104846,0.14010926422756764
273,12,0.4919693210719931,0.38859800536675415
273,13,1.4876668814580452,0.8162356062568925
273,14,0.8330640502959827,0.48615956095655743
273,15,0.5977274238030628,0.431297131555997
273,16,0.08394123680149956,0.016301415321287926
273,17,0.33769862554119,0.25651939599823237
273,18,0.05833215018167692,0.023804300691400826
273,19,0.10037378182946366,0.10037378182946366
274,0,1.4491836933724604,0.10578195734265439
274,1,0.3725933872403817,0.13401653737917663
274,2,0.13291251581855867,0.2934052346331919
274,3,0.4709998446382939,0.09825746105759947
274,4,2.792350884743847,0.17224728908935694
274,5,2.428237185016373,0.05835654786437949
274,6,2.495896435292651,0.05516895909186381
274,7,0.04534506609065492,0.14237838765589483
274,8,0.7500071468837484,0.5515051464393448
274,9,0.10429644012018269,0.0712257683281643
274,10,0.17752159308926663,0.026619469807037444
274,11,0.06906868554380097,0.14014411075931887
274,12,0.41259865183052025,0.36681731095307546
274,13,0.24019105361766702,0.10367499435345051
274,14,0.28406310754169883,0.24005839011297336
274,15,0.25152533024007795,0.17287201240246386
274,16,0.19348897224267425,0.2268825566454935
274,17,0.044821336509523135,0.0413689043821881
274,18,0.020333198676044884,0.10648715892014726
274,19,0.29705389275156113,0.29705389275156113
275,0,2.0531653932967506,0.12566194819970855
275,1,0.13663673095725137,0.01148009366890701
275,2,0.11015465606917196,0.4947118913416526
275,3,0.37535924770594065,0.051754461783977135
275,4,0.9670987233919721,0.148425462684334
275,5,0.06970456403157765,0.029399568631824913
275,6,0.30638618889555325,0.16288291576721825
275,7,0.12855225892574573,0.057085936454698505
275,8,0.09146644019007422,0.08786304487301289
275,9,0.03964289527917231,0.0756615964609777
275,10,0.2065391585916796,0.25253759692058075
275,11,0.6221179152728356,0.5961210914211348
275,12,0.018489721627695133,0.10179017059262652
275,13,0.344406849361071,0.3834323538668203
275,14,0.33681595405468423,0.2649328347188953
275,15,0.32604389010279444,0.11955951411422028
275,16,0.1757744179883387,0.2909029379252912
275,17,0.17591716696986115,0.04731896022585236
275,18,0.2785070723629688,0.22568596393972085
275,19,0.28694447822685376,0.28694447822685376
276,0,0.12104529789374485,0.05542740563710957
276,1,0.6122674519906384,0.5347122347698168
276,2,0.1573622724819046,0.033752067953474185
276,3,0.37389651911851907,0.05023845151504647
276,4,1.277798710066688,0.10804126403915681
276,5,1.1726176192260556,0.11423747323951972
276,6,2.72085715805738,0.07644731149950745
276,7,2.0902960671514936,0.140015327800882
276,8,0.12833003971552426,0.18751587543649917
276,9,0.06804459231914306,0.11903165073809108
276,10,0.09327584827843172,0.11874222258103284
276,11,0.06971263839119768,0.18498903220353302
276,12,0.25881558258800563,0.07519849076728535
276,13,0.1367904350310747,0.06897380159905797
276,14,0.1016884925833268,0.0712432610741578
276,15,0.49339129713449026,0.2927460883845394
276,16,0.3403724143699387,0.1369752914857263
276,17,0.44374568521916347,0.042651073741830636
276,18,0.6951281397515583,0.23268479793184893
276,19,0.061974947898349786,0.061974947898349786
277,0,0.04500082435227615,0.22283638324673927
277,1,0.10394569760817252,0.5038447623319637
277,2,0.43238561482464366,0.4893144276574186
277,3,1.7278768974836307,0.014264642848652809
277,4,0.06632377749883922,0.007261591266152667
277,5,0.08064459052582684,0.06609191009526239
277,6,0.23933118982606638,0.2327209316672798
277,7,0.4497002777847081,0.3107401935979066
277,8,0.24642118341142982,0.34891563100546463
277,9,0.232090141685366,0.15546417759991904
277,10,0.10389970780327973,0.14890443619215032
277,11,0.2738579376727439,0.45372545556467836
277,12,0.12015101835805986,0.16341753380142432
277,13,0.16055554611435507,0.114339478493509
277,14,0.3805651563176564,0.25844409062145646
277,15,0.2732773127897832,0.1118327272043107
277,16,0.003884303762949237,0.010757473441485033
277,17,0.3563331194744235,0.18253288653561484
277,18,0.2221545842067032,0.2416914405203996
277,19,0.1821780025387154,0.1821780025387154
278,0,0.2522046839668697,0.15363904449827537
278,1,0.04460305168194445,0.043828672989298934
278,2,0.024490886672349,0.058470017229399485
278,3,0.0681513653427488,0.02765383166833235
278,4,0.17428611803710758,0.028394723262902488
278,5,0.4620056437688662,0.4615507871669928
278,6,0.3182643584714975,0.3097727161160311
278,7,0.22509402142096624,0.25421832070315364
278,8,0.49206846291285444,0.29905090477050855
278,9,0.2924776203140329,0.22187918222516245
278,10,0.10697093662919643,0.11924029894323152
278,11,0.11886822007843145,0.08120937316899735
278,12,0.36397314656786506,0.43519213252294575
278,13,0.25289344655641655,0.35362734940099205
278,14,0.4560543368852592,0.43754651861855276
278,15,0.45573128367352744,0.34117541550977837
278,16,0.3072213014620093,0.16187865698358372
278,17,0.4115528110303148,0.3755029588869103
278,18,0.36647450738874054,0.245944230958556
278,19,0.05525768302031642,0.05525768302031597
279,0,0.6007734706605348,0.4808469495447607
279,1,0.14215238121147244,0.14902791975992358
279,2,0.040717556177083836,0.021046973066048302
279,3,0.07270632984365744,0.021388660579638064
279,4,0.45924916326520204,0.25605341315442054
279,5,0.09934126876279237,0.18391962865754774
279,6,0.33919428727316436,0.2830425386152928
279,7,0.28003999667735346,0.23507466560857626
279,8,0.09338121842828251,0.11274269492324951
279,9,0.16661034937340347,0.0558873419225181
279,10,0.013268332815615125,0.0649325224816053
279,11,0.3024925134574268,0.2637049889801828
279,12,0.01582651688676151,0.029187323510583063
279,13,0.3875969410290505,0.28404639654634956
279,14,0.2263059663149809,0.200237640814942
279,15,0.13555315513356092,0.12047793788576389
279,16,0.49436796122724047,0.3816950153335066
279,17,0.23803975214984252,0.17025902650444458
279,18,0.028327341916885906,0.0574546512836811
279,19,0.04037699836243913,0.04037699836243913
280,0,0.027921433958674857,0.018923479363219364
280,1,0.18803097938591762,0.09994206443356912
280,2,0.17717496608965355,0.13737165191238
280,3,0.4209226740425578,0.2719776766417308
280,4,0.12073645764031138,0.09732121055911325
280,5,0.17572957958064128,0.2602139468093094
280,6,0.3924669859918799,0.33047415068747643
280,7,0.05324618919145596,0.07383501242055379
280,8,0.24383339792603476,0.22232612362423376
280,9,0.028191521047698398,0.05517721383049867
280,10,0.22266317920471135,0.009643856850971133
280,11,0.4433784128000422,0.06192905742174304
280,12,0.04401019150078511,0.18494644355101375
280,13,0.2609002517674526,0.20211268554293849
280,14,0.31331286449768125,0.29940324434027143
280,15,0.07323584906013991,0.07548729182748115
280,16,0.046300163341579825,0.056389225860806746
280,17,0.19305479940853498,0.10907893378441358
280,18,0.10601984140845655,0.04198794715745002
280,19,0.6268847090536216,0.6268847090536216
281,0,0.2654109294640099,0.0851159638727168
281,1,0.4413887653486426,0.40029182079444015
281,2,0.09833883057257786,0.08005137653978123
281,3,0.052707708090633076,0.14038657932031784
281,4,0.2322664578792688,0.17532882947531858
281,5,0.26346607364129326,0.18159384506747944
281,6,0.23541849996811148,0.14543655449508863
281,7,0.1939077211289062,0.33550077328988603
281,8,0.395428812281053,0.20645476918173244
281,9,0.37115976040440835,0.26078365980545737
281,10,0.6335837891558143,0.6501457186829116
281,11,0.3423073109969792,0.5355858709522234
281,12,0.227802571291571,0.09509813298510306
281,13,0.11668379319956523,0.05848691216674862
281,14,0.06504086208860249,0.08319119946131437
281,15,0.11848439803562094,0.27900520708196463
281,16,0.024643546802371574,0.0788244805408791
281,17,0.02191950167824519,0.057670486235912755
281,18,0.3237030588293477,0.28001800338500704
281,19,0.1874141093678876,0.1874141093678876
282,0,0.17912712678450848,0.9469571654614497
282,1,1.2382947729728562,0.7915014127223068
282,2,0.29101323341188934,0.06108622167793509
282,3,0.5070826876891101,0.485730162391397
282,4,0.36084954289340176,0.44424202846386507
282,5,0.09525819933366808,0.05795074062242911
282,6,0.0524789963291159,0.08525190160177054
282,7,0.15532032204767887,0.301185800451913
282,8,0.17610446032093385,0.12458749713037864
282,9,0.3645219018403876,0.2662836119216969
282,10,0.01868980509999263,0.21769511230306593
282,11,0.33315517456098576,0.1424566696963918
282,12,0.3023001597259771,0.32002538788320223
282,13,0.2903990530254914,0.1282210716209713
282,14,0.3415389078161244,0.41989706573872887
282,15,0.6281945312527566,0.4919417946330311
282,16,0.05716094882898215,0.1159504575085446
282,17,0.00960934204297903,0.08166484610665314
282,18,0.33825273675674605,0.3566706161569906
282,19,0.30220860295456475,0.30220860295456475
283,0,0.10188951593702189,0.008075836545240023
283,1,0.04589459034886012,0.2011646976418482
283,2,0.2367679657225965,0.014132938597074762
283,3,0.29221181994040846,0.041002475054735754
283,4,0.4904699378047237,0.29069076334406274
283,5,0.39246803065240243,0.34421268834845176
283,6,0.16767376636339115,0.14932067167734564
283,7,0.17049569356232563,0.2885085330438013
283,8,0.15144014796801653,0.23542159668335216
283,9,0.3998072878137675,0.35309614805824463
283,10,0.02438855441395127,0.05880807019551382
283,11,0.5118205952377219,0.4756408867258899
283,12,0.022831716593301632,0.003661638968216696
283,13,0.17657526185670225,0.02407096482575488
283,14,0.18115994663370394,0.1697322695081649
283,15,0.32970384032564404,0.11676913398817046
283,16,0.5965691424281978,0.5628719178958992
283,17,0.05935430245399287,0.13574825605705776
283,18,0.4807553981595589,0.3912958093062371
283,19,0.05975222977988537,0.05975222977988537
284,0,0.6390272939748729,0.1718745299888811
284,1,1.2282133653279899,0.3174511097412851
284,2,0.6484801392873898,0.24577457404713154
284,3,0.1534045482009505,0.025412186908601253
284,4,0.4141966468926932,0.1425768345912295
284,5,0.12109725931783988,0.41325828738381887
284,6,0.36105986765114295,0.24131256611263385
284,7,0.05813960600993351,0.03557413874071891
284,8,0.16751626369006578,0.10682493815945238
284,9,0.42449096751494153,0.22697186418505133
284,10,0.24217623930434407,0.0008113452216260697
284,11,0.015724276695836537,0.13726260736257512
284,12,0.029678507026547507,0.13732401417000872
284,13,0.05121108129882934,0.06568092062053044
284,14,0.4495860100158584,0.3531677867119072
284,15,0.26393915423430414,0.16898404464629913
284,16,0.6040682843510865,0.7576910392004823
284,17,0.12814593453490275,0.04122325627867607
284,18,0.1250603092022562,0.08092548465659899
284,19,0.018818441093200633,0.018818441093200633
285,0,0.7623031692389572,3.0695391473091718
285,1,2.5626034690079322,0.8871657209012946
285,2,0.11725959121554785,0.08309215452332452
285,3,0.356222004926396,0.28064219055713346
285,4,0.30310608701162955,0.05667461056520828
285,5,0.21281940018523482,0.11153038368013624
285,6,0.18789735806804053,0.20853583801945108
285,7,0.032716817729040226,0.006033319623523603
285,8,0.1919567482558877,0.08376608907973893
285,9,0.1580961494518336,0.03340249016673846
285,10,0.6520878809808393,0.5164031777289324
285,11,0.22781794947683265,0.19767517753030317
285,12,0.4672937365874601,0.2225057714523917
285,13,0.42702311704673424,0.19984915663551073
285,14,0.19428352581759967,0.28163503307861326
285,15,0.3220938816222061,0.12997237361474046
285,16,0.04958271235341005,0.06144614345411048
285,17,0.20193113755586323,0.12918443542329516
285,18,0.18265354785160826,0.16468532230619815
285,19,0.11281616776857373,0.11281616776857373
286,0,0.7020140192592521,0.4814131230017695
286,1,0.2662560062183603,0.2900567306591233
286,2,1.5626171523033072,1.3105502393710946
286,3,0.30698823108148154,0.2654984927090931
286,4,0.4628879369357817,0.3263792048060816
286,5,0.32757738631335,0.17884782218871287
286,6,0.1009680022468551,0.04241031059095324
286,7,0.0016421659656380427,0.05960468408462649
286,8,0.0050150622653086785,0.015426122757264515
286,9,0.1067907758074691,0.01667537061901836
286,10,0.7505438712230079,0.5933811441673491
286,11,0.3798710705095605,0.4153250036622911
286,12,0.1969760747975986,0.21060684839470412
286,13,0.07536083674191829,0.14710623412287482
286,14,0.029212132272808944,0.20757251832963508
286,15,0.4938707424945994,0.158258354274329
286,16,0.08129680917432447,0.03710988473332666
286,17,0.18413960010250374,0.22768480959353665
286,18,0.17628974752645332,0.05684238472252945
286,19,0.2514786925568293,0.2514786925568293
287,0,0.12038605363397092,0.009229219050288506
287,1,0.22950539762969058,0.07159322968778259
287,2,0.03323674090579409,0.05204230904572782
287,3,0.2558270268242264,0.4517584410691615
287,4,0.199655707641476,0.07480266009638026
287,5,0.267664700091486,0.13409973150071064
287,6,0.25479899082831414,0.06879762993376026
287,7,0.060330361329803406,0.08262556441387092
287,8,0.37462654812262075,0.35847815569059494
287,9,0.20780052232421653,0.2637478581222279
287,10,0.1611975479011365,0.08825297084315054
287,11,0.2437611188536346,0.19433331415068356
287,12,0.2626442653108745,0.1057976098145268
287,13,0.1072953619842516,0.02329853717616892
287,14,0.1761405054750984,0.15412037911813847
287,15,0.6585844762631989,0.40517749333344666
287,16,0.2717916837900636,0.008567377266214926
287,17,0.44470118077625376,0.09495482387464094
287,18,2.8759899240418765,0.737647764601209
287,19,0.0013014965336646256,0.0013014965336646256
288,0,0.6507851128281521,0.4416750757440333
288,1,0.740360711194282,0.16102157779988513
288,2,0.10272713765634878,0.12025048418343687
288,3,0.1948084657624949,0.19205499636514434
288,4,0.2634863670607266,0.2581450635150473
288,5,0.01644814712775533,0.036435127769189446
288,6,4.325111379266389e-06,0.13991528233104322
288,7,0.33597282366361014,0.2746501302764628
288,8,0.04174077258989328,0.05280606307500646
288,9,0.1873380746390474,0.14137929229142854
288,10,0.061527123666414774,0.08297188534723876
288,11,0.23100052506219626,0.22054356823585497
288,12,0.24952751891036762,0.06712887520759914
288,13,0.45905918011581814,0.290155820410388
288,14,0.34107403378141576,0.22415595012362255
288,15,0.4363223727083949,0.2745220768090011
288,16,0.012030035900310043,0.02830179362185259
288,17,0.05757814949919915,0.12419877983183225
288,18,0.17361652187426557,0.2558616128052158
288,19,0.026959226234247513,0.026959226234247513
289,0,1.6026605184318292,0.07312714141446808
289,1,1.9298409539562789,0.20211123749949156
289,2,2.152274876005139,0.22579491076807479
289,3,2.2170893861251795,0.0967239785149614
289,4,0.32521345342911356,0.29966596390790823
289,5,0.17841158283305258,0.05734793642265945
289,6,0.26158644178251045,0.1605318958829809
289,7,0.0847839401890198,0.13373537231462596
289,8,0.4143093209814559,0.4522646722465744
289,9,0.31556751369152103,0.1723772352538484
289,10,0.3412674707282983,0.25607432518806483
289,11,0.0030089671232316206,0.033284315004244114
289,12,0.26825258571885957,0.23669960888262054
289,13,0.2654367791661869,0.25280987877964023
289,14,0.07679954243299747,0.14763981479546828
289,15,0.26074731120210615,0.199596487760604
289,16,0.8130569721292642,0.8348037083666289
289,17,0.4897404957005609,0.5017557073620109
289,18,0.45460597856215035,0.2852839253038626
289,19,0.21028897911208322,0.21028897911208322
290,0,0.17137140638431037,0.11808326450526607
290,1,0.26431151807186914,0.24438225247637213
290,2,0.20042636070160125,0.2721210262922842
290,3,0.25827238118822127,0.14059236505436434
290,4,0.06745409215470488,0.03954127216025949
290,5,0.10685073866201256,0.04737121449087445
290,6,0.0843462153255965,0.02982098104471964
290,7,0.11832232651966734,0.03796279142038639
290,8,0.18225339052544154,0.10147226572651524
290,9,0.4052153571632817,0.22853723463101838
290,10,0.47591424348094824,0.329408788351659
290,11,0.3100028728934392,0.2536001300900974
290,12,0.05299057170716459,0.1789902203187017
290,13,0.04493167215100602,0.19368191326271322
290,14,0.047610516791235735,0.057826876974135466
290,15,0.04629939356363266,0.11593212571550993
290,16,0.12473240904334615,0.02352316879942684
290,17,0.34468327621766726,0.20868826288373388
290,18,0.1222837366925007,0.06861130214954247
290,19,0.1002202960634353,0.1002202960634353
291,0,0.3429444107977728,0.12858045403818874
291,1,3.1267129131896017,0.4414142924939073
291,2,0.5938826773886143,0.058693853175441735
291,3,0.35871025749219276,0.28556651762644947
291,4,0.26905806561101286,0.3095660199511041
291,5,0.07621594481042226,0.24833052241254938
291,6,0.38416496529941035,0.3005941791752962
291,7,0.04436459836300877,0.1064786370344799
291,8,0.17846507111587373,0.10301188725469146
291,9,0.34586718954211815,0.2791289638533021
291,10,0.06024560588330896,0.0368029474897984
291,11,0.11720577921071751,0.09890720208759873
291,12,0.09589379731727288,0.08416922138767458
291,13,0.035696448450341034,0.14267515052203406
291,14,0.09310793252375538,0.12521996371580002
291,15,0.044935753160152636,0.09313739428405388
291,16,0.09632684099300626,0.11426282668231513
291,17,0.11601499919506697,0.13770891354489745
291,18,0.1936981289986459,0.22610507711673034
291,19,0.3185413591081634,0.3185413591081634
292,0,0.36551832315036714,0.007852861343295992
292,1,0.13950196934554215,0.0675124386245396
292,2,0.9714384908192848,0.005480681390168662
292,3,0.6434651064713868,0.6943004594002762
292,4,2.1206916297688125,1.8864121557311746
292,5,1.8450347651288406,1.4740789020766405
292,6,1.6176889073031337,0.6998376388580629
292,7,0.7442769199819317,0.45670015985422907
292,8,0.04819759466273155,0.06952322775856956
292,9,0.08865811988891314,0.006609113527748622
292,10,0.22643279760192092,0.3410322756362598
292,11,0.5406583935878704,0.5027824130442973
292,12,0.5748800930512825,0.6128027171997781
292,13,0.17848605295785092,0.22490000603168347
292,14,0.042308818296543205,0.006052049811792415
292,15,0.05445066989714542,0.04534154631328979
292,16,0.18783151784325636,0.14522644694854803
292,17,0.06737075827843197,0.07827549625117891
292,18,0.003411479005010154,0.08642631151491953
292,19,0.0816350662500831,0.0816350662500831
293,0,0.2679890558985072,0.1423293169429174
293,1,0.007265897769457297,0.037016054613489224
293,2,0.46895426534096973,0.2981131209698171
293,3,0.2197878036014833,0.1453608938701132
293,4,0.4690181508263791,0.4068071867663692
293,5,0.038297704599059124,0.1723210107762263
293,6,0.10803427915276842,0.004145509323662644
293,7,0.16331393248230697,0.1800080496027503
293,8,0.22560429664359827,0.019121673940388995
293,9,0.08655605790060061,0.21412148146526633
293,10,0.2605673381234901,0.257840257655622
293,11,0.23702229177720113,0.203118786980518
293,12,0.41397099651319547,0.29177954060342426
293,13,0.34485015428449106,0.21165578394671591
293,14,0.22548980882676783,0.214855241123181
293,15,0.052645132990615906,0.051849393878002026
293,16,0.038755706472610285,0.06385442729037116
293,17,0.24022786340369873,0.06658344352828394
293,18,0.32539326720851136,0.339469418473918
293,19,0.16913349763058427,0.16913349763058427
294,0,0.08654593941065336,0.1226488591201238
294,1,0.147099041298846,0.09426784310741487
294,2,0.11397748654780271,0.040236999566348075
294,3,0.0024351958813877417,0.0028227411618209075
294,4,0.05458370107931465,0.011890437817656974
294,5,0.08480955008436286,0.07183753251127012
294,6,0.28816627130709094,0.18467177868951046
294,7,0.4271135477209631,0.4687575338100807
294,8,0.37649072807857387,0.20606184135648897
294,9,0.483913072799921,0.4981393840634478
294,10,0.3031172947460581,0.3192084964788551
294,11,0.6022711867207846,0.4506319927085132
294,12,0.004628885293951335,0.1522414713069482
294,13,0.11950204265820297,0.0934878321991981
294,14,0.12472685085708068,0.058977377663856245
294,15,0.04458479361340295,0.1722769024571189
294,16,0.015077528183183198,0.06050782798492804
294,17,0.1348007517763179,0.061639690961962756
294,18,0.6440648637206072,0.5569500552512268
294,19,0.23205646956889003,0.23205646956889003
295,0,0.2335781517973734,0.057162886084893394
295,1,0.2171360686380881,0.03527141395996036
295,2,0.1974668460723441,0.02148090388624535
295,3,0.011825839779256775,0.1498320107592983
295,4,0.07398967044885918,0.005635214649371889
295,5,0.10068120879612685,0.03440922215713638
295,6,0.19537204440569766,0.06063566166620227
295,7,0.7614499149240181,0.48615913920651366
295,8,0.28903291523834174,0.20422671458459973
295,9,0.13481365195884143,0.10938372696530019
295,10,0.3023018000245097,0.16501573925290725
295,11,0.07504128083069617,0.052514571849586744
295,12,0.3926775123972792,0.39611100022652135
295,13,0.20779641107386926,0.28177084023887033
295,14,0.36755828650248556,0.2668597540809907
295,15,0.14924035453026274,0.18782863113416504
295,16,0.04187205771916336,0.03881453627730114
295,17,0.2343225029719429,0.2959445304830979
295,18,0.28102568659562266,0.14960438563427303
295,19,0.12952104546700616,0.12952104546700616
296,0,0.30858513319419867,0.11770299772311699
296,1,0.13784883677797932,0.03465477345347523
296,2,0.012459737986608044,0.1664923082389791
296,3,0.13904908233519642,0.20237252652746918
296,4,0.6030338104963668,0.4511166438879499
296,5,0.4043710954109203,0.09728420542074989
296,6,1.2305947622249196,0.5745766664758505
296,7,0.08758388962426844,0.0033343047145670823
296,8,0.1114830568943388,0.1375474882846177
296,9,0.4077891581900599,0.5039145401821732
296,10,0.20771089690583988,0.022339016406732526
296,11,0.16817004682853787,0.04180446316570041
296,12,0.1864628726231965,0.047254341921530774
296,13,0.22479380710963515,0.07324501899762481
296,14,0.08349560054313754,0.1353162768381706
296,15,0.037511643446169085,0.08680597742863583
296,16,0.5872241754154701,0.3840344684910644
296,17,0.7293428607372081,0.6199478250561348
296,18,0.3222204710187633,0.3043589318202433
296,19,0.3998352440775266,0.3998352440775266
297,0,2.1566755439363003,0.003409146527755258
297,1,0.38348246352533666,0.3494029985054037
297,2,0.4588734946288242,0.1952651554461604
297,3,0.1831306926795584,0.073019535556754
297,4,0.39137294194724337,0.2553683998153886
297,5,0.3341825332798196,0.2807542947857806
297,6,0.19570276192032843,0.11887527148659327
297,7,0.33389120135929495,0.31565339459686825
297,8,0.06633864884067364,0.17491283302113203
297,9,0.026538783873548688,0.08232216800940062
297,10,0.1590906316037115,0.08410641250826423
297,11,0.29876984638299753,0.2863763229917664
297,12,0.10057094747778006,0.12330306126745505
297,13,0.019332174448750905,0.09894370904140981
297,14,0.2746629675769068,0.1941467366534937
297,15,0.24160081338409078,0.19738244456448228
297,16,0.19859492346382446,0.07012709975861942
297,17,0.2020119776407059,0.27357793547129283
297,18,0.047102769580826376,0.12465313285533597
297,19,0.009181129287952672,0.009181129287952672
298,0,2.0522980008357763,0.1497259781275453
298,1,2.354415805486795,0.017386765334368448
298,2,0.23819420173778516,0.01713322431729658
298,3,0.002663087277939624,0.03337695027947163
298,4,0.12006531011227439,0.017045608876488316
298,5,0.20634076639279675,0.05728468094542283
298,6,0.013391613995279439,0.11356816718871965
298,7,0.07791525612382699,0.11420328790485224
298,8,0.17874895461981222,0.06410077452699392
298,9,0.037801992207672885,0.04604321062623562
298,10,0.050343871820722974,0.07087337812699523
298,11,0.05610638989350969,0.047710351366685444
298,12,0.1642049354361501,0.062267977796695906
298,13,0.019328459913478646,0.01466630326420626
298,14,0.10693823370377586,0.009662530094269428
298,15,0.21956580046494212,0.10898609065121079
298,16,0.3118388869750759,0.4016608847190848
298,17,0.09762689572666705,0.055812369848681875
298,18,0.20394819816380938,0.10952432686203784
298,19,0.3667172585663665,0.3667172585663665
299,0,0.367507271181871,0.1291403006722902
299,1,1.342035777501776,0.11582111085968894
299,2,1.8135686640434354,0.04058370055310778
299,3,1.8279295880314388,0.3191462439684001
299,4,2.672016931129267,0.23639954809944275
299,5,0.0024301410027440795,0.15744274621222498
299,6,0.11861464388548715,0.0010048300447564884
299,7,0.047267004861990536,0.1279389542437066
299,8,0.6387704378811874,0.5078070474946106
299,9,0.05008286201659562,0.06809836290956994
299,10,0.008803999577726707,0.14640550269125718
299,11,0.19040333198491854,0.03774051253368249
299,12,0.6332399522658143,0.48256863066480005
299,13,1.6671786066173162,0.7545430691563908
299,14,1.058345328530745,0.41801663301551173
299,15,1.5898327535233276,0.08371671600610897
299,16,0.1362708811565052,0.10130714383354755
299,17,0.1210365329549683,0.10634482190407413
299,18,0.1990630749230844,0.25968256769446985
299,19,0.2056895745594569,0.2056895745594569
300,0,0.09282071644666257,2.292735465675128
300,1,0.0030033098380606305,2.3277161786904745
300,2,0.07345428282629918,2.118458721825283
300,3,0.7438630931434633,0.5716300885216081
300,4,0.23556372738383669,0.13790882396208293
300,5,0.17896832746213942,0.24956302505464878
300,6,0.09498287508720482,0.04612440951255303
300,7,0.045009347658061305,0.021771804291772057
300,8,0.006977942909963009,0.12627087797661396
300,9,0.04875710069375261,0.02066762925600285
300,10,0.24803587668904115,0.25173940063803224
300,11,0.22617817733820011,0.16041799821883718
300,12,0.2245020529847781,0.045325735769384146
300,13,0.1204302882100805,0.11289806700366434
300,14,0.017743074684123172,0.31224963881702417
300,15,0.1615413361362159,0.11176667352263703
300,16,0.2797890661608493,0.07849257098739804
300,17,0.08072181054202376,0.0759827440698615
300,18,0.2016230227005784,0.128309139022853
300,19,0.02748890691264627,0.02748890691264627
301,0,0.2516096366490741,0.45056610483148773
301,1,0.2993989954663263,0.31311486512827
301,2,0.3166357069999961,0.19585950625506143
301,3,0.27034454826755727,0.1939330384603255
301,4,0.28060105870099417,0.319741775674403
301,5,0.03646230463499878,0.034382437728359694
301,6,0.08187510263611486,0.05937619805982086
301,7,0.34252443010393385,0.3962873531214117
301,8,0.16430648842237794,0.1858614099197453
301,9,0.1652752512542941,0.12471207603270251
301,10,0.3061179925892068,0.31791904154950323
301,11,0.25067063893206853,0.4080756636309708
301,12,0.301188971627119,0.17960420965094892
301,13,0.2660977117748762,0.27375469630176275
301,14,0.18995267532939586,0.06846244124094403
301,15,0.28801659474002017,0.16965221527139285
301,16,0.09036262802274075,0.06429735372554646
301,17,0.06530731627264874,0.03934588310802756
301,18,0.17360235467687257,0.0466697546265018
301,19,0.000617065194731925,0.000617065194731925
302,0,1.1581415158725337,0.18026411761251104
302,1,0.2063852098539405,0.16695294772562264
302,2,1.3199700467194075,0.13483366060956126
302,3,0.06478039032049043,0.10203969889140829
302,4,0.20896035927791878,0.24595192769593766
302,5,0.02223106152126153,0.037558744153184165
302,6,0.030246256165352037,0.021880091181209593
302,7,0.14906777731415755,0.15108104841869885
302,8,0.3618279708902499,0.08513676505724099
302,9,0.2436339545173265,0.037784470040559626
302,10,0.1866141172913025,0.1448102549941428
302,11,0.256859143283549,0.14948125746121566
302,12,0.01966332989591768,0.11037653096470246
302,13,0.15632841422675048,0.2961192668126542
302,14,0.13886910935659902,0.09898204830515223
302,15,0.07055119320359626,0.026647817213946823
302,16,0.31813467882192903,0.30035562429793394
302,17,0.2519109186264856,0.28560483295018013
302,18,0.4019189219260957,0.5458864453290344
302,19,0.02117002207102292,0.02117002207102292
303,0,0.3345273022551485,0.014316540330318261
303,1,0.18415331698923065,0.3226735237563467
303,2,0.5262829948678833,0.46127685929738593
303,3,0.6762929856032178,0.49870193124116025
303,4,0.6120612951063862,0.44564117615866117
303,5,0.35171978245648194,0.3880932370174426
303,6,0.05870004442351373,0.02478052324814861
303,7,0.02095465688301701,0.19580730403945967
303,8,0.049775343184103704,0.15961167711877344
303,9,0.22500140329858276,0.07445185129612408
303,10,0.39054627267043074,0.4409428534070967
303,11,0.017406168608355976,0.06363434133305201
303,12,0.13382319324453462,0.18101874993873324
303,13,0.2978058440961604,0.3084454848216378
303,14,0.016755318801770613,0.18681410690486988
303,15,0.04521119602303081,0.025830316124940467
303,16,0.11900290554007764,0.01894252823816256
303,17,0.18400382644405422,0.18405189610433315
303,18,0.06668587970616358,0.017506099522739405
303,19,0.2808110074733108,0.2808110074733108
304,0,0.03601526102627339,0.15403041679331375
304,1,0.17363341249032826,0.142974066289296
304,2,0.011617942650377966,0.0007077432047006837
304,3,0.3713473361805182,0.35495892014255714
304,4,0.24031345071362198,0.14092645919178226
304,5,0.32443364781135564,0.27254429914975464
304,6,0.09287400833794734,0.1550869774191992
304,7,0.3671863383565075,0.1452858023010064
304,8,0.03884803207599763,0.12036680106394115
304,9,0.08944070423561135,0.014794800509231987
304,10,0.25741182084629166,0.013885618125640597
304,11,0.36176483875951515,0.14241795638346577
304,12,0.24388748795675408,0.5121740875360956
304,13,0.08214482970272563,0.0584740470572056
304,14,0.10812519777326823,0.15924917196691446
304,15,0.35561968809692956,0.24247717577921168
304,16,0.19479761546687957,0.0623645566958988
304,17,0.1564763904089892,0.07822396347080751
304,18,0.2514930573878913,0.17780353052984976
304,19,0.2000909499563246,0.2000909499563246
305,0,0.3111771058698283,0.28100749512445233
305,1,0.18910548318188747,0.08197474561582929
305,2,0.15219482237110515,0.10229759474048716
305,3,0.2957393061390432,0.1965537390952301
305,4,0.168399547599984,0.1616569698082193
305,5,0.027338183228300394,0.053694125883964716
305,6,0.08029999950352806,0.0014394503848214057
305,7,0.0727928976839598,0.1800521451204471
305,8,0.4680379679454294,0.506362981586916
305,9,0.11539114812546813,0.09804734782433844
305,10,0.21647575827861054,0.014571704729270607
305,11,0.07897023591243091,0.15972507878340014
305,12,0.3943902781637192,0.23683422935155019
305,13,0.2637057598252115,0.21592196162685262
305,14,0.06912440067691428,0.022622073775805163
305,15,0.03536416221572569,0.15102020807234418
305,16,0.1545038119629778,0.3439918201059369
305,17,0.0994685548787535,0.04951404253626812
305,18,0.24385085232055914,0.09032181041656973
305,19,0.28764497000556766,0.28764497000556766
306,0,0.4029321905356493,0.19687376747202023
306,1,0.3842670213301074,0.4455655100521825
306,2,0.4369814899555511,0.33268677598741725
306,3,0.22320718181806942,0.29898456608879354
306,4,0.19607598175498353,0.17030142207636967
306,5,0.18658010663850266,0.18856140455536963
306,6,0.09708430158558823,0.013114500857121847
306,7,0.17330951409120754,0.1752052452059374
306,8,0.03405395710674153,0.10340103306204274
306,9,0.18901646285613039,0.2887650170482843
306,10,0.4644969482774428,0.4627242887834697
306,11,0.08344877848542875,0.09799637671630901
306,12,0.26716958816001224,0.22305704965301754
306,13,0.30022313346786067,0.39410573872076116
306,14,0.1379377228673988,0.08549831957586385
306,15,0.1149553816312654,0.06579858723090037
306,16,0.17386883876416448,0.16216866204073188
306,17,0.005336716076947745,0.21022037033852214
306,18,0.4471241631834344,0.5965351166577832
306,19,0.12038087128646069,0.12038087128646069
307,0,0.003535618985430311,0.18877136436971975
307,1,0.2712313058185325,0.10245695766269858
307,2,0.1662165304789487,0.08982081154583499
307,3,0.1416604439753253,0.08248169813982598
307,4,0.18811546738522633,0.12194861423562164
307,5,0.07412465814226543,0.09916439295117874
307,6,0.3033314164658374,0.41949984828468434
307,7,0.3395397222656884,0.3446793968143176
307,8,0.48617904807218704,0.5022633121786093
307,9,0.1319642399881098,0.04005129245810446
307,10,0.13403732694860215,0.013396951931955225
307,11,0.19124966958444123,0.23578548163017032
307,12,0.31128495979095927,0.32408301853612365
307,13,0.11569706927334655,0.1145006315070356
307,14,0.48410769098710116,0.559467866770786
307,15,0.16804330889306662,0.22454351647606652
307,16,0.023203130891001678,0.10968437522186969
307,17,0.23327460915285236,0.2974558395971503
307,18,0.00915951103418955,0.18940991221580816
307,19,0.27403425419826855,0.27403425419826855
308,0,0.03955076715634176,0.16384911420412074
308,1,0.2586159845412057,0.1568805435431586
308,2,0.3311806880730854,0.23410356967121926
308,3,0.724992006317942,0.46818459010488667
308,4,0.6821034639589696,0.4943475347882087
308,5,0.15679637999119223,0.12169585232932434
308,6,0.17260937705604196,0.10220268528992804
308,7,0.056103620714824665,0.0037311663356653924
308,8,0.13952144269304068,0.024046102635441713
308,9,0.07909041400200412,0.02194787285797961
308,10,0.33330291403687173,0.3452831418099329
308,11,0.3390410740527443,0.18405244769406082
308,12,0.2180140054096258,0.21785519747450355
308,13,0.07293073502098846,0.03972202830197169
308,14,0.13986552380950545,0.29088774128799066
308,15,0.05591226610540634,0.009767061715460379
308,16,0.18516480617560482,0.09857840605887702
308,17,0.4525602732633862,0.1671385153873466
308,18,1.8631074562537604,0.45139028314984486
308,19,0.00858871884596546,0.00858871884596546
309,0,0.45767811208040987,0.2546633663541851
309,1,0.2261370440151813,0.4530802331180892
309,2,0.12617591891181146,0.06368596267187954
309,3,0.03903308618581125,0.060477651273397104
309,4,0.08825012595869186,4.442420872941e-06
309,5,0.37124984496092983,0.29231174325635934
309,6,0.325384650325764,0.4990593476782781
309,7,0.25199651869036455,0.3803429392216926
309,8,0.1785206613703605,0.10135710763520711
309,9,0.1093764923136562,0.14658237881953662
309,10,0.4901864981556212,0.46076701006491483
309,11,0.26498141323651225,0.4086245689661432
309,12,0.18944330586926306,0.31568085103846677
309,13,0.04516071790439202,0.19446952736430223
309,14,0.4698731597276038,0.419046909656994
309,15,0.32609803495929146,0.13902717669895104
309,16,0.3376729849379929,0.2664846317641527
309,17,0.06745571372929904,0.08132187968062476
309,18,0.19689881416413835,0.11041455935771483
309,19,0.05292223210539637,0.05292223210539637
310,0,1.7713705053167887,0.12360389431341368
310,1,0.19274560730864998,0.08647469833494403
310,2,0.17267313529585593,0.12363733524728149
310,3,0.0031580153799990462,0.09194507167645805
310,4,0.07845667832262615,0.12166550268473131
310,5,0.07825840878997514,0.06707105075097752
310,6,0.07704274125620625,0.21700032958559934
310,7,0.057474825851258515,0.14798679197222597
310,8,0.18435084573824367,0.2643648764937492
310,9,0.1882343261187307,0.179080573469387
310,10,0.05830300764143015,0.03404865833423232
310,11,0.2888501597911288,0.21568166996644766
310,12,0.26927381712862397,0.1828801821162056
310,13,0.10367186231736225,0.023532459611246725
310,14,0.15383234412694424,0.06478236368668266
310,15,0.03509526249085315,0.18647739710624123
310,16,0.20048837901702665,0.12965369660835613
310,17,0.2828836963422323,0.18525585903150255
310,18,0.05119797478631272,0.10163782407807442
310,19,0.2539913648192744,0.2539913648192744
311,0,2.217324752205303,0.0318310446452319
311,1,2.243314088782637,0.06615372170728229
311,2,0.05364754840785402,0.052152559995609415
311,3,0.22182347673877612,0.15327818865716303
311,4,0.12672373968942097,0.09880193279222382
311,5,0.5779339771414476,0.3992262603755332
311,6,0.08853173061866837,0.08579335923642795
311,7,0.1689158437165421,0.018474734610803623
311,8,0.27388851990462726,0.3176076585317231
311,9,0.13701484861025248,0.018937148256319425
311,10,0.25173635718447374,0.360470494678903
311,11,0.25353151918577366,0.1812719433208092
311,12,0.3590674166375578,0.26899794567784596
311,13,0.004341782944205619,0.018856974558902007
311,14,0.12023442395539385,0.24574165587083163
311,15,0.5584778793150766,0.48875349546376423
311,16,0.39702577452294774,0.4549122538039967
311,17,0.3041051572368505,0.06402205623782953
311,18,0.1589142637001486,0.059777716133087466
311,19,0.06171731082826426,0.06171731082826426
312,0,0.46020488623096156,0.09388502658317499
312,1,0.04132510633933606,0.1561235180433922
312,2,0.1289579681939923,0.131810123509446
312,3,0.22554453623189064,0.38743000599010236
312,4,0.11074450341619801,0.15453592249555292
312,5,0.0623878706758525,0.019586601679516313
312,6,0.246695095424446,0.21419895581859638
312,7,0.17295139872065768,0.11831007203819421
312,8,0.1167768807745162,0.0016371578901779316
312,9,0.12617075695176183,0.1764625095730601
312,10,0.08403922792223106,0.014224128908888467
312,11,0.16048650299601253,0.05443806132419304
312,12,0.17576519169945026,0.011160604910261718
312,13,0.3106867875206216,0.3009534027027847
312,14,0.10464306734358875,0.07990283262496067
312,15,0.07406578084540971,0.1251169372632006
312,16,0.011571219798463872,0.14963547253742515
312,17,0.0009852059735147023,0.061247644735079376
312,18,0.14069187246433845,0.11029834571321562
312,19,0.2330499648133939,0.2330499648133939
313,0,0.39615855482739537,0.3018868979444873
313,1,0.2670948367103012,0.33489790636186356
313,2,0.09016656583265004,0.09212707540125731
313,3,0.0588939984929171,0.21848353837414525
313,4,0.1880351565086027,0.034657421600179816
313,5,0.09249841064705766,0.012622951135791816
313,6,0.17121802870087866,0.12287145470889183
313,7,0.16335332648693957,0.3115117669305354
313,8,0.25030652444552004,0.1249217535881959
313,9,0.42773873644309024,0.3391843994837016
313,10,0.4818428062689355,0.38326805342340986
313,11,0.5650425471812923,0.7614931990650309
313,12,0.14453683843410037,0.08648519637530594
313,13,0.10626471103753943,0.056636854181782326
313,14,0.1791362918897268,0.1351255580156785
313,15,0.024305202345036303,0.041712822801033944
313,16,0.3717071216506209,0.20883393505408643
313,17,0.10760412041762368,0.02175941144064586
313,18,0.06493750297692635,0.1805097754888787
313,19,0.5164262736775571,0.5164262736775571
314,0,1.8400780193112958,0.2586897443775249
314,1,2.5733941924299177,0.0426319581797272
314,2,0.8958843055301933,0.15019368626570673
314,3,2.532858059892634,0.19374342364388042
314,4,2.2916896554054933,0.14450789964105626
314,5,0.060519796618753396,0.15556835432421634
314,6,0.26983458077556,0.1378388036373006
314,7,0.08196060030233587,0.01459877927604536
314,8,0.3086748874386571,0.20158440085326834
314,9,0.2017772062653589,0.12626568856667264
314,10,0.05604050199175781,0.10330589706856141
314,11,0.07878256991966337,0.12336062836990314
314,12,0.15438328359493259,0.12592110990040117
314,13,0.06410587058113304,0.18239249959301151
314,14,0.2088235385877799,0.2803877419858649
314,15,0.015557810093707491,0.04747820641050016
314,16,0.05484213740774058,0.07634382077018298
314,17,0.23846310138086002,0.038204312548308916
314,18,0.05378164065926283,0.050172767840197974
314,19,0.2916974518117854,0.2916974518117854
315,0,1.1418640802567088,0.4266535138474987
315,1,2.0622435488238136,0.5901852332104913
315,2,0.5535817016825781,0.3578284824962701
315,3,0.16163470681710201,0.047833047201021994
315,4,0.11817281458784912,0.054166474730780845
315,5,0.07297976540773199,0.03852048249782891
315,6,0.05249598762589924,0.1413874446891632
315,7,0.04519511407600074,0.0020940655416756826
315,8,0.15686857148355227,0.18641369246235717
315,9,0.31440443594219225,0.178499742163841
315,10,0.6256113875381701,0.5829906920016708
315,11,0.0974182456997652,0.03627774910702097
315,12,0.16493897250197298,0.24885426309855996
315,13,0.299650924356909,0.21728300029443082
315,14,0.41368281298071485,0.30659776147998796
315,15,0.9193285855300548,0.07929936350361544
315,16,0.5999430423573924,0.25328139982303366
315,17,0.09893800378327011,0.20612744236215885
315,18,0.40190126982180274,0.12173464919326449
315,19,0.21016092883078752,0.21016092883078752
316,0,0.01384091033050261,0.0396938937110507
316,1,0.10947989050253426,0.12475565316267989
316,2,0.034893811237709293,0.2259753613427895
316,3,0.11683836245873902,0.11436487170305298
316,4,0.12425943465242728,0.3405128293994517
316,5,0.2875406122833222,0.230055029038029
316,6,0.027947559892570695,0.21164482364325998
316,7,0.01742376980079907,0.1634642295241604
316,8,0.08802044762965044,0.039727564420799055
316,9,0.04616117018980237,0.08220554230447297
316,10,0.374781509180393,0.21975633250072946
316,11,0.3280423555220682,0.1785882597782713
316,12,0.2210964605555361,0.00573674928803225
316,13,0.12118548777479266,0.043477084213460415
316,14,0.12637718745973459,0.07417543828393569
316,15,0.026442236658534846,0.19244806180316942
316,16,0.19533419203047941,0.2886650366530823
316,17,0.15589310838143344,0.02830525465643685
316,18,0.27221769408415586,0.08553385866939944
316,19,0.14215597475835473,0.14215597475835473
317,0,1.1212890641037623,0.05369603747701435
317,1,1.0272398203246191,0.15408328926772308
317,2,0.8690098616211435,0.46195892940281613
317,3,0.02755221923016382,0.2702940561133662
317,4,0.020968004662740736,0.10391574969591177
317,5,0.06596525878361836,0.030663518917495303
317,6,0.3892635537645739,0.24912675206492363
317,7,0.25679361258344224,0.3693934108713677
317,8,0.16665816574013048,0.12927487860817966
317,9,0.09835492304039706,0.046141421575733865
317,10,0.10792928810864177,0.04655601399581277
317,11,0.16072226353562957,0.1373956495022357
317,12,0.4584280779744154,0.4501473777923999
317,13,0.301750491874921,0.2230472308485023
317,14,0.3217553706585621,0.2805792234669555
317,15,0.08047435735289277,0.05597764283764661
317,16,0.14044607519372265,0.17773818945688946
317,17,0.2680458566479986,0.4412886600183694
317,18,0.14917481485899842,0.23193262010659144
317,19,0.22632508310581523,0.22632508310581523
318,0,1.7041516932091605,0.012682344241312205
318,1,0.26221367821216424,0.18823538211901525
318,2,0.7266601071304537,0.7516737759370531
318,3,0.5283639112698566,0.3860673617942201
318,4,0.2495356164020479,0.032939226394443466
318,5,0.5549982695200217,0.28201998310811405
318,6,0.5326567082402525,0.08654811228835246
318,7,1.3321933171623446,0.1698980182033072
318,8,0.30499566220627816,0.2627909675074305
318,9,0.07785365702640545,0.17921344371538073
318,10,0.046811885408795995,0.12893033963708866
318,11,0.2269444467519448,0.2521775155505517
318,12,0.20777426621708628,0.11491245588158794
318,13,0.08431365591489826,0.05610081460824512
318,14,0.2603619738018921,0.011509914814145539
318,15,1.3421983220389153,0.41117301055733524
318,16,0.12364996060184996,0.21500899876359592
318,17,0.35510197696463,0.11012632183672721
318,18,0.0037824683524618763,0.024725936783521973
318,19,0.061212392315436404,0.061212392315436404
319,0,2.0495129683211823,0.11452704371822708
319,1,0.44980905549719763,0.008010272245750905
319,2,0.23715083948218485,0.07706954423358159
319,3,0.003482706595581142,0.10039080467099293
319,4,0.048462210840666486,0.04813554964134603
319,5,0.020530986924679695,0.009475501844141476
319,6,0.06656460015641219,0.22528103402877608
319,7,0.1353955823395232,0.06512367565130717
319,8,0.062379263247944294,0.11032341000209556
319,9,0.003114459279808912,0.16145116008279725
319,10,0.09050243170124617,0.017715699843123822
319,11,0.3112002082292378,0.18484871324753804
319,12,0.2625813170464095,0.11312668676176152
319,13,0.21587445226390445,0.1328572060311486
319,14,0.23268738792782884,0.27971201407000645
319,15,0.03492494846577365,0.06567683561674453
319,16,0.04670444415517583,0.22495279833070825
319,17,0.08751674649642105,0.14099788096521682
319,18,0.11654800283093003,0.08713760254662795
319,19,0.09428581027562721,0.09428581027562721
320,0,0.02711416300768299,0.03162352016591541
320,1,0.2002777913370304,0.2843875092623245
320,2,0.03723162707496641,0.11068967313367928
320,3,0.04037100307731745,0.132504934403034
320,4,0.1259708677123026,0.03805674144460358
320,5,0.29345066364779715,0.33356837083461954
320,6,0.23162905238480036,0.18107391683866325
320,7,0.18437921692490988,0.12243769248278902
320,8,0.08986520819758326,0.12360543613426422
320,9,0.27964223986901704,0.1277110199582676
320,10,0.015200171542221419,0.05831223750302694
320,11,0.1504440575538446,0.28371869587137244
320,12,0.3692637401181784,0.3906738317287628
320,13,0.2859219833526252,0.1247793297209352
320,14,0.040644185969161306,0.13977439955852944
320,15,0.06849099441066375,0.21473589836319906
320,16,0.4679057187505702,0.2104181187744274
320,17,0.3515315336384419,0.07212262972122874
320,18,0.07483467653965503,0.17620575605494837
320,19,0.36576010819575977,0.36576010819575977
321,0,0.44902642564387474,0.495083820048988
321,1,0.38422527185159794,0.41855906098027074
321,2,0.18065457290942177,0.06301091461759789
321,3,0.24450622520681353,0.06760467235571177
321,4,0.2287920861894266,0.08787269918597218
321,5,0.0952955777453317,0.12192983075559116
321,6,0.27184737581269225,0.03201986876348517
321,7,0.055596756411591564,0.2022131807336347
321,8,0.0016955313337874145,0.10022889916503352
321,9,0.06920994180575235,0.0757817205699185
321,10,0.35613097002319716,0.22608797670015868
321,11,0.07713963847035021,0.05793578664707333
321,12,0.08690352954548253,0.05722932554267324
321,13,0.28834653097229035,0.30758558939223013
321,14,0.07209200620809852,0.13766436311442654
321,15,0.26692478979022916,0.2886823522409321
321,16,0.22781934007186244,0.18780808053200104
321,17,0.5841806018152944,0.4406735983477086
321,18,0.2126207805978062,0.13144675935614192
321,19,0.07221236562969935,0.07221236562969935
322,0,0.3812794151372785,0.27600697909159333
322,1,0.07923773036538417,0.004791874308052613
322,2,0.33827760858162836,0.2935314852093116
322,3,0.1874374140698123,0.22237841283271642
322,4,0.12168549464776834,0.07227518135893263
322,5,0.44451189283128834,0.2966717134275134
322,6,0.18355099229341842,0.16953660969959117
322,7,0.35090184742743347,0.25816424186273856
322,8,0.008210609411890779,0.020481253592722126
322,9,0.33681598579907757,0.2656435965789612
322,10,0.04745228739592111,0.2953158472010857
322,11,0.22565269241133112,0.22002903357852155
322,12,0.10492475166757131,0.03515217440788998
322,13,0.045265631104135284,0.14677391811383433
322,14,0.0830373659386412,0.014063448471128392
322,15,0.08060807081219945,0.1211817673031188
322,16,0.46201910583245276,0.41737963696989366
322,17,0.8146364211752339,0.6042497002754277
322,18,0.6765463725246148,0.4278797691392655
322,19,0.12874221661749097,0.12874221661749097
323,0,0.4225903893059346,0.32914552701429667
323,1,0.08936749455711812,0.016087346926290103
323,2,0.02332750572888953,0.06947386958395096
323,3,0.0613387251725408,0.03535991978635877
323,4,0.2753708224112623,0.35496872634505117
323,5,0.050148576979502035,0.053606824410771026
323,6,0.031924414072545204,0.012147434223166442
323,7,0.23557369989960497,0.20502181531814268
323,8,0.13717839427077916,0.2826011690037413
323,9,0.21367928981888973,0.17691023532363737
323,10,0.059477462151692695,0.07417885938047108
323,11,0.05282114682818673,0.086960046334287
323,12,0.06542321702105847,0.0653944864221061
323,13,0.30660665800441445,0.2944187933505442
323,14,0.17353428895225376,0.08487940433578167
323,15,0.23234797681152797,0.02577942711370307
323,16,0.6568181981363548,0.42178037685348624
323,17,0.29226978859786223,0.2630451002678855
323,18,0.007674599977665064,0.10781497181446076
323,19,0.43631703114595766,0.43631703114595766
324,0,1.7383939735028546,0.5487924422184598
324,1,0.48843738129158254,0.2294058263647729
324,2,0.14942651006531094,0.007859660651291733
324,3,0.008351254570718503,0.11387755825154322
324,4,0.3004309383281658,0.17558324431021433
324,5,0.4214542488631019,0.16917053647616864
324,6,0.46386097319581765,0.2902131112665476
324,7,0.01458405002887364,0.17061662679932788
324,8,0.19194222538580075,0.1256786587264731
324,9,2.890581691491608,0.10407221624366692
324,10,0.003149551656262517,0.0608717182476628
324,11,0.047951550712879154,0.006867720495882246
324,12,0.12894295098626696,0.11920436761591358
324,13,0.06534073109505734,0.02891696959228085
324,14,0.06381597436836106,0.14302767308757325
324,15,0.22689485179451108,0.20907751160697874
324,16,0.06943767473208418,0.012431490327418082
324,17,0.04860726821043926,0.04260341230012177
324,18,0.3681305854660337,0.2113715907333802
324,19,0.13301072062253017,0.13301072062253017
325,0,1.0791321419967481,0.1352272186253467
325,1,0.31042627394443834,0.2511553656720711
325,2,0.08590306327282082,0.002715255271166228
325,3,0.031435560874029544,0.2450046141051443
325,4,0.29639264645881624,0.3177392441583806
325,5,0.5309189658274445,0.2683988244524249
325,6,0.12958326808198262,0.0091108384015266
325,7,0.49473041742143664,0.24259341443245042
325,8,0.7993006181048754,0.29421870139834905
325,9,1.804254773725619,0.08858428835605459
325,10,2.1023066647733906,0.14639958713433554
325,11,2.125018944725645,0.2271572731207847
325,12,0.21393424056040544,0.32924994810610286
325,13,0.03928417505888504,0.039478583172848136
325,14,0.1740607305400652,0.05336693874729104
325,15,0.6073328242518352,0.4778464339906998
325,16,0.14509655772550945,0.027337259209343046
325,17,0.3593891899066506,0.2373715340481497
325,18,0.05694427176263561,0.04580308651777143
325,19,0.32217731932309057,0.32217731932309057
326,0,0.498767622119904,0.01247765230183484
326,1,0.057341215785783994,0.05616044152219546
326,2,0.3333968468552442,0.3393049820437013
326,3,0.27027467708903075,0.2150622664990749
326,4,0.21591287715846352,0.03494299139303614
326,5,0.44829551321579686,0.2647982445432726
326,6,0.25269528633676064,0.04506127944387606
326,7,0.3468854957309446,0.3006711901524346
326,8,0.2586717738732558,0.20404988189964834
326,9,0.2365315536434549,0.16820555534644432
326,10,0.4004537802546855,0.31918747583126805
326,11,0.06631173839036286,0.011783742869480918
326,12,0.24382260755533292,0.43577292003888424
326,13,0.44665888166536893,0.5447288935879468
326,14,0.03457320731867641,0.2269516361970343
326,15,0.9014843097942444,0.049363419950933185
326,16,1.9576943322852713,0.0715855131311387
326,17,0.4656727385809969,0.4025401647773972
326,18,0.3439929853776942,0.21821114984806922
326,19,0.11811594421612792,0.11811594421612792
327,0,0.11862258410339255,0.014129036472795065
327,1,0.0476800005597795,0.032509976457173906
327,2,0.16271829553425032,0.06425115178057528
327,3,0.2512226771078554,0.30929656727151933
327,4,0.35143815742114537,0.29417259185288636
327,5,0.5130915231286881,0.5562270632674329
327,6,0.2130268411227103,0.33640137706902173
327,7,0.12839266708525887,0.0439374833373094
327,8,0.1313099195895786,0.13676132834008037
327,9,0.20952704872564354,0.12637626758739717
327,10,0.05572588515231658,0.048363853637575005
327,11,0.3044176427474987,0.23269663313163935
327,12,0.17670038831055113,0.06377271279634567
327,13,0.22210342061486177,0.16707635613247174
327,14,0.18484962606484068,0.22933928431341766
327,15,0.16822438497541192,0.01807371469967123
327,16,0.05496011907718845,0.04561851882419177
327,17,0.3334644533099276,0.447805994636723
327,18,0.020075710736923824,0.11874410801468205
327,19,0.03512166467139455,0.03512166467139455
328,0,1.9840272505136018,0.046191649128561885
328,1,2.0938339080245107,0.11964194210187706
328,2,0.9364475801892223,0.20772325561648408
328,3,0.014263895779362379,0.10545276673774628
328,4,0.05780006688810646,0.0937183608825598
328,5,0.05434697974192826,0.16622332017063712
328,6,0.06926905048705034,0.13225167602388277
328,7,0.5407500432612995,0.4037735426618152
328,8,0.30940817803489074,0.4245382949965757
328,9,0.24509209348418493,0.20063552583243238
328,10,0.33084812250556883,0.28756568382251757
328,11,0.20110789961147058,0.3019246131821851
328,12,0.0656161584321655,0.18632851324620558
328,13,0.025292861164949443,0.22610786921158033
328,14,0.7002755449150739,0.13619842322110065
328,15,0.09423082151798834,5.819309613297463e-06
328,16,0.3193403216037205,0.20563493533684873
328,17,0.3096499368108345,0.2879366398802863
328,18,0.011040070406117763,0.11046218150623854
328,19,0.3920851900533777,0.3920851900533777
329,0,0.27261104181300677,0.30882006612584867
329,1,0.2563926136782131,0.2253769582822116
329,2,0.12122618145722885,0.11608566619457994
329,3,0.22611001031821676,0.11355791898582757
329,4,0.10183905536356486,0.17952263926228618
329,5,0.20294206911171297,0.21201942442453037
329,6,0.015412797327686079,0.11924181440988546
329,7,0.29773936969687,0.12865764409966607
329,8,0.3987536234267681,0.2474935234650686
329,9,0.08228083495685912,0.11798847049837935
329,10,0.05989833409280543,0.24153634188679396
329,11,0.309489134596042,0.26625379354422307
329,12,0.17994494654320814,0.07160897137231714
329,13,0.30376637593245404,0.3138804547938334
329,14,0.1512003933568824,0.07210786726374074
329,15,0.09568024897724525,0.06704254527477227
329,16,0.17618678851361969,0.23730485619751462
329,17,0.029298529747670443,0.19329971363549836
329,18,0.3199480436896436,0.41944415678610225
329,19,0.16039059077058226,0.16039059077058226
330,0,0.21613159132191928,0.0773496574983561
330,1,0.28630734256631607,0.23158417607016712
330,2,0.032594925152572785,0.12979813276319963
330,3,0.2286300352134054,0.10391054666325239
330,4,0.12053393533979495,0.1142479609974294
330,5,0.02814544509430661,0.050083936044780675
330,6,0.31152033377168165,0.39244785232185464
330,7,0.10170367830097282,0.1763956806277931
330,8,0.03935979343749185,0.005919083033208317
330,9,0.011635471703472788,0.058195704611000654
330,10,0.005138283191600479,0.00810194114311713
330,11,0.1667368162586853,0.17596684330697743
330,12,0.10562345177934551,0.2067233268182882
330,13,0.5701898786858948,0.5076743744977295
330,14,0.2720313055524515,0.35549401169484307
330,15,0.009877938097587524,0.0538120088520353
330,16,0.03853426580741237,0.1724267155787973
330,17,0.30893555806535655,0.2323715925644505
330,18,0.12262513658066032,0.06643420979795556
330,19,0.41433569915114044,0.41433569915114044
331,0,0.036572585133568314,0.0582880477883676
331,1,0.14927818401965887,0.06295675096983677
331,2,0.6906215385636401,0.6968532318235434
331,3,0.3840282727550939,0.4179687268293959
331,4,0.04104000557628451,0.07402394900410947
331,5,0.011102291560749045,0.24154371089633564
331,6,0.01942638521270279,0.17405481014538182
331,7,0.04468882939244523,0.17660816845973937
331,8,0.07082785823107951,0.027490580887164384
331,9,0.5175025444958665,0.3553108240338281
331,10,0.5050417047349232,0.6117435046954611
331,11,0.1412010653672331,0.27558057876121644
331,12,0.2955115249810705,0.10886991047056149
331,13,0.15698644526804006,0.10365526686245374
331,14,0.2852639829128698,0.08116399198627455
331,15,0.23148913327834553,0.23568189372858228
331,16,0.135427727732786,0.048040930444116725
331,17,0.36432499912311833,0.3347254463741729
331,18,0.40721770409434566,0.4647630378830119
331,19,0.23149199513861607,0.23149199513861607
332,0,0.47921368122389696,0.304460995191711
332,1,0.1818537273365992,0.0031551825740461226
332,2,0.0015563392037121204,0.05547665252815426
332,3,0.1163243158280296,0.020610040896223314
332,4,0.3344557638380108,0.17068889797931064
332,5,0.08013128451719354,0.06941028047857145
332,6,0.019686745662808036,0.022664405102922558
332,7,0.008358005743535735,0.007495109484467299
332,8,0.2827604442640572,0.1711526475967764
332,9,0.1434613414494521,0.17357834624521296
332,10,0.265139925240387,0.24674599111961903
332,11,0.13986108699163857,0.06733330662999926
332,12,0.02873009532844284,0.13697565986815619
332,13,0.3178806605713733,0.33599822016577363
332,14,0.33991203154997063,0.32612766813117045
332,15,0.35108293621833564,0.2669806309851328
332,16,0.3013387618056962,0.31382838758175335
332,17,0.4689848814191482,0.3508843137887414
332,18,0.0754287115152481,0.017022133471379597
332,19,0.12557018457179758,0.12557018457179758
333,0,0.6747356680890353,0.25100192832104495
333,1,0.03689032032553463,0.19048888762701033
333,2,0.05718026701848178,0.03213444012119471
333,3,0.07791042160357797,0.10721125066253467
333,4,0.08179613385977502,0.04374312849247364
333,5,0.30305682664199196,0.22297315552098418
333,6,0.2457570119239625,0.23643012176921685
333,7,0.2425322308282336,0.15710288375992487
333,8,0.3768393036053945,0.5546672349606032
333,9,0.14439167144977638,0.056631464192092196
333,10,0.45379920178104394,0.3555923744381908
333,11,0.0037796392858093775,0.12281230698841572
333,12,0.4819041588378754,0.20440545736505333
333,13,0.14536321875595437,0.08856302408495775
333,14,0.24412854421295682,0.20436886269522292
333,15,0.3042505573169634,0.1986038851354226
333,16,0.27553366297221604,0.2631826430261617
333,17,0.002967105789656088,0.048197971535426376
333,18,0.2440016898719346,0.1696036803701002
333,19,0.045623417559602863,0.045623417559602863
334,0,0.0832070682257875,0.31641679497392783
334,1,0.9541068579293608,0.476360953681926
334,2,2.0240989958363578,0.18195844075996348
334,3,0.731325280457007,0.4402391426851544
334,4,0.27585590162116835,0.07446049433064772
334,5,0.6306429061206194,0.3852948162973133
334,6,0.15450220246703728,0.06687385894448417
334,7,0.3497643528193639,0.1959165199993702
334,8,0.24435727327677892,0.26570154636436616
334,9,0.14266938519608008,0.06141437908526015
334,10,0.45250708974294795,0.36063475333973427
334,11,0.038205528425537594,0.024395020377237397
334,12,0.13299077825312455,0.10717708640921764
334,13,0.27649782880673346,0.07986273810122624
334,14,0.3475239238453103,0.477819526021094
334,15,0.016482217236129415,0.09574031249368353
334,16,0.02964300446815127,0.059472130105890475
334,17,0.14969621835611147,0.11462900582369873
334,18,0.21611739620250559,0.3530285772004511
334,19,0.3067333191983277,0.3067333191983277
335,0,0.46700596687819296,0.01733943232683277
335,1,1.2885191992698273,0.12731502442884146
335,2,0.24148710755318126,0.09533197717550967
335,3,0.2851020565509619,0.13295658281795086
335,4,0.6630590008188686,0.3851887503209568
335,5,1.5091705851686679,0.22139173704861603
335,6,0.5367086833498593,0.06585169937812241
335,7,0.8409077669978458,0.4245499082655515
335,8,0.5753639445346739,0.5254382962606416
335,9,0.5501204266502948,0.5720546009245586
335,10,0.08937984399145771,0.15011956934401205
335,11,0.19204698742861614,0.0477601521155977
335,12,0.03947585305191881,0.00863174700096181
335,13,0.20196455580395734,0.10703490556415796
335,14,0.17435335807510022,0.1091311754583586
335,15,0.2441541096525608,0.16379328158536222
335,16,0.22856122086810338,0.041286415846263136
335,17,0.047662070847354965,0.09905483976574958
335,18,0.3375448955529863,0.10999575381364757
335,19,0.12035928032044163,0.12035928032044163
336,0,0.06938934342790315,0.0805064213759632
336,1,0.13634839558230016,0.04843141476271118
336,2,0.3190564052180802,0.15612631640105956
336,3,0.06365094939694504,0.16833686319046937
336,4,0.14816950522766703,0.008697971754338951
336,5,0.4089926135638349,0.1877081348989904
336,6,0.1051592903649361,0.05919700648083115
336,7,0.25755016697089594,0.18278772898102158
336,8,0.1397284202680149,0.012308280253217951
336,9,0.02344282296724387,0.06342920462892199
336,10,0.17695724092959253,0.108925661148767
336,11,0.026927457907239827,0.13472066774371605
336,12,0.12079867626521335,0.023305641568621027
336,13,0.2754163246343371,0.21063758518626408
336,14,0.1944696391662486,0.05701082537043867
336,15,0.10740114942168688,0.1229150587972132
336,16,0.20510750704130842,0.31215703094122027
336,17,1.5308852961421637,1.491799280004737
336,18,0.8261277392741038,0.7208212430598397
336,19,0.5835875714625534,0.5835875714625534
337,0,0.9725595332983605,0.06062756255886148
337,1,0.030085435365921676,0.027950072527680447
337,2,0.025091169446657346,0.1740989790822698
337,3,0.25044375438864996,0.32830425470928404
337,4,0.07009802739276783,0.09668727276145006
337,5,0.05651891879749549,0.0973209178567056
337,6,0.1594179300048051,0.18076892628875818
337,7,0.6102973754342673,0.5264302427595915
337,8,0.19084865496966108,0.08336978269235695
337,9,0.21140767391630577,0.007223325761930521
337,10,0.21218041883903505,0.16278815091693133
337,11,0.06263658432114783,0.02708906842766412
337,12,0.1107144499909749,0.1639297191866369
337,13,0.17607912385247237,0.16563989169620363
337,14,0.7076997617687697,0.5022156545261458
337,15,0.13580978746153427,0.258308655047748
337,16,0.1280797475873885,0.175342637040786
337,17,0.3393560013838859,0.32148414000782966
337,18,0.11835551716371029,0.1303251964157477
337,19,0.1086716336766198,0.1086716336766198
338,0,0.2332882977834032,0.4398434755521414
338,1,0.3800316755256832,0.4584503836560718
338,2,0.21014484532508249,0.05194922491945819
338,3,0.09538030799993535,0.11047476223661912
338,4,0.11188752019101544,0.08383026225153989
338,5,0.011542313200993082,0.004352975255908831
338,6,0.05017105571536273,0.13500033853165538
338,7,0.1358194324821893,0.012828584739355886
338,8,0.030285415075075317,0.0937914542307019
338,9,0.23989116849843128,0.0876416261148707
338,10,0.3774456075226098,0.29407267281933125
338,11,0.16595747198457733,0.19521897342141692
338,12,0.3559959938973627,0.2887963574208148
338,13,0.5631219035188666,0.33919449202308094
338,14,0.09842567485733511,0.0008549562931556842
338,15,0.08877791222917342,0.2563490312618324
338,16,0.4915977665896367,0.39144991481240243
338,17,0.14114635242064288,0.053913044632633245
338,18,0.1240938091917041,0.08236094565022478
338,19,0.2513752258495199,0.2513752258495199
339,0,0.408164222741247,0.8675427803515827
339,1,0.7831615202548825,0.48384867820194977
339,2,0.4048230494373555,0.3841478544518542
339,3,0.06281345495832813,0.021686408649630007
339,4,0.13763807000464023,0.08378759221539944
339,5,0.28071532358396833,0.22271649741196153
339,6,0.4598842172625668,0.3856609711001866
339,7,0.5020292069409971,0.2544423477317954
339,8,1.0394141983544634,0.16368502164052146
339,9,0.24838059080190522,0.00454469652929923
339,10,0.8853039494282893,0.50071659955732
339,11,0.41665382289699426,0.22735650184129508
339,12,0.30315750174751077,0.06624004705473974
339,13,0.4112501787431495,0.34995675214703015
339,14,0.15742377247102413,0.08749032506571064
339,15,0.013043041498078,0.027120329777687857
339,16,0.07477869075857457,0.039262114025085726
339,17,0.35904884355595756,0.20142162679697773
339,18,0.16690519418511363,0.1287285272681422
339,19,0.028390969990133463,0.028390969990133463
340,0,0.4299285088021896,0.34842091436942546
340,1,0.11285918181646615,0.17662739402852834
340,2,0.24572213119312103,0.21742208605739632
340,3,0.05419412194403428,0.04167611349756628
340,4,0.14525694233684927,0.29108905689434295
340,5,0.08572482773656365,0.006945320281799283
340,6,0.5482805253166116,0.5676342274682948
340,7,0.09372028861936466,0.04813533381988133
340,8,0.01992316362125468,0.07316788401487395
340,9,0.18841434706138216,0.19717499992926246
340,10,0.31196620034539935,0.2971377693183017
340,11,0.06915412845245417,0.05487587075199629
340,12,0.23153077317697512,0.07021254112778053
340,13,0.028375054606101457,0.13268585663033505
340,14,0.1075302242760241,0.08626934908975858
340,15,0.36800834958039097,0.20030507733377156
340,16,0.16269400324680472,0.07344355606986497
340,17,0.022585534492060688,0.055143327126875974
340,18,0.05417306714273895,0.012264124591702341
340,19,0.03186226004474335,0.03186226004474335
341,0,0.1176359240878102,0.0115696157011973
341,1,0.588291680121805,0.37657125046398754
341,2,0.20864799264473355,0.004767897208013849
341,3,0.06558397727125431,0.02229132449629212
341,4,0.04137778768919853,0.027518855336624792
341,5,0.16332687732880746,0.01585354682965967
341,6,0.02621567343277942,0.17639325211218626
341,7,0.42140882284710024,0.49270315607620274
341,8,0.27217893739978694,0.19324359723883644
341,9,0.3551456573616041,0.20447702569552373
341,10,0.12734547467619972,0.02933287840866905
341,11,0.3086624205652244,0.13495562631921842
341,12,0.4096735346793299,0.20623113950748317
341,13,0.2982508789550269,0.2198227387048468
341,14,0.15120747935790702,0.04027388344426752
341,15,0.40539913776449854,0.5318521269226442
341,16,0.35108931202125326,0.27498689138512944
341,17,0.24924954429489343,0.1438012188686666
341,18,0.12294345075947222,0.3301375909434219
341,19,0.3699303908358269,0.3699303908358269
342,0,0.009510676617360048,0.24766663847083548
342,1,0.25526554821456093,0.3136079386385986
342,2,0.08489337421180654,0.14960686076254337
342,3,0.12248826576114968,0.09965944871169619
342,4,0.04441076281378864,0.14197445377028206
342,5,0.059041312308922844,0.13855999453037882
342,6,0.2427259833603328,0.07218085909732785
342,7,0.3095376587681731,0.30127100933277706
342,8,0.2287033630311175,0.07624314390566767
342,9,0.18657729449994687,0.05747215308320186
342,10,0.10303084839698684,0.09350136949142307
342,11,0.3061622397177626,0.28367910736143553
342,12,0.6858928589069127,0.3484901847898527
342,13,0.5641427693632628,0.45687134730579926
342,14,0.43825140631212056,0.36170594168994086
342,15,0.35653845487621805,0.27438951662987865
342,16,0.34830428666803925,0.2245223264462579
342,17,0.15070132816837134,0.10727204625089737
342,18,0.12196264781742272,0.16220791713338123
342,19,0.1287329334573286,0.1287329334573286
343,0,0.09875549340685463,0.15669087647684687
343,1,0.3250259381498717,0.15235516289188666
343,2,0.09901961382520863,0.14219741700232635
343,3,0.3015791086412678,0.23181652391275742
343,4,0.17971581380006008,0.14994745543961496
343,5,0.09922922107442655,0.029196402576543434
343,6,0.25918847000596124,0.12389325742325852
343,7,0.31416417291566745,0.3587531638484558
343,8,0.18697991930501168,0.1718418231298262
343,9,0.3080904679241421,0.267769692656012
343,10,0.04222396731119549,0.0665503408442607
343,11,0.09266573177436221,0.07909658663701347
343,12,0.2178482578188401,0.2856105097854398
343,13,0.0868990802357521,0.09219010837877217
343,14,0.25007505859361334,0.27086477870642867
343,15,0.41117166560886265,0.3740219414620025
343,16,0.1404091123400093,0.1040057496447524
343,17,0.2076228373229485,0.023679444344649525
343,18,0.0736715405017021,0.16125184588507135
343,19,0.22350289215165908,0.22350289215165908
344,0,1.3890444074969892,0.10906049394352868
344,1,0.44116281910993527,0.2295131484991968
344,2,0.34620331664250514,0.014375930476433929
344,3,0.12987855967401485,0.14348239550790032
344,4,0.29521898482186204,0.13880355870875682
344,5,0.0680950361296615,0.15482144755060823
344,6,0.17299878050177409,0.14322642269508723
344,7,0.2809380644854027,0.27978630173815366
344,8,0.05124402952804097,0.14025310650206357
344,9,0.1250614254673308,0.24691598634184597
344,10,0.10732946032273194,0.09093096740190676
344,11,0.16236690654164843,0.13662201278062414
344,12,0.051647168012833866,0.07092535494310237
344,13,0.24754578512772651,0.22688381562806192
344,14,0.1966406152399256,0.22984747930859895
344,15,0.05888693370613307,0.035772194228320675
344,16,0.14856182865501433,0.11068230087180408
344,17,0.17605237448756084,0.27546243694886297
344,18,0.008917403222560072,0.0028384588228513863
344,19,0.364350231086342,0.364350231086342
345,0,0.14004908703770447,0.1866627565990191
345,1,0.08234647839487153,0.05798489760880576
345,2,0.5675194616759827,0.3292643315652839
345,3,0.23439376100119613,0.1580817127257923
345,4,0.05168435655357673,0.17605739572754864
345,5,0.09463987461228873,0.036506316407143746
345,6,0.24428945333775598,0.17952019624501991
345,7,0.16585880864426272,0.03480051608734147
345,8,0.1049015419271,0.07958053652771602
345,9,0.10052429529284979,0.0152972124556916
345,10,0.16268308395903341,0.017115563876467288
345,11,0.08504203830977497,0.08226864674226375
345,12,0.10252682097659616,0.04587894378339996
345,13,0.2462745223838807,0.19164724899438834
345,14,0.3510819499561637,0.2780373149734392
345,15,0.011175734520213254,0.12207306257057571
345,16,0.03267558886926114,0.014350012177827054
345,17,0.17399801286355965,0.21355803819310815
345,18,0.2633395266976226,0.21677333391766984
345,19,0.1818405365874769,0.1818405365874769
346,0,0.47880216792502495,0.5049467879017389
346,1,0.32245303127781355,0.3778788962430548
346,2,0.48791165373178025,0.47283417724739163
346,3,0.20667854728596957,0.09771104730256486
346,4,0.32181324516463583,0.42497088111330683
346,5,0.11086918051062522,0.06789904180496187
346,6,0.0006156017264640212,0.012914010998942516
346,7,0.11481033128492513,0.11438251710886682
346,8,0.09448537747830965,0.029873579246568305
346,9,0.33367317945402597,0.12312269556179434
346,10,0.13344087285448047,0.24815326768803736
346,11,0.10473978808475515,0.026321490327566366
346,12,0.14863626921331274,0.052546510700098636
346,13,0.1618538002326968,0.08825630306414389
346,14,0.038021516578854,0.23646145071788816
346,15,0.1379246548807389,0.1926320224938296
346,16,0.040414612001038464,0.09131997129361835
346,17,0.40488311341810235,0.3096216971675627
346,18,0.6308787068113397,0.47890506025256085
346,19,0.04958219402340713,0.04958219402340713
347,0,0.329412155335425,0.7574176820846379
347,1,0.11894301736058832,0.15929011407861626
347,2,0.09596692517468597,0.05375924760336659
347,3,0.11157863830710113,0.11860915796106042
347,4,0.5119751527138163,0.462135772193923
347,5,0.3310280622325612,0.09274806493015575
347,6,0.17942672141779648,0.26496729066901636
347,7,0.24333025121647545,0.08962893540854777
347,8,0.045338298475437355,0.09274990518469384
347,9,0.3035021904465749,0.07155303178999706
347,10,0.08255874031900667,0.13501799553846627
347,11,0.09887307887877217,0.09461843042163665
347,12,0.10672002324255647,0.1331997720230076
347,13,0.7621925071387015,0.3102421640761701
347,14,0.09128579831424943,0.06763098544297463
347,15,0.25853122574754117,0.11749447304394689
347,16,0.15115937320604278,0.30962394251813397
347,17,0.18267223298160484,0.3229591234991762
347,18,0.2923560959741822,0.2846660001641199
347,19,0.15409262593262785,0.15409262593262785
348,0,0.38304911022262544,0.20236457037617495
348,1,0.017268343451120494,0.17159934426271573
348,2,0.015074734374368681,0.11479399962211367
348,3,0.12834052532917983,0.0008158126613819761
348,4,0.12521485156818724,0.22391062163134823
348,5,0.43042383209701107,0.23517436697682115
348,6,0.2939463421413473,0.33979665114204227
348,7,0.1163472490612234,0.23685643930128997
348,8,0.08076513129593454,0.14619899429362437
348,9,0.16387897219077452,0.33430321684516695
348,10,0.10054902229336449,0.14401063678733994
348,11,0.30502170758938885,0.2926200793344442
348,12,0.04281310522720627,0.010076767340874149
348,13,0.18183041629415708,0.04115264602352209
348,14,0.19877679557798444,0.03496443692076312
348,15,0.4003320496585223,0.33632715300301896
348,16,0.30942796859807586,0.2716388918446855
348,17,0.34144142187924853,0.3381304829552203
348,18,0.12226379405980481,0.1435241133485352
348,19,0.13879108806244922,0.13879108806244922
349,0,0.11862929014086987,0.33468544251400534
349,1,0.03025337542590556,0.13007742855331372
349,2,0.011522798857586558,0.09043048241950835
349,3,0.05521723912753895,0.04780834584236082
349,4,0.31521699421490634,0.26598330630957534
349,5,0.345454537480109,0.27049131422234796
349,6,0.2260228641923976,0.1001940130062473
349,7,0.3092743965723863,0.11547892079060906
349,8,0.4959706331720932,0.45725264605014004
349,9,0.05407183532344728,0.1322581457036014
349,10,0.1636009718308955,0.25847454969174066
349,11,0.459315498711935,0.4576668475858767
349,12,0.8526658451022255,0.7533370189784305
349,13,0.30212547299022674,0.2745401803920453
349,14,0.017850256812380838,0.5255940643457904
349,15,0.0007831359251193604,0.2817584513843068
349,16,0.4133858949267042,0.24095482113982936
349,17,0.12466584809356629,0.04055642235774126
349,18,0.19400138097329833,0.25377761454137016
349,19,0.28412876895716455,0.28412876895716455
350,0,0.028580522018152088,0.2154698093621672
350,1,0.08409633127165428,0.001373825122002792
350,2,0.09872799354218298,0.09666368070779718
350,3,0.515577541791945,0.43797997211553863
350,4,0.2592187228445102,0.2619713974255191
350,5,0.10120542204646554,0.017867450187544875
350,6,0.12197705105435475,0.13176298632353145
350,7,0.14490191607253777,0.07147759054478264
350,8,0.20829714989428894,0.2920306494275726
350,9,0.15511211607699238,0.049560890146889136
350,10,0.22162672430702557,0.07906171096615733
350,11,0.04304323648809749,0.1484617235660961
350,12,0.42061059249816335,0.1253781412095698
350,13,0.5804357898755743,0.14596923345257196
350,14,0.24120732098680708,0.0436739361917895
350,15,0.2176485342427572,0.28131553057665837
350,16,0.37280565907297447,0.34727952130844564
350,17,0.34810650477364113,0.3330243006657585
350,18,0.18622612381204995,0.1423863403912624
350,19,0.02117555238096891,0.02117555238096891
351,0,1.1858605417180117,0.03854364597681048
351,1,1.8125101500692118,0.035397845394316896
351,2,1.7230254164292527,0.507602727456586
351,3,0.40611028343242417,0.41643503176057983
351,4,0.37979534394532877,0.21533398010243587
351,5,0.28222521178850624,0.25939049594839503
351,6,0.14331935163866305,0.21180240296886765
351,7,0.11987183453261618,0.0536829758649251
351,8,0.16814009251877238,0.0029785598725862172
351,9,0.4429433689377351,0.46413336346934475
351,10,0.06085075186701072,0.1924530995093061
351,11,0.16689632236698682,0.16310590727948782
351,12,0.2157213447955133,0.32264563813142555
351,13,0.24263447405215022,0.2667154321791285
351,14,0.07429829979240665,0.1642143266887075
351,15,0.014082699861546644,0.09304425621282597
351,16,0.04722698811044612,0.033716121786318
351,17,0.03561196421851154,0.05311152303159794
351,18,0.01903891369769717,0.10538316096136491
351,19,0.16557406830240495,0.16557406830240495
352,0,2.608510202914216,0.409575734711098
352,1,0.2587503918236904,0.4143371146524446
352,2,0.19479730572119847,0.17253558179929795
352,3,0.1908855531436271,0.024914024310032534
352,4,0.09840758597430588,0.19419131768312736
352,5,0.16703334413677773,0.09727182719047534
352,6,0.04662661926420686,0.015141058372314387
352,7,0.051962932662728,0.20253102178469584
352,8,0.5057795222132588,0.2584590926282093
352,9,0.0942509906946265,0.13147742154080255
352,10,0.1570259974011181,0.16344974832892056
352,11,0.17160040384619712,0.01943917579162502
352,12,0.07082758396767286,0.00016263357410473134
352,13,0.4045784590275119,0.13362924047333458
352,14,0.07107233525009793,0.020835108150568438
352,15,0.026925961544173482,0.02950369091669991
352,16,0.2572517418527669,0.15166132857545023
352,17,0.030731747389710407,0.03951665085245448
352,18,0.4247026818230957,0.4008460547207937
352,19,0.13233724634581367,0.13233724634581367
353,0,0.41537783535966755,0.27035823064843134
353,1,0.001327422055009908,0.1851826365902145
353,2,0.21552788017620372,0.1942917070142487
353,3,0.09738781316013512,0.16453264234723974
353,4,0.2702644522468347,0.14526718331443877
353,5,0.1974430361670061,0.010179307505719937
353,6,0.2075754270575989,0.07958658525259121
353,7,0.059684566748408496,0.2077135338781364
353,8,0.227176815084003,0.11170544633909474
353,9,0.047438436750576685,0.07461583296155938
353,10,0.4432527634030299,0.5238431479528485
353,11,0.24266317133721538,0.2996872051145214
353,12,0.0653470234076079,0.18611084006278755
353,13,1.874196527344961,1.0853019897981566
353,14,0.9418141474426389,0.03338893615466043
353,15,0.022346340428802236,0.07010479444093853
353,16,0.16299391228526305,0.19964192020157379
353,17,0.19086985828711267,0.28506007213033246
353,18,0.05583097496390632,0.1644971875606549
353,19,0.38682492975645033,0.38682492975645033
354,0,0.23596473572142962,0.40413699158218463
354,1,0.2926380453110289,0.4004012333892053
354,2,0.3520318462946648,0.13523223000455875
354,3,0.19261177236237081,0.17373104814989615
354,4,0.08035548530464043,0.00886684596685594
354,5,0.14092752455703117,0.18736845835720306
354,6,0.13127315466562894,0.007377532822935962
354,7,0.1701992204684757,0.026864778583627125
354,8,0.4198508007786148,0.36156335109481397
354,9,0.3928615551342203,0.2818608493172454
354,10,0.01243256884632249,0.0658041645717935
354,11,0.2166698344909146,0.1939576802090719
354,12,0.13390322120666243,0.006526300759567949
354,13,0.24873660092307892,0.07753740453655755
354,14,0.30564092859123226,0.26239699688132045
354,15,0.07375236133904073,0.04326760924685047
354,16,0.3835419643114153,0.24237847080333097
354,17,0.5322410824599424,0.551096347453738
354,18,0.10986503969698047,0.18260891394190892
354,19,0.10404783261519368,0.10404783261519368
355,0,0.21035389482831857,0.17334739950388078
355,1,1.2567766199225217,0.03167446410617636
355,2,0.1925158150073054,0.08275433197893634
355,3,0.3433299240288461,0.3204644712740805
355,4,0.10222013598191548,0.06955315461618206
355,5,0.29480830868599384,0.22656314466769878
355,6,0.22863535977729654,0.1672528958792503
355,7,0.035971241051372616,0.21922863261248793
355,8,0.04739205339227137,0.09253474100623027
355,9,0.3764269823773887,0.263061389710435
355,10,0.40033714942152354,0.05170531262992739
355,11,1.430328641984838,0.06967301591611674
355,12,2.0557235727349905,0.0844015748353586
355,13,1.8069865373517189,0.09148968149067827
355,14,1.4887822449533186,0.2545705536945433
355,15,0.1681342190512347,0.14345620109015034
355,16,0.2703975654637665,0.26262571018739944
355,17,0.22981855482259572,0.08055524607443765
355,18,0.22018538837652812,0.1653471343499615
355,19,0.3366932092457624,0.3366932092457624
356,0,1.473870313135441,0.4111993140025465
356,1,0.38529111938490157,0.2883240279162145
356,2,0.500514521131393,0.4467359341689887
356,3,0.2410924111855408,0.3546170008466696
356,4,0.09920427571641444,0.03829898471932225
356,5,0.18086008278873322,0.11136592939208079
356,6,0.10395001861888709,0.03092070800695801
356,7,0.2099958022813837,0.29393482673980564
356,8,0.15420479191015524,0.22533478268194695
356,9,0.09474208122499395,0.2509011826047205
356,10,0.05730808799321352,0.1636464003370146
356,11,0.002785901874665875,0.05067328804617821
356,12,0.1885561553970927,0.15841113390443873
356,13,0.24676780947200072,0.258855696951382
356,14,0.1542498219170878,0.10466072472826049
356,15,0.01701416606677908,0.042083815940924474
356,16,0.46749779178437967,0.3099838377168318
356,17,0.07207916917795032,0.09788906808671438
356,18,0.3859637658719661,0.4670303419828352
356,19,0.30405725989669996,0.30405725989669996
357,0,0.47387637632394153,0.07636828063654644
357,1,0.006832453799127336,0.11369514824770288
357,2,0.05857992708596527,0.07292980573272523
357,3,0.22952621120213124,0.1298345420207765
357,4,0.11293654778680562,0.056494220148902485
357,5,0.02704884867204882,0.01687028280607361
357,6,0.08081042529614368,0.24803503885818934
357,7,0.12473200072554835,0.18162683032973437
357,8,0.1874307305802656,0.3502159456352114
357,9,0.08336087543446258,0.10635786324511454
357,10,0.17527095614864496,0.03722494844150859
357,11,0.19581986083585967,0.08046281853683368
357,12,0.0842637007097764,0.05540048432660427
357,13,0.19413194423800118,0.06877274535716094
357,14,0.20234671838304052,0.1273817833725106
357,15,0.13767080359459083,0.147744262573279
357,16,0.20017670604898985,0.10431341843413833
357,17,0.10743761945431274,0.0739984689837474
357,18,0.07866279865342563,0.07993513061984281
357,19,0.1610191008758628,0.1610191008758628
358,0,0.8979888970038132,0.17523642292553854
358,1,0.45038729838811387,0.008387468063189907
358,2,0.2350897594643344,0.24667602854114445
358,3,0.008736661927638778,0.09850047632196546
358,4,0.06941559004444375,0.19878541303585795
358,5,0.03277071349407379,0.10012348135964277
358,6,0.41322532731349515,0.4332482122046928
358,7,0.07291247807835521,0.04216397660025972
358,8,0.12442984659454304,0.3162239349400764
358,9,0.20808533890844183,0.11450994687857641
358,10,0.15183172665535327,0.030398344017788403
358,11,0.17108802111918964,0.1896179426826885
358,12,0.09095121720926791,0.10147278532215509
358,13,0.26952513576193393,0.2556246330037637
358,14,0.20755266083875235,0.010941841629333204
358,15,0.470044246392864,0.12892280700984315
358,16,0.14507813800975455,0.06430999515346558
358,17,0.05971406720455796,0.18561769563819297
358,18,0.2821365906054174,0.19526240544798767
358,19,0.36394944066879065,0.36394944066879065
359,0,0.33613068309438976,0.16149171491233272
359,1,0.2057210341011695,0.17937296057325902
359,2,0.3137012113202795,0.20013451014045547
359,3,0.29616881824190155,0.3068745080921387
359,4,0.31728809666272095,0.30998903889101737
359,5,0.13655367345845537,0.11409832660380514
359,6,0.28325761679110073,0.24006813832231266
359,7,0.0557687895576402,0.07711647652352749
359,8,0.291670242258701,0.3639708099336172
359,9,0.07977255676434325,0.031098630902800295
359,10,0.3246744602200291,0.18230712236684088
359,11,0.1569592411940457,0.08439439078285726
359,12,0.21959295698275483,0.25850778110778094
359,13,0.2478196863610176,0.20925023858873626
359,14,0.012569908237098026,0.06179712145078309
359,15,0.26336898512216145,0.2204486496486595
359,16,1.8391900343625398,1.243737890084418
359,17,0.0620604818445436,1.5060836791634529
359,18,0.35799032960321675,1.1241565289559414
359,19,1.4409228381897545,1.4409228381897545
360,0,0.011224328981652043,0.17352423296112995
360,1,0.13101979076695702,0.024268544483592613
360,2,0.028377346442281848,0.042796680845256674
360,3,0.019747470590631977,0.08423218801913812
360,4,0.06608927347992655,0.16111475498466188
360,5,0.12569097091782222,0.011057502950443165
360,6,0.24480792492353842,0.2874660486588416
360,7,0.4987710441546094,0.3222328710689517
360,8,0.05729727562640008,0.170508024492813
360,9,0.20086378375679548,0.12985626409079565
360,10,0.07535754454657617,0.16066979514465407
360,11,0.08567275580819489,0.03541668263648079
360,12,0.1447239349651035,0.05365405794411693
360,13,0.18322155663277417,0.00827563666353548
360,14,0.44138493952000424,0.15510649081216243
360,15,0.19194078708402262,0.24076038190060167
360,16,0.012080539355180164,0.09409480625918132
360,17,0.37334067958693984,0.2579752837559015
360,18,0.6696495793148847,0.4952370904110692
360,19,0.16452865474003797,0.16452865474003797
361,0,2.8604639361031516,0.39181098280646154
361,1,2.050040436514678,0.12624129067978584
361,2,2.182085435236988,0.09498116038511695
361,3,1.431993010822205,0.009426502097813927
361,4,0.29212607559253545,0.029015759683904907
361,5,0.3612185798887113,0.26074987550578266
361,6,0.2825471365949883,0.20886192972385764
361,7,0.09664822103699411,0.0269167256035856
361,8,0.32829256338095814,0.41339312155113195
361,9,0.08361159649396432,0.1198572845555903
361,10,0.018536924912544883,0.029400053438585427
361,11,0.314865088539968,0.23318820954422703
361,12,0.34287731101296304,0.3350317911847558
361,13,0.1489798358843175,0.21857685154032858
361,14,0.06099437492315918,0.02632859101322671
361,15,0.24046689581427128,0.2887395883372901
361,16,0.14429450856190895,0.2704609632079982
361,17,0.2063662026609272,0.17283869450081157
361,18,0.05316417624777614,0.009449705490803595
361,19,0.04747495420517822,0.04747495420517822
362,0,0.22119402037466074,0.30729220582238703
362,1,0.23854362845747712,0.24023422215182855
362,2,0.3865256853393646,0.32822843780271693
362,3,0.2167955892508049,0.08877900598869104
362,4,0.0788562183024526,0.08358129091580135
362,5,0.13820392159016937,0.19713165634119
362,6,0.3169628361288126,0.39459735154232956
362,7,0.07725888200584308,0.08543979690275982
362,8,0.022668801129932525,0.08519393233523775
362,9,0.045164084583699804,0.06356137931258399
362,10,0.13983216702415024,0.061267362338838005
362,11,0.09582881271912136,0.00643231680474976
362,12,0.16163191432325075,0.08145178605986914
362,13,0.10804333168106872,0.048409785899894864
362,14,0.4348316476560887,0.2755340817701679
362,15,0.031032714990922194,0.0672036125728459
362,16,0.062078954388881336,0.0675183854546777
362,17,0.09564162629461403,0.09776023493782215
362,18,0.05868117071679446,0.18871869110679107
362,19,0.14677549479021224,0.14677549479021224
363,0,0.0767718512441724,0.24292413001370772
363,1,0.001754726579394017,0.3051273137360022
363,2,0.4459696219313174,0.06221644935829751
363,3,0.4122056221364079,0.43576734694038377
363,4,0.24283580796798088,0.09303119125376513
363,5,0.09653608086137222,0.09600438014549706
363,6,0.24447033567646814,0.07210976556017723
363,7,0.40069700180101986,0.4245869191197347
363,8,0.26120937613133854,0.08015461750223807
363,9,0.19626367024499514,0.26979077646580674
363,10,0.0973382553656319,0.1779381115865477
363,11,0.1304281294133025,0.30105795301852734
363,12,0.20400003740996953,0.41276280573375557
363,13,0.0998326510448857,0.06799468039907497
363,14,0.030732271951058543,0.0009722903711710806
363,15,0.026105899352980355,0.13131441848524306
363,16,0.03608877178551628,0.1505902990405512
363,17,0.46902974090851446,0.21001975092110658
363,18,1.164388199735054,0.06783936076794994
363,19,0.029142102774334155,0.029142102774334155
364,0,0.1742852810986495,0.011370879444791093
364,1,0.1194226130616336,0.1354973554453638
364,2,0.3229639845213761,0.20182469866626196
364,3,0.4211311082468523,0.26325744553881414
364,4,0.4871607303115404,0.4142242856495697
364,5,0.18846349043462807,0.1549338335811017
364,6,0.032286587872202066,0.03361749312321649
364,7,0.10644361013607107,0.15320011959637458
364,8,0.2696405126627184,0.10026387006036108
364,9,0.25703974169332255,0.4706616903280829
364,10,0.353434790482682,0.48693098395072276
364,11,0.14792761927894293,0.15413017779007587
364,12,0.006268400266434604,0.13314692602330735
364,13,0.3750407508707756,0.19865405103539846
364,14,0.12831077712909122,0.287322969801612
364,15,0.014918057479949454,0.20135668368342152
364,16,0.4438978075215476,0.46474604799953845
364,17,0.2914701016326138,0.43408131348026435
364,18,0.2367890171954854,0.11297072459221358
364,19,0.3611550278674134,0.3611550278674134
365,0,0.6673391715535537,0.5315915685612356
365,1,0.019628420507123323,0.2560110659740973
365,2,0.27042743113393186,0.15148995577708568
365,3,0.09104236932309817,0.1317246690795164
365,4,0.2834690943701288,0.21697874396101824
365,5,0.4976258217119236,0.20219468115586103
365,6,0.22795329028422628,0.13925482513837473
365,7,1.581389661978852,0.749867900538753
365,8,0.32391712842744713,0.0019223253235027826
365,9,0.13113641282882504,0.17561017309757254
365,10,0.02860035589100729,0.07654801233536812
365,11,0.008721365617692989,0.012775342689099745
365,12,0.028781481759716954,0.1977916658565988
365,13,1.163103955470004,0.01733648598710058
365,14,1.3755105147945672,0.3860251515968809
365,15,0.1771887460480599,0.2400934915824271
365,16,0.5010496419413251,0.4515459150781913
365,17,0.11054604676984425,0.02411556031851969
365,18,0.1965707622788253,0.13125816205293273
365,19,0.05027851103047176,0.05027851103047176
366,0,0.4773659909365917,0.05824908810560103
366,1,0.32455966803919045,0.20117955162880374
366,2,0.3266756759195779,0.15441083052839177
366,3,0.4968798105205261,0.22439457138745844
366,4,0.5232676853934937,0.5797803872846341
366,5,0.026393885575214604,0.16397830248859968
366,6,0.2695608484145069,0.06533524168430382
366,7,0.09812074784302283,0.11569831736059477
366,8,0.10586614670935646,0.2708833831616513
366,9,0.5127842653258519,0.15806872510850045
366,10,0.1212185781490076,0.007453498646787793
366,11,0.29322045542091235,0.2007641459646372
366,12,0.25914903194648886,0.1540871117975593
366,13,0.20850000527611456,0.15473779509288654
366,14,0.33851539278565745,0.36673793285333556
366,15,0.038634927290157606,0.15350858455829464
366,16,0.14548977741216085,0.2624881303381432
366,17,0.1715589242086759,0.050682400264426164
366,18,0.17188654313127216,0.131866624605272
366,19,0.007235263204091957,0.007235263204091957
367,0,0.3186814338967956,0.029842025944126327
367,1,0.3331580218526673,0.34677803125517137
367,2,1.745741878841975,0.28396004003700304
367,3,2.6724167123811395,0.13585945930056997
367,4,2.456802875104045,0.07213654015493809
367,5,1.9645915732219446,0.06018440314536022
367,6,1.4096753843098435,0.06755045992563247
367,7,0.39943413371502423,0.13764805154450066
367,8,0.27643151196655413,0.2307740709687156
367,9,0.0325754050350362,0.11565102205815325
367,10,0.05696176934951591,0.0017193951497764814
367,11,0.1251017384917965,0.15747737885087787
367,12,0.017557634826578017,0.16467896929731474
367,13,0.09306831725079423,0.07144963047060315
367,14,0.2255602145778921,0.23468270710090167
367,15,0.2056073119843429,0.196360493643021
367,16,0.04277703020886303,0.10264908063786571
367,17,0.004709878543413204,0.009234066784137518
367,18,0.10474014339869875,0.08677212580130345
367,19,0.1401970664568184,0.1401970664568184
368,0,0.24152758011662012,0.02460541281012496
368,1,0.3366201439354648,0.2773903052760449
368,2,0.2343702830026846,0.12459608509371645
368,3,0.2512055156742363,0.31647680587256843
368,4,0.12731429110034043,0.09677137524322621
368,5,0.1460541588209736,0.1035768063086806
368,6,0.13119905362067685,0.21969481780120503
368,7,0.1974941470185705,0.22399271849774927
368,8,0.026899924436070144,0.12023765641472561
368,9,0.2560206401908296,0.18408343238634473
368,10,0.345088509165711,0.26380637223243397
368,11,0.07057129090010328,0.038444903351122495
368,12,0.03975228023234534,0.053122657137572915
368,13,0.2804639596388583,0.11728856368280915
368,14,0.31753799543774175,0.25243308030060874
368,15,0.3033569318217184,0.1254112901489961
368,16,0.07045580395905837,0.04477167642846336
368,17,0.06498507711936163,0.029226452318268592
368,18,0.20755331696083523,0.19274756934078496
368,19,0.2061897446845995,0.2061897446845995
369,0,0.18686039195885185,0.050654419597188305
369,1,0.12745431658996997,0.23293678649756
369,2,0.0860378088292375,0.09850189991294522
369,3,0.22780874749805413,0.22154028324769737
369,4,0.015098345942289093,0.09763165563400023
369,5,0.006759776561142683,0.18976642939649757
369,6,0.056920865681905575,0.02889286136293645
369,7,0.0026491430575181774,0.022959130868176025
369,8,0.11072311648448263,0.27021436686150535
369,9,0.034416067391719096,0.09781272678355357
369,10,0.12041766540132848,0.008151053004415765
369,11,0.06597368751279387,0.1277372234355587
369,12,0.34665359170460386,0.27426726102102705
369,13,0.4444962168812472,0.3361061238563643
369,14,0.903460259522662,0.3160390342895365
369,15,0.03905952882738983,0.10200926653533182
369,16,0.15382319230579578,0.20503971875713756
369,17,0.025971704301353427,0.10843441112768692
369,18,0.1138620523083187,0.054968371653877135
369,19,0.011417356969761983,0.011417356969761983
370,0,0.22732063076703835,0.17392088461852317
370,1,0.16428217359330777,0.18055180265532655
370,2,0.12286936197688192,0.0008318045939166296
370,3,0.02226235441078117,0.02340119610434588
370,4,0.03368849935456897,0.0011280666737540912
370,5,0.3680640987850081,0.37573399293942344
370,6,0.49458371917627986,0.32766901331806864
370,7,0.2721068096520325,0.14048951059780368
370,8,0.5162418536060098,0.26000832639424143
370,9,0.8862592877255615,0.408645043550798
370,10,0.2201856682066241,0.11145415317748864
370,11,0.5201492438953808,0.38569166248638886
370,12,0.2911069887380098,0.29055780279008436
370,13,0.2535761130666008,0.3744622184694144
370,14,0.19217782697782582,0.13929647454712102
370,15,0.03256415771222798,0.02032120430889872
370,16,0.33591483858498306,0.21123526003579451
370,17,0.10330490763772016,0.14565810794067158
370,18,0.15226121230104894,0.13052100974136804
370,19,0.16275122655144436,0.16275122655144392
371,0,1.1120563676639041,0.12664069182240878
371,1,0.2780485586515069,0.2864925415081716
371,2,0.05507161616407519,0.17479653918273375
371,3,0.13525494855901155,0.11393297760290988
371,4,0.13163980097321115,0.13166464779243903
371,5,0.5815229876020371,0.4050866441181764
371,6,0.5735202319146104,0.4516789534406751
371,7,0.011364813440192911,0.06115570755770694
371,8,0.011742389047864066,0.001959634090475504
371,9,0.056469801752348836,0.1677160858520539
371,10,0.06025539374058031,0.09136030338633905
371,11,0.5914398617030674,0.49489740523216863
371,12,0.0618390906317039,0.0118275411942248
371,13,0.2590703628406361,0.13856224625467917
371,14,0.2281102516368243,0.05181447254987237
371,15,0.2525174741619711,0.4250595332414875
371,16,0.22471948048160328,0.11432690774156695
371,17,0.2160894116384151,0.15173763159772413
371,18,0.18793307833744954,0.049271617077297325
371,19,0.23067770305463897,0.23067770305463897
372,0,1.5890326829857424,0.2502809301449789
372,1,0.9077118187223236,0.1725106349872525
372,2,0.3606886827029303,0.46623411819765526
372,3,0.4185527024725051,0.1091351671503471
372,4,1.8501465058844992,0.004664246251119941
372,5,1.9119704352893638,0.358707341272261
372,6,0.010514115094736098,0.12133382834198514
372,7,0.09795663205675664,0.046822735979678676
372,8,0.04800495835405627,0.1019203935264148
372,9,0.12155702948147606,0.06745236297857193
372,10,0.034028053034247385,0.029401350659361558
372,11,0.02994366969214024,0.18982640911583015
372,12,0.16983795310908567,0.20620853834958375
372,13,0.4600052147995193,0.21839912747772594
372,14,0.4232201540029128,0.28667074471744325
372,15,0.21664996947158333,0.23254216089620794
372,16,0.3333536432816864,0.2759355571600244
372,17,0.7268361592959272,0.5829542100396754
372,18,0.09274244715626878,0.02349603756766605
372,19,0.21081824096160773,0.21081824096160773
373,0,0.2884169768984557,0.27250886246578787
373,1,0.0967139883460657,0.1478026488137445
373,2,0.10752884876393054,0.049869462485476745
373,3,0.04124304949893798,0.06746606635683072
373,4,0.4087492408275395,0.23841882525613833
373,5,0.09042357050519279,0.20459382815226945
373,6,0.1345398343032027,0.18338281456931416
373,7,0.09205238455318732,0.1461184810719054
373,8,0.029550634853968027,0.09816214863714556
373,9,0.34867089922775296,0.2027113546030428
373,10,0.3465119026765837,0.26567918354541753
373,11,0.19435665731016982,0.18292018865551674
373,12,0.2878808939729409,0.20529913011294232
373,13,0.03429562142272058,0.06279495525762213
373,14,0.15712580333341908,0.19600952913280345
373,15,0.10801461537084478,0.0058376845318646176
373,16,0.11581337791329549,0.11825447463977357
373,17,0.336423627968526,0.20559181644551172
373,18,0.5654033939582757,0.5204464776515869
373,19,0.284149119467878,0.284149119467878
374,0,1.9224726081261705,0.0014355600259676748
374,1,0.1876652679024562,0.09106369242266998
374,2,0.18747029680301397,0.22624455248474407
374,3,0.05399284406326954,0.0722126628230284
374,4,0.18258051557984567,0.10709728967338927
374,5,0.49695721387206904,0.4456183442693127
374,6,0.05959225648499933,0.029725906064376417
374,7,0.1927079388960129,0.26148844041002484
374,8,0.2793975753327853,0.07507055160357501
374,9,0.22365794948585327,0.15598872029004474
374,10,0.06567719232406244,0.017091838243199042
374,11,0.11883175405145385,0.1447014796488335
374,12,0.026582913914375172,0.13097012375584427
374,13,0.17380537347190428,0.12359408148727224
374,14,0.5580295841383305,0.5636726781838357
374,15,0.010430904505211558,0.1438713068263282
374,16,0.16182998066522325,0.01208790436560303
374,17,0.1502186731049746,0.0738808820991328
374,18,0.012268131043625008,0.09426491895160671
374,19,0.17279421599539768,0.17279421599539768
375,0,0.05278423790356923,0.3263317646632009
375,1,0.0002980744621829956,0.1746332641499686
375,2,0.11314665236349919,0.007284118886594193
375,3,0.15391918742509558,0.10346059815388386
375,4,0.1717587990581806,0.1523467482881733
375,5,0.32182301014158554,0.2402431361273103
375,6,0.225358204612784,0.18898821954254785
375,7,0.2808192861141299,0.2160749781638187
375,8,0.15888192026124415,0.024093027398235378
375,9,0.19535652157213157,0.099510271381126
375,10,0.21958058346192555,0.0026142070317982657
375,11,0.5891689876341024,0.27480143428447423
375,12,0.27218828107719073,0.23958961732632034
375,13,0.17047122206775356,0.1187817799471027
375,14,0.0452984983257787,0.16480588937491003
375,15,0.074369352666531,0.08455193264892813
375,16,0.27441345667991435,0.17204094680350535
375,17,0.31637638533539736,0.11658247678512623
375,18,0.5206545913575154,0.23679030435531168
375,19,0.36616038901458126,0.36616038901458126
376,0,1.260358757967758,0.08199668678515648
376,1,1.655539605839401,0.45035375791460863
376,2,0.15165739308169224,0.18663158011486924
376,3,0.44238349307207114,0.2345928468966152
376,4,0.18673968431144683,0.038594242805336076
376,5,0.19687698060296732,0.039459972180448055
376,6,0.2876930081001601,0.0634497659592359
376,7,0.409183647782728,0.36518075391254623
376,8,0.48385322974331846,0.3506585657041992
376,9,0.23817892200772217,0.2412049813371384
376,10,0.10737955762557627,0.049501764674500404
376,11,0.04048193738373751,0.018095827141079823
376,12,0.44078723889270943,0.4668844389904958
376,13,0.08610988766217442,0.07388061588060202
376,14,0.025269450872395627,0.13035123640618407
376,15,0.10307926295699055,0.03884143185401623
376,16,0.011935043587403271,0.1949865974191658
376,17,0.3313583033857119,0.27229838562372466
376,18,0.5079064060910925,0.5390833227317415
376,19,0.015887276706611164,0.01588727670661161
377,0,0.7648079305193534,0.05605635709362833
377,1,0.3744690805402753,0.14926625662524806
377,2,0.23389906871390664,0.22401861149301716
377,3,0.29314009064027857,0.22187768662301366
377,4,0.18065958629907275,0.1861601949863827
377,5,0.19223010572932964,0.04121067731225381
377,6,0.3562681393855094,0.12193007440690362
377,7,0.09532892016997163,0.35290636281540344
377,8,0.06544932913026624,0.01716655681090984
377,9,0.45196890712731097,0.3884499074798988
377,10,0.1502982397034076,0.2261325085593624
377,11,0.03416306005584868,0.003782821419358484
377,12,0.0031820678996759,0.04776878920631944
377,13,0.05683641480715451,0.024772847717388302
377,14,0.04724541844715002,0.17154881942150801
377,15,0.221241741057022,0.0925388447966915
377,16,0.04399207190329513,0.012660975693947307
377,17,0.09489766248988474,0.06492346404789107
377,18,0.19592978140189388,0.21133044439283477
377,19,0.09170605846570412,0.09170605846570412
378,0,0.21896209417779566,0.07554904124274398
378,1,0.14940179494127648,0.03537255506221104
378,2,0.23662634907034708,0.20528278160842017
378,3,0.1871030616624738,0.1434023755880034
378,4,0.12605887596922205,0.13888633002883033
378,5,0.3614393544350274,0.52860259937518
378,6,0.10726264787143602,0.11164673895931809
378,7,0.06602208924641317,0.02779338625358241
378,8,0.16339451110382086,0.013759137234870877
378,9,0.23713845252498755,0.1620268038589363
378,10,0.0663759169535787,0.13760776517652573
378,11,0.15353960805699574,0.06817365697503464
378,12,0.022822608804675237,0.09954443852600692
378,13,0.3087207360053128,0.24991547014686954
378,14,0.2619610396959553,0.2823730772110298
378,15,0.055077607410978224,0.058233046306781056
378,16,0.17341954400619342,0.3040045384188317
378,17,0.22693969849573303,0.1166525014031059
378,18,0.3252729827705032,0.23502227803100162
378,19,0.017996844434450043,0.017996844434450043
379,0,0.8201711496678445,0.010269983314093345
379,1,0.6514001836232417,0.5902482775201232
379,2,0.04915339474476266,0.02232165168245359
379,3,0.05397636243277848,0.0058746014909552
379,4,0.27742549297529706,0.1468130214501162
379,5,0.06249757516613119,0.053647915261049395
379,6,0.21761310046334614,0.21534531482922237
379,7,0.22923770018828282,0.22911240181432735
379,8,0.23631509448156685,0.14030844404928677
379,9,0.015590573880582603,0.15859604702537577
379,10,0.3384743546071389,0.33151799798821235
379,11,0.14507944613201618,0.18601319181324394
379,12,0.5690039858166926,0.42600246842919676
379,13,0.27415121825182087,0.15139959028675554
379,14,0.2441423508464844,0.22382381416606467
379,15,0.30993622925458464,0.24000609975871168
379,16,0.14858312995569412,0.13503784729083268
379,17,0.27620755916374007,0.12715247081449776
379,18,0.06976343372220262,0.02749280711613311
379,19,0.036418266456384796,0.036418266456384796
380,0,0.477169555440236,0.3568422377037095
380,1,0.1000510490859492,0.15455813185702194
380,2,0.32689689458882265,0.16634534056482275
380,3,0.09287012210312451,0.3089835899863109
380,4,0.03488416846823261,0.17170915335581416
380,5,0.26185007722084697,0.2533679805893523
380,6,1.833474868726997,0.18753788434062946
380,7,2.2053410128003903,0.30628296654541876
380,8,1.2848349313320189,0.35163187631982895
380,9,1.0386932236135822,0.18901931941352057
380,10,0.26522079416353517,0.22207595280765835
380,11,0.16146181153597183,0.12262715106679956
380,12,0.08014519442292967,0.2944940263413751
380,13,0.1839530374615861,0.08120452286629565
380,14,0.2688110107962052,0.520000561865265
380,15,0.09190853760059348,0.12771496176136976
380,16,0.1856646722931714,0.0749347382857053
380,17,0.5923911676274236,0.2449244215679669
380,18,0.3758298314334807,0.1929073550376783
380,19,0.0014899062714235356,0.0014899062714235356
381,0,0.05736299606129247,0.06357103109718931
381,1,0.13324036615106039,0.0867749702430416
381,2,0.4277155211340071,0.16385391564398333
381,3,1.060972666248686,0.1307079659246897
381,4,1.6120974169856837,0.16107344140159086
381,5,0.38136227861029237,0.04812706498848662
381,6,0.15685382501457656,0.13567449213174765
381,7,0.08180000189562442,0.018981196207899842
381,8,0.16246350403578091,0.09598524131211317
381,9,1.7958777036595208,0.44413566983326813
381,10,1.712402758017034,0.4182523923879522
381,11,1.3783120012893662,0.21067738708131323
381,12,0.027234685732447694,0.15278197443431196
381,13,0.1785284465073671,0.13409139831904415
381,14,0.0014556306650925777,0.0359150045776051
381,15,0.03249351578010451,0.031448462548477885
381,16,0.4302790664432816,0.29810282892157236
381,17,0.2493380289375473,0.1524482022603939
381,18,0.3968029585248285,0.2757888409293878
381,19,0.2769726231328873,0.2769726231328873
382,0,0.7217724328552011,0.1294594266990785
382,1,0.5118893265513869,0.211186258525502
382,2,0.5157875954298659,0.23921074823896182
382,3,0.4497258796075987,0.3908408037994904
382,4,0.22749511197048022,0.22036136842792198
382,5,0.20303028311103954,0.14508776938466594
382,6,0.21489211201888958,0.008917115545214571
382,7,0.21347671046686267,0.2095894281850379
382,8,0.00025599280705179694,0.04539132478043495
382,9,0.13183944461449748,0.1125262080690268
382,10,0.13358641958175532,0.012584114660522339
382,11,0.42489591558418827,0.2615540830200711
382,12,0.10088435714092991,0.03566801255145835
382,13,0.06529288589023796,0.02680256081315502
382,14,0.09653330722057119,0.19414017554024543
382,15,0.3982673702761259,0.536770933272265
382,16,0.0739292480515954,0.011944976811565589
382,17,0.23376512459197407,0.2649659064657066
382,18,0.2572061474048519,0.2182939673745703
382,19,0.16271426331995453,0.16271426331995453
383,0,1.2780174923475363,0.6422069414714198
383,1,0.2353855711968258,0.3833306909679912
383,2,0.11339900672205605,0.09724910801801379
383,3,0.04227199464856479,0.1863729032181718
383,4,0.11587300038023685,0.12367274071628742
383,5,0.03184268126022882,0.19030819332236515
383,6,0.17570893070884175,0.4105118080601784
383,7,0.0881249152284278,0.3297702506750877
383,8,1.6428263264654568,0.21514332581433937
383,9,3.020619857778729,0.21345900902925408
383,10,2.298109704368695,0.042635096460588606
383,11,1.8862656169788323,0.07212416161904223
383,12,1.3907429241242788,0.15761705134950565
383,13,0.11652463137680957,0.1430825079771365
383,14,0.420296274232939,0.15885627498703547
383,15,1.2255666750797976,0.08148392304750818
383,16,0.24536708899148474,0.3187885263723116
383,17,0.11382686855460156,0.009335406637061006
383,18,0.08625498595520531,0.10194037150337776
383,19,0.09715948278170305,0.0971594827817035
384,0,0.24112952655765518,0.045885616332696166
384,1,0.06726513761444419,0.06228992543291767
384,2,0.059714326522071204,0.10068748065361532
384,3,0.10738040413089589,0.17066007440705544
384,4,0.07265987071164481,0.011074695497043763
384,5,0.1276266618180495,0.16420663616715725
384,6,0.013318309513751458,0.0789239548558971
384,7,0.3276680468918398,0.30679290339598175
384,8,0.27457062042607205,0.20857036885309022
384,9,0.08229408247147507,0.26549590230668674
384,10,0.03508498595061127,0.10293620764584421
384,11,0.11988953469792918,0.0937100790543628
384,12,0.08895527321072105,0.1304606339831773
384,13,0.16980586072969572,0.09868627808613883
384,14,0.1671421873756671,0.15917512279044121
384,15,0.24055250575637288,0.20835391850282026
384,16,0.36921024300970906,0.36487450186156867
384,17,1.5848804121947504,1.2891672862865153
384,18,1.4323664407934853,1.3366818130968348
384,19,1.1725778036732954,1.1725778036732954
385,0,0.4768071298114691,0.30572248038200245
385,1,0.44697690145394775,0.3203036932534733
385,2,0.25127905355669444,0.3283351162702015
385,3,0.1892231708451373,0.0026585158723082536
385,4,0.04006067672184743,0.24083504369998376
385,5,0.5807797865662012,0.06126601880726534
385,6,0.8912199511821894,0.16823920256230096
385,7,0.38178438471519094,0.02875246024449929
385,8,0.029625212639079912,0.2540498919030201
385,9,0.23908503197448727,0.014715342563992984
385,10,0.13316639202806257,0.09862783801677377
385,11,0.2688966288434598,0.2372439563729838
385,12,0.19960609537335472,0.023168331978175694
385,13,0.2024782116703676,0.032296517721661644
385,14,0.07513293200875282,0.20351153182757908
385,15,0.06822396797734598,0.07002173154071434
385,16,0.07409189990183052,0.04748134460996756
385,17,0.044247863757064465,0.10205882973995628
385,18,0.34919209801169027,0.307724342323608
385,19,0.2747557838826733,0.2747557838826733
386,0,0.18026067247227573,0.16501776847185834
386,1,0.20096241699792117,0.21011546460240904
386,2,0.18491415675133016,0.12345742024412942
386,3,0.029429541744859122,0.16404100763474183
386,4,0.1716330671456321,0.08258797149289698
386,5,0.006095822182695443,0.2624051429196479
386,6,0.15684336324843828,0.14559496746954537
386,7,0.21689251716497404,0.05897144623429318
386,8,0.3763018391348565,0.3628897660463597
386,9,0.24741668934278138,0.3000153826490948
386,10,0.20989077660760636,0.20962684774200868
386,11,0.10036898933033278,0.05280531638645414
386,12,0.0640146150120331,0.13835435840766053
386,13,0.17110267862529493,0.05772708311155039
386,14,0.013452358676654619,0.010886473745123304
386,15,0.4318455241959507,0.44114467227719967
386,16,0.9630583360711293,1.0233601415773785
386,17,0.37379121421738937,0.41755351138603425
386,18,0.14750038011523348,0.20849116129972156
386,19,0.06498204629967841,0.06498204629967841
387,0,0.35532210457807967,0.405220397161683
387,1,0.1428499559811316,0.09783230547008248
387,2,0.16482280436376584,0.04316878580466721
387,3,0.05367886194124871,0.07706760219496367
387,4,0.07712417064057764,0.10412366871018985
387,5,0.2547286161824136,0.005995803144787537
387,6,0.108165928973746,0.20540420980820828
387,7,0.21535290863608747,0.010456526732823157
387,8,0.14356762647729138,0.02003058273585534
387,9,0.03278404491675335,0.018779457082490403
387,10,0.34380364665430463,0.2560022705214813
387,11,0.34890894248526916,0.1610264876940004
387,12,0.2576403564692189,0.15014296047708964
387,13,0.08163213802233393,0.08606544390124427
387,14,0.13754195604929897,0.11242274287538212
387,15,0.05738668922905976,0.079213819537026
387,16,0.02248052992571914,0.12626980650713726
387,17,0.14424733286631852,0.24279179583818866
387,18,0.14588036238069613,0.2764204955853744
387,19,0.06782627871812785,0.06782627871812785
388,0,2.597913988443328,0.057979889075982616
388,1,2.5884988637313624,0.03520595367642443
388,2,2.347542102850537,0.06201469913517066
388,3,1.657050183774912,0.14751104581518515
388,4,0.24032165478932743,0.29608626339932
388,5,0.10526652681351223,0.11027987291277475
388,6,0.16146120683067045,0.04243599305224155
388,7,0.26129565467212634,0.2316067787694016
388,8,0.1711189893960099,0.25631843320804926
388,9,0.09748717871174906,0.1600342605510714
388,10,2.4627969879847313,1.0017597469084283
388,11,0.34889683621782686,0.2786429344563759
388,12,0.28227301510933644,0.15820017775112305
388,13,0.464172365484536,0.2747734628864844
388,14,0.3976442859666838,0.34040851888342605
388,15,0.2849012790090537,0.25504946443671983
388,16,0.10577977441712871,0.1891811135540573
388,17,0.15758762411807758,0.039998581789513654
388,18,0.006952121325196625,0.11954621469474613
388,19,0.11857132274116555,0.11857132274116555
389,0,1.1428919838125873,0.29410969060186076
389,1,0.8677833599543963,0.25597033788264234
389,2,0.31570177317780157,0.14218103058589415
389,3,0.042050764872781254,0.07511325869866292
389,4,0.2881832600010581,0.19905218802041036
389,5,0.2752712942326698,0.2526219509427521
389,6,0.0423045551850989,0.07089989606152036
389,7,0.2513706302203982,0.2780886805247036
389,8,0.1646855299515697,0.27224147119216635
389,9,0.001904912118582125,0.06509882781293141
389,10,0.27246731680199376,0.24912274618027652
389,11,0.3173853581372481,0.21091284295677148
389,12,0.15264762895172046,0.13010369807788713
389,13,0.11937579742607474,0.16240728430961493
389,14,0.05132740787099266,0.09410661232844264
389,15,0.10857899010816485,0.05063957712872691
389,16,0.0796355163950877,0.009611954458328409
389,17,0.2168366141241349,0.19558798997661953
389,18,0.19096231384018614,0.48705406789886707
389,19,0.7840868189491483,0.7840868189491483
390,0,0.10567789352166201,0.13879558328146135
390,1,0.29361698530762625,0.3099097165798219
390,2,0.1602688265913601,0.020319994302612887
390,3,0.04293554064304672,0.02733795849790832
390,4,0.05356072425357272,0.10754786444590358
390,5,0.10747258380653646,0.1397216160973369
390,6,0.08287746818203345,0.03805984431596343
390,7,0.2845593425673183,0.15963512604858376
390,8,0.22287135590355245,0.21364880144044607
390,9,0.05374781137158946,0.06490824017637209
390,10,0.3905806897220123,0.26818656621415027
390,11,0.664001414506997,0.35909205167267055
390,12,1.5164424661408686,0.06203530241012167
390,13,0.03597903948980541,0.18333552689808563
390,14,0.1373949646327759,0.011586381286543102
390,15,0.271869679404098,0.0841035429440784
390,16,0.1877069457629621,0.18517733073145592
390,17,0.1588545665205574,0.5676840638298577
390,18,0.2768124154659741,0.37592752378241423
390,19,0.0729350794213719,0.0729350794213719
391,0,1.5966303325134132,0.4201405299866243
391,1,2.4973678322547777,0.41438561838388166
391,2,0.2157809288437238,0.1420501363666764
391,3,0.3178010821344892,0.21728814406194408
391,4,0.05996323224630551,0.1496865255680544
391,5,0.1909382006032576,0.22515017585478647
391,6,0.03252233168086471,0.0012952584730023808
391,7,0.274175605022311,0.06271995366783578
391,8,0.4083854637378419,0.16592330796468024
391,9,0.2344533299834337,0.029650576433210674
391,10,0.09731696469667739,0.049743153222395975
391,11,0.14860066104233471,0.23545182155570377
391,12,0.21878103889895817,0.3433851284146119
391,13,0.23873638688560606,0.15398975225592304
391,14,0.0036128679249110007,0.058484897869528485
391,15,0.011857688751401696,0.04551632511626025
391,16,0.20662327830904692,0.062353534064887306
391,17,0.13254170463961001,0.023389138978540558
391,18,0.09677620583868984,0.17840249539556474
391,19,0.35654011968252153,0.35654011968252153
392,0,0.02589958501867784,0.1129181892520954
392,1,0.04411119822691578,0.06442779427732326
392,2,0.3463280488708116,0.29809450591878806
392,3,0.04774611604072998,0.07174963352094599
392,4,0.026622925605435555,0.034379308450790624
392,5,0.004292899936376049,0.13981878596699016
392,6,0.19934315055966678,0.00038721993972057334
392,7,0.006018013485781459,0.09450550975327943
392,8,0.3925961972435177,0.30271213489297555
392,9,0.22979436426383693,0.17165108814815166
392,10,0.19608316072023424,0.214843449760461
392,11,0.32516499774291496,0.3196865992345179
392,12,0.5114726778351564,0.5183575046496571
392,13,0.5140036300849831,0.3583831165752871
392,14,0.4145787514986452,0.35421999890379396
392,15,0.005104328254197377,0.05135659596807196
392,16,0.0036761151993980334,0.022922685539939813
392,17,0.30288912378361665,0.11555024591845475
392,18,0.2023676085846975,0.290740914284779
392,19,0.34370167459705403,0.34370167459705403
393,0,0.28967169826044703,0.03774203386963659
393,1,0.15861140288267572,0.04554627268478573
393,2,0.25985282022011047,0.2036789453196537
393,3,0.12370314043111952,0.057894085292510944
393,4,0.10317688790113522,0.24227246506801237
393,5,0.13234123005770737,0.07396893350755462
393,6,0.31857441540818243,0.21868336947668077
393,7,0.1751173782802784,0.0662316778531622
393,8,0.011360260093319141,0.1323124106599156
393,9,0.47566584278873325,0.27254513476364917
393,10,0.04369111653921465,0.1178901814210338
393,11,0.18316390992375542,0.09379581106596468
393,12,0.45085336702716194,0.3905185371831754
393,13,0.023841925569120015,0.07256733060393739
393,14,0.028475686848874915,0.03850695081707389
393,15,0.07476583406457316,0.12988308715257357
393,16,0.14069648573205917,0.14548555939741004
393,17,0.0005675352571588022,0.18075149770712784
393,18,0.2827982170982599,0.261780465523894
393,19,0.1154375038543618,0.11543750385436091
394,0,1.6194353067781142,0.20439450138953408
394,1,0.16455660017953777,0.31841743457604466
394,2,0.24008655372835408,0.29439821184834347
394,3,0.31852731854345073,0.20501022783145206
394,4,0.02236728831195567,0.07384121515755693
394,5,0.10554349107184358,0.18523508425108925
394,6,0.13136940369066075,0.19364716726375342
394,7,0.32878896543380165,0.2810838899242931
394,8,0.041687745556219014,0.011381877150169029
394,9,0.3694034373458699,0.1740193030645365
394,10,0.2930956359482524,0.35700112743705104
394,11,0.12207638617392602,0.18189913511038291
394,12,0.2524573698366761,0.030187392287330805
394,13,0.3642162838187031,0.21467718266719027
394,14,0.03413075226886875,0.08845333040228898
394,15,0.00923477572770448,0.010422324598132526
394,16,0.11167630457586952,0.08714585818306642
394,17,0.5294689779550548,0.5432857660501993
394,18,0.30115640804675303,0.063726035655439
394,19,0.05321098233156096,0.05321098233156096
395,0,0.5166954025648973,0.03584620886051315
395,1,0.2297353313501258,0.17202852025770898
395,2,0.2436122835194361,0.11823700108567659
395,3,0.10889568805282712,0.08226832461931366
395,4,0.1366181769353103,0.045255087854317644
395,5,0.2863915904218013,0.31176753681060676
395,6,0.09132229181517415,0.2315853169970814
395,7,0.25117046125011644,0.028783589376074836
395,8,0.4855839724254305,0.34667208296611607
395,9,0.13714781721006286,0.14647543236425076
395,10,0.18154822788531533,0.24854378168931746
395,11,0.01620516583185161,0.05071061686713296
395,12,0.15484135948317235,0.10954783181653305
395,13,0.26852243997208713,0.3831663429194663
395,14,0.0490975724721614,0.17997080825448597
395,15,0.5936021454672522,0.5856535756178518
395,16,0.12884130975543018,0.023346433152039214
395,17,0.009641574879186265,0.01613073256791253
395,18,0.003296422606069882,0.17407651435861116
395,19,0.13170288662240814,0.13170288662240814
396,0,0.1978942895775786,0.09935839279103131
396,1,0.20983992901698212,0.15473251090647544
396,2,0.36434002507988783,0.009005437973256036
396,3,0.09754167463179719,0.05561629071288454
396,4,0.2942723244963217,0.00570744596088435
396,5,0.2634343829069028,0.12380789544387838
396,6,0.13856428360537443,0.17088016555629704
396,7,0.5160438347119345,0.5619531852296222
396,8,0.07673690037490566,0.10818774036956036
396,9,0.1316709026222389,0.030590969318555317
396,10,0.10764205402846905,0.15293393875762362
396,11,0.23503380888455183,0.11063330048964026
396,12,0.22031058758770072,0.22321753334881045
396,13,0.17715282481600614,0.24147746789703106
396,14,0.17015329708417326,0.2877417139450493
396,15,0.11419875167356963,0.01896322918342097
396,16,0.03688103499388884,0.023112346515490323
396,17,0.15203250746091346,0.008232758714880717
396,18,0.24222987835060117,0.005705008249033305
396,19,0.24450888150534222,0.24450888150534222
397,0,0.08711601782338008,0.045326254805934774
397,1,0.2842379863429416,0.26404956038277305
397,2,0.19712307368122506,0.21060632298780746
397,3,0.42012589091458175,0.36291819419115967
397,4,0.0656675346581812,0.05744968482030899
397,5,0.07722435388573068,0.07448590115036424
397,6,0.28955702850635046,0.041602644344957085
397,7,0.07929727261832076,0.0018374590220071596
397,8,0.17189587712741927,0.030982440485772145
397,9,0.0034669528008373085,0.02692684541890511
397,10,0.05850973860371189,0.01999908918385307
397,11,0.32689680161716206,0.28732592247134425
397,12,0.11389759987586778,0.0263522395699467
397,13,0.04437701328978072,0.11097158275260632
397,14,0.3076470792281585,0.32781178386665255
397,15,0.24555900895374538,0.1721520980016411
397,16,0.0013142120963323123,0.031825137075678356
397,17,0.2616860610321661,0.28575310388940256
397,18,0.2726254796512704,0.2187898170933118
397,19,0.2504749310135099,0.2504749310135099
398,0,0.071097267656131,0.07911975896329171
398,1,0.12841939060824892,0.020202525686408013
398,2,0.31311359634616576,0.22814519550668333
398,3,0.13228495106147964,0.17469002925540256
398,4,0.15749588446728335,0.21275109366668854
398,5,0.038646965258777755,0.057953359444964825
398,6,0.1173521936010058,0.02642240617435032
398,7,0.3271303162625445,0.3130589235456096
398,8,0.23922469753882059,0.23986603852141908
398,9,0.360270550748802,0.08675179805052124
398,10,0.25148227541120427,0.045645589525482144
398,11,0.09451804913803397,0.12589119310493402
398,12,0.2929373030389364,0.2990332647674512
398,13,0.22128153920463944,0.0915123833074416
398,14,0.24995244073572653,0.11703852328950326
398,15,0.2651460298623256,0.15983433430579286
398,16,0.28819265941421346,0.28176324493427973
398,17,0.2450345567458374,0.34062377011230804
398,18,0.4094311115093703,0.40070080630029103
398,19,0.013976574920564033,0.013976574920564033
399,0,0.6540886908848469,0.3141359579156009
399,1,1.276889842918628,0.0885786672515767
399,2,2.1153746290492332,0.20087545146641883
399,3,2.0882775000590996,0.016526872118012292
399,4,0.151344903069476,0.0009581644574696568
399,5,0.03537779559840004,0.09423302999645422
399,6,0.0212900206649298,0.10113560158262391
399,7,0.04683552517391831,0.08654371013705564
399,8,0.24734597269384206,0.28739868812661484
399,9,0.04889703507751619,0.11646100247222924
399,10,0.06677062443030479,0.06339347587806365
399,11,0.04896207495864058,0.03803712354967903
399,12,0.21153288978020512,0.1013200015587401
399,13,0.21261446996523325,0.1839873653835573
399,14,0.10633023754797666,0.04494592357961302
399,15,0.09784625174297634,0.16686075243859833
399,16,0.2580363176575613,0.184083392625209
399,17,0.2682136853224364,0.052181857790905894
399,18,0.09895939710323098,0.19113319502195836
399,19,0.3801839007549557,0.3801839007549557
400,0,0.1824692352826469,0.31956725117782625
400,1,0.09413482774646242,0.016339267914764033
400,2,0.36938659828905784,0.1990304651835446
400,3,0.5037329648150379,0.38363859079303086
400,4,0.24254228086012963,0.0585982994635339
400,5,0.044292862941774924,0.14022684993672607
400,6,0.23319119178531178,0.42418061092239245
400,7,0.15044980422231813,0.18046518665285793
400,8,0.09119276938367049,0.2547244682084533
400,9,0.09845001428247802,0.029174353839101386
400,10,0.13320921104671868,0.14316929468271278
400,11,0.04810651148679135,0.14680480094401283
400,12,0.0768910352546448,0.138505560643992
400,13,0.38728868316360243,0.0900552846671876
400,14,0.5829682489053267,0.08121353859937175
400,15,2.9298930641322407,0.041090587322519134
400,16,1.489173654484727,0.3118003309409709
400,17,0.2708712399889741,0.33845499935120493
400,18,0.10771477939384777,0.1250031689158133
400,19,0.2266057710634506,0.2266057710634506
401,0,0.31493494386073273,0.026829278593682115
401,1,0.07940396560597218,0.2904722059202425
401,2,0.4741290510041125,0.47194737694506905
401,3,0.33858947073584655,0.27772023194201134
401,4,0.012661821473834767,0.05222414829256783
401,5,0.3531888028697976,0.27454602940502726
401,6,0.06691215367617342,0.005050124857859384
401,7,0.1794318600534881,0.136591696085671
401,8,0.1620375586378051,0.11277022204068299
401,9,0.05441596725128983,0.02061629420658173
401,10,0.3588045451397077,0.20064693760555397
401,11,0.30771754505580784,0.13472343423519417
401,12,0.025301184611520533,0.09952002731106724
401,13,0.06865843515659797,0.22148032410391583
401,14,0.003972047440391258,0.16076756530661296
401,15,0.02198069738694519,0.004734012673033305
401,16,0.08628408336554472,0.12768656775066933
401,17,0.2698229610778662,0.3467418215691036
401,18,0.2736001709746785,0.3427487709079604
401,19,0.2746578840559297,0.2746578840559297
402,0,0.5044485311380336,0.06360115166625757
402,1,0.43029941230094204,0.10379566010661234
402,2,0.35041964619882116,0.24042194769596836
402,3,0.10534680194537316,0.016555767697855828
402,4,0.18566769079323286,0.007248540644292589
402,5,0.02363483620222162,0.0021406694627863487
402,6,0.008161214388190174,0.07769666403406772
402,7,0.2987866438490787,0.18320196059298777
402,8,0.32756958734941444,0.2616272772818897
402,9,0.25248851947838924,0.2954663743718857
402,10,0.23322120756821096,0.34596666150237354
402,11,0.36071236407221097,0.21355268292910967
402,12,0.2801136019612267,0.2061304297712736
402,13,0.08847579203359546,0.037837133211499285
402,14,0.18228350354606038,0.030451600196213846
402,15,0.05306882855285666,0.017342490780533737
402,16,0.00842363778281019,0.09552955522773487
402,17,0.21592402860184823,0.08040658474305884
402,18,0.3218377109028725,0.26995232365957733
402,19,0.09989780444225449,0.09989780444225449
403,0,1.825412065803242,1.4046714808000171
403,1,1.8846178707523835,1.2917873401524478
403,2,1.8085747611679768,0.6846957077147247
403,3,2.1256366866424337,0.8352637264221254
403,4,0.1030009150931619,0.2916145389957565
403,5,0.00968441823517896,0.09333452264019648
403,6,0.2003822423773558,0.23041806590511982
403,7,0.37107787580683294,0.25308797507590697
403,8,0.04139387099644143,0.12386484697607258
403,9,0.17889662106716253,0.3063022754199678
403,10,0.005018123452379619,0.008889126667118497
403,11,0.04427781005046194,0.1311755345630976
403,12,0.0409093524794093,0.06902481419242168
403,13,0.2842839720350523,0.1230940646056431
403,14,0.06393416366670479,0.004073749576579466
403,15,0.1942034179622607,0.1066728561785455
403,16,0.43117840877854485,0.39170243148467776
403,17,0.3038400761437354,0.25464641265720145
403,18,0.1889948486765416,0.07545574353693096
403,19,0.33135993814739706,0.33135993814739706
404,0,1.0085967373269566,0.2717853606859588
404,1,0.5709289178428136,0.06615610524154691
404,2,0.29484731416373045,0.45897021204296706
404,3,0.050017317592828014,0.1487829214623435
404,4,0.0336171580051694,0.13177432953983548
404,5,0.09694662744489513,0.11320303825339817
404,6,0.2930501786179729,0.22749679169552728
404,7,0.004072773066825519,0.01932312820193438
404,8,0.37316410243410836,0.2531013846355883
404,9,0.2285350371912962,0.2243522811856007
404,10,0.052456985585260796,0.026988621952588332
404,11,0.20302350740742092,0.3653090065496203
404,12,0.3883578201346225,0.4018718702272812
404,13,0.2817447130094326,0.13226067598822056
404,14,0.12044799694936881,0.13761702216025817
404,15,0.27151738176747386,0.24825219679295252
404,16,0.045943050601580104,0.09740825967628552
404,17,0.06456439826897853,0.1347489285861112
404,18,0.34780955614453735,0.30681027897865576
404,19,0.08282567855223544,0.08282567855223544
405,0,0.9493572928431226,0.4309836336672066
405,1,0.5025973823393666,0.05379651438647626
405,2,0.12165565515474164,0.19403907165609624
405,3,0.15854107437492493,0.2937371521922918
405,4,0.12570639284007923,0.1369225054351726
405,5,0.019879408144296118,0.0450255939632318
405,6,0.4205159256441595,0.34567921327779505
405,7,0.20303034145400822,0.11670174268450673
405,8,0.059180953627063104,0.16368673792990585
405,9,0.3483247875348727,0.3958257463011483
405,10,0.05492543144210327,0.01682933213809079
405,11,0.016871853451706276,0.027715668606556054
405,12,0.2803262231411625,0.29528930136167286
405,13,0.06003518189889423,0.17718377142629782
405,14,0.1421556544468383,0.01847360225666783
405,15,0.21663772776637114,0.06414143145690998
405,16,0.32290414256917943,0.09892570418710456
405,17,0.4862054149798398,0.4358980965114969
405,18,0.059607847917644285,0.04086281043874784
405,19,0.33654103020043546,0.33654103020043546
406,0,0.6115321264533922,0.39548200557548174
406,1,0.11973117761351482,0.019110036081268156
406,2,0.11261109069487496,0.10748794095624525
406,3,0.8736526559212265,0.7629511612949003
406,4,0.008003994979597806,0.2332259071354148
406,5,0.21449939900319492,0.054842598739771375
406,6,0.3956400553937556,0.44177124407337587
406,7,0.20549532249894664,0.2295144598422354
406,8,0.025052357919947532,0.03884770719718578
406,9,0.04424435945758809,0.17469417313825275
406,10,0.683336308754555,0.5403068748777544
406,11,0.3407598925717865,0.31264780753027566
406,12,0.31854938418671264,0.28121662554967575
406,13,0.44475653253727376,0.3910718413865215
406,14,0.18820006855061155,0.1205624578455442
406,15,0.05589628026567972,0.04450129730156327
406,16,0.28037651536784747,0.23234159053463443
406,17,0.03495398304131392,0.05247632768552002
406,18,0.3921849741866037,0.43989920890297185
406,19,1.2761851421400632,1.2761851421400632
407,0,0.011353908300610449,0.0815501429077301
407,1,0.1764245197803085,0.025490946825257765
407,2,0.29171792217671033,0.1793812210864134
407,3,0.09329879339448732,0.13081519827129862
407,4,0.48183797312749244,0.3368457962170388
407,5,0.4042369538419588,0.35237582010708035
407,6,0.12979545042604634,0.2186448504237215
407,7,0.40194647553211427,0.35144727683320687
407,8,0.11148336263096237,0.09177732149421791
407,9,0.0908364605867038,0.15798407426830208
407,10,0.03990595439744826,0.18242847231483017
407,11,0.3532091743936778,0.23050802944750526
407,12,0.6445272488600984,0.5841497920428642
407,13,0.9723071999777009,0.6904287771706352
407,14,0.4969254029200325,0.3642155536049052
407,15,0.03762594758676041,0.044842798051538235
407,16,0.15557759274663763,0.03812869130011309
407,17,0.09157032842615909,0.1516396433503302
407,18,0.15924413085902467,0.15629271280988766
407,19,0.11710301034192527,0.11710301034192527
408,0,0.07157430901604833,0.09075630905726317
408,1,0.18446488767215286,0.005483271358150965
408,2,0.3479452370537013,0.16705296941717496
408,3,0.26830280456938294,0.09994350420040687
408,4,0.12394040822406449,0.14146084173782603
408,5,0.13048289640635602,0.10028583247401102
408,6,0.11013139453028753,0.2952701254249348
408,7,0.12517862252859668,0.028814171419051515
408,8,0.1501116375778775,0.150133829154802
408,9,0.24202932055447413,0.06869726361279316
408,10,0.23452186728282687,0.25496438718060377
408,11,0.05262429525695467,0.09901679282196163
408,12,0.31528791099404785,0.2833396644996986
408,13,0.18301440645190592,0.2878586231198983
408,14,0.25526510966228333,0.3308653019575565
408,15,0.1981783230511951,0.12583282117201655
408,16,0.043299394794434676,0.1616000956822674
408,17,0.1666190589163561,0.25295848995882153
408,18,0.4578456426683175,0.38806316959313314
408,19,0.3458489043992605,0.3458489043992605
409,0,0.624968876448651,0.04435496043075249
409,1,1.7321262991600062,0.4473461536343697
409,2,0.12917845574483788,0.43198591051206225
409,3,0.09153734091364552,0.3095064635121991
409,4,0.2438547077945441,0.367255035686358
409,5,0.5707116106433001,0.1884568312346575
409,6,1.1221912873587758,0.020527613844731896
409,7,1.8183960872511369,0.30116422709455337
409,8,1.7661595305035238,0.4611432310980259
409,9,0.07027632800524009,0.09736853455899874
409,10,0.005838304644873116,0.17869885269751506
409,11,0.009891481112793254,0.1131820986564338
409,12,0.3315685165389115,0.4909997522463687
409,13,0.2838063163185147,0.23849753354717418
409,14,0.29828128795783293,0.2512084375797716
409,15,0.16037436944278216,0.11584152971807349
409,16,0.3635006345053533,0.35621621000489156
409,17,0.1092461562571101,0.13531151464856706
409,18,0.21762152834771697,0.24348451079927047
409,19,0.2620090495501213,0.26200904955012083
410,0,0.5789401233479623,0.0396480376981323
410,1,0.17675433396675633,0.24026609649122666
410,2,0.16739070031493952,0.35895622452007725
410,3,0.007393905853593896,0.04783674877364019
410,4,0.15906003430735982,0.18761137183503163
410,5,0.2801887479279572,0.18819103585472696
410,6,0.17399375295487207,0.0352435718587536
410,7,0.2563490441468459,0.14923850901222435
410,8,0.18689106749202544,0.058884814145168995
410,9,0.04186632231016674,0.12937669734122803
410,10,0.37973134786328355,0.31841897862012525
410,11,0.1675615114511162,0.2294463556961639
410,12,0.2193679081520603,0.03562269147163777
410,13,0.05277010864177312,0.1806855956511928
410,14,0.31805431254892946,0.3791760568508411
410,15,0.5451287666442006,0.48350944515606464
410,16,0.11679407332787095,0.03201170204851245
410,17,0.1726026710255697,0.27693854261003725
410,18,0.03330319822176975,0.007380936957771311
410,19,0.40296159433666556,0.40296159433666556
411,0,0.04427242161799061,0.15666720208024554
411,1,0.04205334049364762,0.06113837896210583
411,2,0.11047157461343016,0.08738580219249492
411,3,0.09100141264770212,0.029930780291678616
411,4,0.22586921827904582,0.005330327373164856
411,5,0.1958939945536109,0.03811428272861139
411,6,0.21976565418055483,0.21068524209049144
411,7,0.06329065749742213,0.08263434140628512
411,8,0.20296011396906977,0.02481876667863059
411,9,0.03170677727643678,0.10166582764292276
411,10,0.5573128643752447,0.44430889096066917
411,11,0.23358396435960316,0.2430779185482237
411,12,0.016389596888207514,0.06658821667204773
411,13,0.027639113788222147,0.1634269165838118
411,14,0.015468448289722936,0.061733914118690336
411,15,0.22245454776882312,0.02502955701236953
411,16,0.03150148925615959,0.09940651902117814
411,17,0.5077604323745444,0.5123452854196557
411,18,0.4471589510250702,0.31880223342846037
411,19,0.5031459696832901,0.5031459696832901
412,0,0.7745205838486582,0.19974209856822434
412,1,0.032039736828535226,0.15593611906628535
412,2,0.2767506322602369,0.11802106366055476
412,3,0.2241736010450044,0.03475493661984341
412,4,0.1733738097115598,0.016918722897260707
412,5,0.47278017642738046,0.343916259103656
412,6,0.2523685560073874,0.2112706749614084
412,7,0.08750904654800085,0.007273585488279721
412,8,0.07987180554942519,0.11011616161062143
412,9,0.0736328686970893,0.12228851666918361
412,10,0.24874248540356092,0.2759638880146329
412,11,0.11695791318025117,0.293200063177363
412,12,0.2558656842941378,0.11704811199970955
412,13,0.1405020626867426,0.14694664269135727
412,14,0.5024260569704553,0.3693972480773069
412,15,0.0955538547112944,0.08707264291214045
412,16,0.06780640680501904,0.09789300517502042
412,17,0.3417550676201202,0.25834366070717785
412,18,0.07815152823429283,0.0757502596213051
412,19,0.42940444687294477,0.42940444687294477
413,0,0.28402006786252,0.1089203866307078
413,1,0.4688332189388582,0.16755720883855574
413,2,0.6243066293930237,0.14574188813500966
413,3,0.02997669837026251,0.11053900327276445
413,4,0.06269158153633203,0.004113507868137134
413,5,0.20835361887219772,0.04001557257049493
413,6,0.08675607215988501,0.029672729137288023
413,7,0.3974661684460359,0.22874400677865125
413,8,0.09298107182227655,0.0222152726504099
413,9,0.02445608683719458,0.06662149949011598
413,10,0.002492554809120584,0.04824339671866884
413,11,0.46296786862522143,0.3190185558869203
413,12,0.4136521233503161,0.2791677991336172
413,13,0.3342195030506181,0.18977845167556406
413,14,0.4091930265744601,0.3474029673446557
413,15,0.23594297912911433,0.13320774953882264
413,16,0.2607790619701964,0.04432938594594393
413,17,0.3784634696834157,0.3771474418605347
413,18,0.09810468585556986,0.27008612439222013
413,19,0.3213362811993399,0.3213362811993399
414,0,0.23181059695787365,0.18299561703688294
414,1,0.04822597729014877,0.028998110686764278
414,2,0.17158409156488652,0.14274991652603042
414,3,0.04365138856255868,0.12576613055017472
414,4,0.2991421741987583,0.1115719068906813
414,5,0.033211152896995166,0.04626585515266557
414,6,0.1111877917280859,0.009093362407495587
414,7,0.04950717973081975,0.05906844518082721
414,8,0.04304355522696124,0.1005722374358986
414,9,0.0437989794581668,0.0018040090855278024
414,10,0.2541187899532704,0.3050763685779718
414,11,0.4927735226169183,0.4460697743163955
414,12,0.2811386398058149,0.35521365065800925
414,13,0.022911433111687973,0.14635458571571514
414,14,0.09526112163394762,0.1913339886273846
414,15,0.30198924459743104,0.431190962268718
414,16,0.38176892719817523,0.2758604311045896
414,17,0.01846899893656717,0.058975507788179726
414,18,0.14477102059808278,0.1915238477864225
414,19,0.20548830281753405,0.20548830281753405
415,0,0.2167211609267543,0.1947266830489096
415,1,0.43774821614774684,0.28077986436641744
415,2,0.21598810125541634,0.058901915950708705
415,3,0.05618945794725416,0.10060875816189796
415,4,0.10658776457696018,0.03996741762975642
415,5,0.5867295862190187,0.4854451021209978
415,6,0.358279070457046,0.37338487375860385
415,7,0.01146581005939451,0.20237773451943042
415,8,0.3952142304169355,0.26019716152502337
415,9,0.13713528684174037,0.11998585215037716
415,10,0.122471724896422,0.0460664729847311
415,11,0.5138141303526789,0.04921011880287285
415,12,0.0004884687245310104,0.27888511233210167
415,13,0.14605042696571502,0.07486227956460212
415,14,0.10207155032564952,0.05658307693644282
415,15,0.3107045835459701,0.141830649326514
415,16,0.46191776433934884,0.44738149909888225
415,17,0.10811848016366632,0.153394330612314
415,18,0.05537176904251284,0.08065544378353806
415,19,0.19459642117293008,0.19459642117293008
416,0,0.4069979231396954,0.17000611076959204
416,1,0.07605643962849173,0.0105987275762911
416,2,0.25184551752865314,0.18348775995557665
416,3,0.01832012340580569,0.09801192631329858
416,4,0.013817462061140873,0.23487626357231806
416,5,0.15761995182933086,0.10063524803085055
416,6,0.12911079091733102,0.12738730054563874
416,7,0.08422728022584058,0.19407530515994376
416,8,0.22046624985848773,0.09563946547205271
416,9,0.19317580722070815,0.06399820676833556
416,10,0.08477687234350872,0.14933197712172586
416,11,0.19697230860400783,0.172029348543421
416,12,0.007657386003433242,0.24459030573201312
416,13,0.3537100381287419,0.001835159986903534
416,14,0.7947438876307018,0.2489696456220596
416,15,0.04653501717117958,0.014071741166044038
416,16,0.004224992135537953,0.07809821776596149
416,17,0.13622846532299882,0.28201249521919713
416,18,0.32833273204965385,0.24551407902647515
416,19,0.4029608712944377,0.4029608712944377
417,0,0.14660050002507052,0.23790069437840877
417,1,0.2657120144755716,0.1713874123788699
417,2,0.09480432035825537,0.1404523763647818
417,3,0.3416826932976189,0.27478486728332463
417,4,0.10261592533228647,0.010119461361936644
417,5,0.09377693108334029,0.0662814584353999
417,6,0.0426722463771827,0.15883959445559137
417,7,0.5169277435879369,0.5655193903617377
417,8,0.1042247861616108,0.3073649816720794
417,9,0.008283061223496535,0.06808476837635435
417,10,0.22769522254707253,0.08013135017518724
417,11,0.012571801425579121,0.12323726611141073
417,12,0.049408702611049016,0.06681139612053366
417,13,0.08210923122471891,0.0615865499892263
417,14,0.015257027659408617,0.027219413557095784
417,15,0.2750903390001116,0.08588042384957362
417,16,0.20351263841331457,0.21469081528073275
417,17,0.01220595376000766,0.03566491779972969
417,18,0.2772444137869252,0.225886338689671
417,19,0.2470607528511115,0.24706075285111195
418,0,1.1610419291006924,0.3382938801845885
418,1,0.19313345183575592,0.09424268678822134
418,2,0.1409277096651116,0.008668271850369003
418,3,0.0743153587808072,0.059529357221769
418,4,0.3040346899870783,0.3687041160845701
418,5,0.14967582240037913,0.029751251790464117
418,6,0.12387035473647501,0.04761465313784807
418,7,0.1886751708898169,0.003890961831561235
418,8,0.2339432868065332,0.10586482977797562
418,9,0.10115371003645279,0.10535338876691114
418,10,0.08331874595185429,0.13884486263952756
418,11,0.24996656765654102,0.39365479811083937
418,12,0.5452612060646711,0.3600630251603092
418,13,0.07052944283314178,0.16221014994947014
418,14,0.06503330365079885,0.19394653559283714
418,15,0.3133046726381332,0.07212870936773808
418,16,0.5056508061924014,0.06412661888335958
418,17,0.3214109511456562,0.1581547188526602
418,18,0.17164048513673658,0.09848537570312166
418,19,0.20365531080455623,0.20365531080455623
419,0,1.590121451218388,0.38592795050613793
419,1,1.0997906638469148,0.13284968368318228
419,2,0.12104517679812021,0.21654120992404158
419,3,0.2277746033607868,0.21256757187294584
419,4,0.11037012190777684,0.10881434243371313
419,5,0.22387101334113257,0.13116540955266132
419,6,0.46660602312098476,0.6271544903243376
419,7,0.31980150664043894,0.34875207911874817
419,8,0.39184557252791397,0.3116979792785779
419,9,0.31274798838059814,0.12817543624201289
419,10,0.43499647532606645,0.20691667975243666
419,11,0.6977113235290453,0.0467040674258099
419,12,0.32589303160805105,0.22955044689212611
419,13,0.1594935762826859,0.3227102268067732
419,14,0.00800510823817202,0.014777702172638296
419,15,0.4285063086248906,0.33772993811822927
419,16,0.05035936005507624,0.08493228444588796
419,17,0.17081422567101168,0.10112734191573525
419,18,0.1412609955208861,0.188669992757863
419,19,0.1145194702682133,0.1145194702682133
420,0,0.09652011169437635,0.19949490757020172
420,1,0.011623553984088986,0.0013521816674977316
420,2,0.2373949812890288,0.01298995281550841
420,3,0.38510135059431017,0.014734974478368912
420,4,0.24025170769220772,0.11328936303871018
420,5,0.13147985727282752,0.05152841392243479
420,6,0.7172929638905927,0.5195355252428744
420,7,0.3410963558635265,0.22306753899133458
420,8,0.5993169804663596,0.5541530245005086
420,9,0.31211999252289413,0.094753680567921
420,10,0.012086022884854941,0.13583288949650196
420,11,0.08205870903515677,0.08508371327351671
420,12,0.12743836590710966,0.09276655702855852
420,13,0.10785287715835246,0.16154560754213776
420,14,0.2781268884695596,0.29331101778523205
420,15,0.07582471696504633,0.10927429623838059
420,16,0.38479397401655646,0.36623384645041934
420,17,0.16823892880290092,0.04400703370107362
420,18,0.07332643066295308,0.11199073827956241
420,19,0.42706787157668735,0.42706787157668735
421,0,2.3940117946015893,0.22377387640681068
421,1,1.5093198146846791,0.2922841794158493
421,2,2.039579262417298,0.009447132656672519
421,3,1.939741551976915,0.08524185668509077
421,4,0.9893653024336162,0.13737323942381252
421,5,0.48479737445797433,0.02032850387230578
421,6,0.2735536885683887,0.10039339080551635
421,7,0.07059856826700184,0.15454226732346932
421,8,0.007016315050449862,0.18278004633828449
421,9,0.06346509062752492,0.18563361821104607
421,10,0.35822281917858234,0.2835385537987962
421,11,0.5656336759977618,0.4133472051022764
421,12,0.3594885847925262,0.3590514913538003
421,13,0.17428451673884737,0.1093315674113935
421,14,0.24996879520463633,0.3017054959178038
421,15,0.2196262157775264,0.23147296758353253
421,16,0.08264375882071917,0.1862605044960084
421,17,0.490500129406934,0.38587559266328153
421,18,0.33837938200901974,0.20961755806798266
421,19,0.2078167295667308,0.2078167295667308
422,0,1.1083648615808364,0.4913817616721534
422,1,0.07968114942721449,0.34537793862987787
422,2,0.18997164663125687,0.24615051387365527
422,3,0.07507004512587656,0.08964382854292197
422,4,0.47477413250613587,0.33790615944605573
422,5,0.11094259285571928,0.2471120772482971
422,6,0.0817238799352693,0.0647101303644515
422,7,0.5410424957506619,0.4418196193395225
422,8,0.2604852193028151,0.28937631156086496
422,9,0.1165741354100236,0.010536790373566252
422,10,0.10156152505673033,0.1692045971480276
422,11,0.4771077070665841,0.3795924437135154
422,12,0.1839660502513878,0.04434870201109886
422,13,0.0711545005790506,0.1550758379304833
422,14,0.011037619500045448,0.02425858290249172
422,15,0.3086153360980486,0.4587455616173748
422,16,0.021417502340318695,0.12799688308424484
422,17,0.4590029520828427,0.49338919460122677
422,18,0.13968499413036684,0.19299019313607202
422,19,0.17770759838012706,0.17770759838012706
423,0,0.6549356203991561,0.14971166557239624
423,1,0.09581342074090227,0.15657911174967287
423,2,0.3506341386642111,0.13971888584415115
423,3,0.23457720158776318,0.08857257651492834
423,4,0.14722180903263826,0.01741237108199467
423,5,0.04599754774329057,0.12196267485393042
423,6,0.3080960464302054,0.20409860792194756
423,7,0.20528635591259548,0.2533819449466064
423,8,0.21854841910744494,0.10819727018400549
423,9,0.09521619093402256,0.035170727967599014
423,10,0.010582179723559904,0.11424925303030475
423,11,0.6348872377998593,0.3888684935515663
423,12,0.565788112390492,0.3279646753067036
423,13,0.024833202001740773,0.13973096120809192
423,14,0.322753612814469,0.17990394411654886
423,15,0.04642695981837175,0.11263398682086478
423,16,0.18709939623058158,0.04551157940894068
423,17,0.07202854583315865,0.12193347741135163
423,18,0.23269321141379962,0.1502174432839274
423,19,0.40522737272123965,0.40522737272123965
424,0,2.327127663714762,0.02670020118029015
424,1,0.02518791192135028,0.03197989843944882
424,2,0.2970349601244284,0.3580811780905817
424,3,0.03329437485339737,0.25493302336964785
424,4,0.6283285489666914,0.13715475473335959
424,5,0.05616674199140004,0.06704702191958045
424,6,0.24166701979183625,0.2624545832214755
424,7,0.04506139481311511,0.024657600087119924
424,8,0.3473159069348317,0.34423261069806976
424,9,0.26822297886167945,0.4224598256335268
424,10,0.24149706344164823,0.3516069518659828
424,11,0.021812742955807263,0.1207222706702118
424,12,0.49025720644134774,0.45785932016620334
424,13,0.10329223210883631,0.09012761790393764
424,14,0.09893714750378413,0.2361260624099275
424,15,0.041355792818047465,0.075485756759897
424,16,0.20415023456007253,0.12206074419385526
424,17,0.13349520649701496,0.2197887286746525
424,18,0.022690461063138656,0.15533228494295592
424,19,0.1009757604541135,0.1009757604541135
425,0,0.8956307080368031,0.2762514447723232
425,1,0.1243611349432503,0.04457290919118151
425,2,0.2963513735046863,0.14985965684482583
425,3,0.42144247532511425,0.349140734933159
425,4,0.17615627256584432,0.20515927033537462
425,5,0.27133202164890236,0.2572501412870096
425,6,0.43298868246080335,0.32460425632712475
425,7,0.055886183548198076,0.09239971925364898
425,8,0.43338850701006404,0.29251092307894844
425,9,0.3467905567489922,0.3395293771071701
425,10,0.05785317440257565,0.046676213229390306
425,11,0.26886009458675186,0.20061500444561986
425,12,0.11730033733490597,0.16947882294578065
425,13,0.1510984848275223,0.1280177681417083
425,14,0.025643425654932273,0.026477495446185273
425,15,0.19307340625169012,0.167291007268636
425,16,0.019917548559246434,0.10300641177022651
425,17,0.009459417354402255,0.1508610089747382
425,18,0.28507509197147485,0.2683517995133262
425,19,0.12034030160809372,0.12034030160809372
426,0,0.4878737229838981,0.08519234673115506
426,1,0.3029802219170046,0.2244077506544846
426,2,0.10847581391474215,0.058340070213031225
426,3,0.113644971674697,0.2286787979929068
426,4,0.14640431596570824,0.14305102519978963
426,5,0.103163489869317,0.11893019104645486
426,6,0.11000430942237571,0.0322688981620054
426,7,0.2696097802873245,0.16285914488731645
426,8,0.07743028293556886,0.07523900836964614
426,9,0.06345201864233996,0.30259315180214497
426,10,0.7882241983511555,1.0218267064532265
426,11,1.4055045032489488,1.5828864670605096
426,12,1.7969471150228076,1.6108209740311183
426,13,0.7891304352990542,0.6007647895819144
426,14,0.4957645339601098,0.2551285743984959
426,15,0.24326931492698378,0.3620789887998317
426,16,0.02718373177778588,0.20011706035205412
426,17,0.4533322781428901,0.27915914404084763
426,18,0.31399540698166195,0.24633581595955123
426,19,0.03150991079861054,0.03150991079861054
427,0,0.3534756590205923,0.2137573497283709
427,1,0.3238672683667758,0.11021103488151329
427,2,0.1310672360959657,0.09163208259588718
427,3,0.3140206658296152,0.18111211439294594
427,4,0.2739512128651298,0.35397458751533506
427,5,0.0643278419456439,0.10617981558801004
427,6,0.2483112408983872,0.17371561274974834
427,7,0.039860544000407394,0.027655192388695404
427,8,0.07315827300796407,0.013078901992409353
427,9,0.2662229974872461,0.2688273416335485
427,10,0.22790565358830728,0.37224665363553644
427,11,0.11293465968949512,0.22862283198820732
427,12,0.18688219286452723,0.03564950659630117
427,13,0.2130607021241726,0.12724506799138124
427,14,0.025029412084494496,0.13015943618731907
427,15,0.008250415761803964,0.004809747454767255
427,16,0.044066324216806674,0.026458895961926743
427,17,0.19332784526125346,0.20331823884554812
427,18,0.21439260122767623,0.21533626482045687
427,19,0.25788280586397105,0.25788280586397105
428,0,0.11318780191597888,0.2461040962452934
428,1,0.018967266061754806,0.19742902802331308
428,2,0.022514862011403736,0.001339194008509459
428,3,0.26225401964007133,0.15049207407969645
428,4,0.12006082359398773,0.16408062580680038
428,5,0.32851932724969934,0.3599854892034937
428,6,0.10955010048589253,0.00798404525713714
428,7,0.3501901644021501,0.1633188554232028
428,8,0.06619206403849276,0.15623440644704178
428,9,0.09819937746122598,0.09970741423145046
428,10,0.14999740249998617,0.098209847675788
428,11,0.18921410781650216,0.10114710325457299
428,12,0.3391474838465278,0.22024475018270806
428,13,0.5441412618811405,0.3727645690560113
428,14,0.6009176547824344,0.39915208204999253
428,15,0.1849712165357813,0.11964249665023008
428,16,0.08187724277476871,0.0692618663633997
428,17,0.046246840144803514,0.14362182769700738
428,18,0.3235357624696178,0.1695584257145173
428,19,0.39336469960445264,0.39336469960445264
429,0,2.0718840876992988,0.4226627908737073
429,1,0.36501836437559687,0.2514370187107229
429,2,0.0373394970871157,0.0828403106441673
429,3,0.3900947927000842,0.170786114878811
429,4,0.2645743306154227,0.15741010570355396
429,5,0.04732211369339101,0.13474127779751166
429,6,0.37125296564397026,0.07520306604445004
429,7,0.06261484014271979,0.037928184857834335
429,8,0.1262447325780136,0.03378142605469847
429,9,0.25724731704913495,0.0718093269884097
429,10,0.16221385762569573,0.02081201862406168
429,11,0.05015855189190965,0.08397145745421719
429,12,0.38167567157858606,0.30340781691814867
429,13,0.17148739832631765,0.06469961503131705
429,14,0.20248487425977757,0.19776683952000784
429,15,0.04000453426819517,0.07373723240932462
429,16,0.04652329942951283,0.09910232518634698
429,17,0.2769161383871155,0.2602834942200194
429,18,0.07552573837098864,0.0010419218271620068
429,19,0.05977044454490521,0.05977044454490521
430,0,0.24763108139982215,0.07807452957432393
430,1,0.15131318186633447,0.1597376002699562
430,2,0.014528118207078222,0.1407878709649668
430,3,0.37591925316876296,0.42584109741711984
430,4,0.33749266893670526,0.25041365557957374
430,5,0.017216468142342123,0.11743934698704006
430,6,0.1351368313045489,0.08204793693375567
430,7,0.6264826201098237,0.5225642175636964
430,8,0.010370044725632965,0.05395359295535984
430,9,0.3054363476812636,0.34295180737525666
430,10,0.30648022640373807,0.38828169504484666
430,11,0.23642385124760823,0.2513953651546683
430,12,0.2144106735802911,0.13548601579445219
430,13,0.08777263434881499,0.10102544170187366
430,14,0.40733426224071945,0.2975624797657779
430,15,0.1660615050409433,0.02567383176954907
430,16,0.4354892834276791,0.22686068826236827
430,17,0.14077158902288822,0.19034032771340925
430,18,0.2097018051920676,0.1669124129836015
430,19,0.43800529026082113,0.43800529026082113
431,0,0.8187291737496807,0.5413442414897447
431,1,0.42386832632263927,0.21352281452469235
431,2,0.06094716538388356,0.07964393642013912
431,3,0.24863092090564543,0.4054480211205558
431,4,0.10439022802446996,0.04852683446714634
431,5,0.36631973970163667,0.2070292150903068
431,6,0.003065134110669554,0.056814595551077485
431,7,0.4325603127724986,0.35434050253057503
431,8,0.19224458523098464,0.01680234460040797
431,9,0.2512110021834304,0.0022391974674951243
431,10,0.9154943184004098,0.20038855319574722
431,11,0.07332198830886627,0.3459658841712323
431,12,0.3528494480740312,0.22974203856905184
431,13,0.13225630841272373,0.05168456221192397
431,14,0.08841590174680825,0.1418348210530409
431,15,0.003552484603805972,0.057213428166714486
431,16,0.2711914105892408,0.12611064019435236
431,17,0.04760299280447278,0.206692252711826
431,18,0.3559484294859132,0.18524599789078078
431,19,0.41353606109737306,0.41353606109737306
432,0,0.9353958449294462,0.1745803616945647
432,1,0.00011256615534627201,0.06406143722100488
432,2,0.135088595534131,0.18908522479163992
432,3,0.20149482522910933,0.21885225890480342
432,4,0.11322720548419474,0.15138999366995964
432,5,0.028478609267853727,0.12024540989609589
432,6,0.19869450586191917,0.012057631169587246
432,7,0.0339515093289533,0.04732782276976
432,8,0.10606208318119581,0.0643360478046473
432,9,0.023948457274736157,0.030559547742853965
432,10,0.20154778798384854,0.06926586712328131
432,11,0.2488107267993227,0.2840776973480512
432,12,0.7253999047371886,0.5721663217116522
432,13,0.23057849795992702,0.1792987409679423
432,14,0.037199590277878336,0.13755616812427673
432,15,0.20541930918222828,0.19790458902000418
432,16,0.02859361823825335,0.02472949708638339
432,17,0.2010660838770577,0.11815406730330569
432,18,0.17385157820166697,0.0263447376918009
432,19,0.11659834271361191,0.11659834271361191
433,0,1.4742779165947826,0.3593658109033737
433,1,1.0335940910015857,0.3158800991072481
433,2,0.3427041197486296,0.2323916635908554
433,3,0.5175454732554585,0.19232643881695477
433,4,0.49194436857784707,0.09284300356746966
433,5,0.6437578905014227,0.19002181688637076
433,6,0.31525017953509193,0.23932442162143763
433,7,0.22442763052616987,0.1513829976880814
433,8,0.15544219608476206,0.09183674187249391
433,9,0.11397349359546238,0.19006414512435788
433,10,0.3604308502355047,0.34136367408163304
433,11,0.06666620498732634,0.02952462806675582
433,12,0.03112553403017193,0.2966575203649353
433,13,0.23404455709795657,0.2142012395566315
433,14,0.11071688635096555,0.3063025169662872
433,15,0.11974106231217796,0.009407290544488855
433,16,0.39339945974988577,0.26571712889002574
433,17,0.19716482067629348,0.2358952361940858
433,18,0.18417433366793867,0.16704149942406232
433,19,0.07684587149730948,0.07684587149730948
434,0,0.23154322577971165,0.08333811771886523
434,1,0.09297975626537625,0.04796563833527312
434,2,0.16168025314126977,0.09308283072426882
434,3,0.0646161831074199,0.020867387519654557
434,4,0.12115825206648223,0.018415766372695597
434,5,0.16835180420568197,0.25579422352789116
434,6,0.1150052056655384,0.14093635046208908
434,7,0.10520345994483549,0.0841976117708958
434,8,0.3766971864311106,0.24298650307764724
434,9,0.13444624525993287,0.16266806596162642
434,10,0.13685183385890554,0.2745380895298002
434,11,1.4186794799038918,0.3462870667049476
434,12,0.19115475997330655,0.15799414980636417
434,13,0.29547100296533646,0.2435679760363625
434,14,0.19073388758642906,0.28157525672450134
434,15,0.20760094003192275,0.1559239600622231
434,16,0.3107973846438288,0.3194265720370204
434,17,0.14540927038089713,0.20841848926812911
434,18,0.089019828216518,0.12020982728544372
434,19,0.08888683032709732,0.08888683032709732
435,0,2.5665940145320585,0.4869327743405867
435,1,2.712977926851176,0.5177492326967279
435,2,2.5469467472201286,0.20138214004401878
435,3,0.547913798286217,0.4229509882826772
435,4,0.4842301624911274,0.4210775005751186
435,5,0.28808000778153353,0.3033975230312276
435,6,0.10486760598507505,0.07264453463096254
435,7,0.04884472849558463,0.18595707824310725
435,8,0.29476067979166043,0.17070048224756817
435,9,0.3264085677132531,0.2853702558449651
435,10,0.2656201158970273,0.2829652169924035
435,11,0.16023187569859232,0.2655844118243209
435,12,0.023291972335394817,0.186566665750167
435,13,0.21126155876329689,0.15467578630239043
435,14,0.09252565236694377,0.14361967467731507
435,15,0.4560604868110705,0.2745499423162223
435,16,0.1139018472828024,0.1396140929721108
435,17,0.5771764208392005,0.6143997943987136
435,18,0.30666745892814795,0.3233291254184385
435,19,0.3956170395363676,0.3956170395363676
436,0,0.20315680226650912,0.18591663505860723
436,1,0.1944786354476271,0.11503647483718993
436,2,0.14174399748785227,0.14087242033231462
436,3,0.7407347377073634,0.030177332605486384
436,4,0.16856711851579576,0.10651463814757278
436,5,0.1808037818522248,0.2586621627860204
436,6,0.07507012807919011,0.14488406654296782
436,7,0.22793773867877842,0.27875219773788906
436,8,0.050215907406428784,0.003780227321366958
436,9,0.08384448892462704,0.0654614657442858
436,10,0.04524099035015006,0.061138591985601565
436,11,0.07027291783340317,0.04015679358508084
436,12,0.09566775896221547,0.034145579641945645
436,13,0.2949388157257058,0.10760014008188978
436,14,0.14816237470289906,0.023510579824975508
436,15,0.005458812082029141,0.024175172932049627
436,16,0.26309722376663025,0.3682911440119132
436,17,0.5548957137304686,0.3874068321461941
436,18,0.5325923525787855,0.37556817390547836
436,19,0.6377492045286539,0.6377492045286539
437,0,2.32851455677417,0.25558833232662703
437,1,2.326751284715268,0.24413937988531131
437,2,0.46018439215641926,0.17660312144823642
437,3,0.44482828389631734,0.4801489507597001
437,4,0.2733797002970917,0.35365266404329043
437,5,0.442356537107095,0.36666537598754534
437,6,0.13072825134224253,0.1180247498120206
437,7,0.05771063411076227,0.032084464125831325
437,8,0.07161028863799235,0.1477242237418226
437,9,0.10293730421336011,0.1860815804309479
437,10,0.26354223218011175,0.35012805256567336
437,11,0.13136791356243194,0.14945262714829077
437,12,0.3268703419065462,0.11229565107765271
437,13,0.2685284715661096,0.06896497423362913
437,14,0.084094713626917,0.30545935066887164
437,15,0.1320789326841023,0.3460077042396259
437,16,0.008481715237208753,0.17034611791551058
437,17,0.030704333127061112,0.19266724107295907
437,18,0.27679224731231944,0.36711905237332587
437,19,0.0705776680211021,0.0705776680211021
438,0,0.06526135624837748,0.45013323220208257
438,1,0.4264418600843465,0.13165417317062644
438,2,0.8507950794910437,0.4199379599383346
438,3,0.917145298097759,0.7189634284711914
438,4,0.35644547704660123,0.1699720990774667
438,5,0.3245549285586531,0.01665713951556569
438,6,0.007561252438800459,0.11949146702507019
438,7,0.10362986340591984,0.2494417440252672
438,8,0.06232795165168792,0.03665058030268131
438,9,0.2626786260651155,0.22763828455083868
438,10,0.25804023778781016,0.200978812436015
438,11,0.15765050830565608,0.016876581230662158
438,12,0.0125450970691392,0.07264092424702229
438,13,0.3991918496607765,0.33084105560868116
438,14,0.060305705488535644,0.06276049980295983
438,15,0.1698024172482322,0.04207919403694804
438,16,0.22425254243720127,0.013860685489072821
438,17,0.0702591469428131,0.044421414779524326
438,18,0.3051739778218776,0.2595651089694906
438,19,0.26139143158691747,0.26139143158691747
439,0,0.215934667359738,0.09595871450719251
439,1,0.25401971038533766,0.23561595843020022
439,2,0.088159429370128,0.07022870230591494
439,3,0.1739955715139967,0.009076691474356302
439,4,0.14926239841543598,0.12318057415724937
439,5,0.06072236609457349,0.04031083548847736
439,6,0.14177197485295778,0.009807127908149305
439,7,0.27743923798108217,0.23507038420907733
439,8,0.2836025232073611,0.21887972927148525
439,9,0.16749096730466295,0.10400217282146684
439,10,0.26022828736000214,0.14403980995330556
439,11,0.30422680284679693,0.2781316124413955
439,12,0.15206063002214165,0.12769761899835608
439,13,0.35967308618356864,0.37442237108263043
439,14,0.04147252841227367,0.2505083162792898
439,15,0.06188183323822649,0.19343991001661198
439,16,0.17648839430781393,0.23080042103575416
439,17,0.037454485470773236,0.18284214971815516
439,18,0.15292048295184113,0.17532189178812718
439,19,0.48040172515668544,0.48040172515668544
440,0,0.6700901758511444,0.10589476576799939
440,1,0.5476163789508419,0.36057928252027516
440,2,0.1058638902558835,0.09168445644733314
440,3,0.17923394320966946,0.07172976572844458
440,4,0.16345603525465258,0.18417140034390567
440,5,0.02981406048702695,0.1335703205481007
440,6,0.25184578226759324,0.15362683950645106
440,7,0.3909983574723377,0.2583257551694933
440,8,0.01829572621997766,0.09167693193883952
440,9,0.30210589977700764,0.18242232477567732
440,10,0.3749129583282578,0.40139504471918386
440,11,0.10764440012865606,0.07252759190569336
440,12,0.028043662255200275,0.1111799293092357
440,13,0.7269233783446509,0.7046443110021734
440,14,0.33079735164436475,0.18330089461284782
440,15,0.11183215444261663,0.0034539001873570285
440,16,0.4196697320358993,0.2594786362355057
440,17,0.022390478213291765,0.13883305598038476
440,18,0.024068809866048646,0.11601823418711277
440,19,0.004763146341652202,0.004763146341652202
441,0,1.1866373630957439,0.08034423439641625
441,1,0.34939797624642477,0.0009093056532174515
441,2,0.06483311211065335,0.0003737960241414484
441,3,0.22340829106681737,0.08090656934596296
441,4,0.10308734499450978,0.0031461835571748864
441,5,0.16776193208800994,0.066214290919687
441,6,0.613899426470061,0.4621827543018462
441,7,0.11148272221102706,0.09567406556845093
441,8,0.1655192553180962,0.11345546574122656
441,9,0.512772831753443,0.20703786911197586
441,10,0.4473610162974224,0.29831495034744027
441,11,0.019407507693803172,0.01512612972614713
441,12,0.31137907861970415,0.187250360018548
441,13,0.3206668490135547,0.10367516888058859
441,14,0.08861156055755881,0.07215356247190519
441,15,0.49270577326320275,0.29809010908867295
441,16,0.0823843223626346,0.036204843137198406
441,17,0.302145894553401,0.2593633486859055
441,18,0.007911174625661932,0.08959465055185234
441,19,0.07451369782762463,0.07451369782762463
442,0,1.8768405926872376,0.19674523166729685
442,1,0.021594016001184713,0.07703121396584756
442,2,0.1771368316677533,0.18634286737679417
442,3,0.04185002120030035,0.155106933045845
442,4,0.16553676751152402,0.11050715776437237
442,5,0.33703579016392027,0.1367749950166388
442,6,0.4175764338240988,0.30062433458692706
442,7,0.16196025681569814,0.16026168083724102
442,8,0.3455551215239483,0.3702664973974237
442,9,0.13231888122621527,0.08776633690511293
442,10,0.5595369650592854,0.44883068632162804
442,11,0.22045481752634188,0.13987915384280658
442,12,0.10223551617402649,0.05021588509498098
442,13,0.29921630526932663,0.3740489722978042
442,14,0.3006126039479238,0.21479915258121896
442,15,0.03158269420595339,0.1086193052475446
442,16,0.08068809041358804,0.09734015995810541
442,17,0.008224281087903407,0.1684734184448322
442,18,0.18535853036729488,0.2370410992020826
442,19,0.04781116826610088,0.04781116826610088
443,0,0.2116466790354412,0.1863230096495503
443,1,0.08473700229773451,0.004280343123924446
443,2,0.3830284292534145,0.16357520938632186
443,3,0.15660324988332341,0.24484621021848163
443,4,0.070970839875649,0.07512843555739979
443,5,0.11019026332040127,0.0020019202511272205
443,6,0.15231472957526426,0.09594373100460807
443,7,0.2658518157147487,0.013895361466316203
443,8,0.19533557575799287,0.059764167372381216
443,9,0.028438588607989423,0.12431902587904364
443,10,0.14421394041696445,0.1379706314306226
443,11,0.1285781769119354,0.049607062292662985
443,12,0.11172468968207072,0.07490273326541441
443,13,0.08534711619633306,0.11856857764268103
443,14,0.05971015511169098,0.12121745279695784
443,15,0.13873164628479806,0.05660355581406673
443,16,0.1129191774051268,0.08711215987956411
443,17,0.1074382523872055,0.038718320332438605
443,18,0.04684305685022583,0.08195834088186249
443,19,0.36597253423938403,0.36597253423938403
444,0,0.1067312270937677,0.5312274270102817
444,1,0.03883835358930421,0.052423947292350004
444,2,0.21356232163635003,0.0651988754195072
444,3,0.14230499231964888,0.13593700400926423
444,4,0.03652219270443924,0.067334641100802
444,5,0.01461339479308199,0.16321637209819695
444,6,0.014481007667209056,0.09396500955689735
444,7,0.0744317587090304,0.10168005462397112
444,8,0.13433805488745065,0.24395249663622742
444,9,0.019226609017431784,0.04528661946272239
444,10,0.11713294509384653,0.12207797158599654
444,11,0.14133292291869815,0.06429360268915474
444,12,0.021944653227679467,0.08130363122851225
444,13,0.27992559971162123,0.12121495854979081
444,14,0.0028531125711488414,0.015333741999958406
444,15,0.4381865697512213,0.3715958159379005
444,16,0.5537337337152772,0.49964634784475237
444,17,0.41391630113117817,0.33192320102699036
444,18,0.3579279970583569,0.3355883234377517
444,19,0.608117620828164,0.608117620828164
445,0,1.2851944675492835,0.10306534083760521
445,1,1.9085533665807608,0.15033393796936423
445,2,2.51579895872866,0.16293288920634286
445,3,2.527836771957035,0.13275559133755266
445,4,0.018989168504871756,0.16041106827290097
445,5,0.23555419916525544,0.29917592180589736
445,6,0.1228611789511902,0.10910118984716188
445,7,0.2097980511098516,0.3062567432393495
445,8,0.013496159906985383,0.017658772332833195
445,9,0.20744285512258198,0.018732143901476483
445,10,0.3323406760407357,0.06873799670286918
445,11,0.02552250322284877,0.1744551848773046
445,12,0.005506231274561735,0.05673247371478762
445,13,0.300758491778935,0.2873807295207076
445,14,0.11608309412384266,0.14398677155302142
445,15,0.014418689977696353,0.002550324909667445
445,16,0.39886835309590296,0.4337236386035368
445,17,0.4878983835996209,0.4684280277905568
445,18,0.06889699791613335,0.035908710581653125
445,19,0.1133158087751287,0.1133158087751287
446,0,0.15371824503155462,0.32978760187208866
446,1,0.2943444799904329,0.054424828745057496
446,2,0.1845424301625771,0.11310772868373764
446,3,0.3159306635488752,0.4789604062408408
446,4,0.32815631088559183,0.3076661083134762
446,5,0.35661288330612706,0.10363405344371257
446,6,0.10037363026556267,0.11237259639087371
446,7,0.198993648665291,0.21291463464730764
446,8,0.16939791224060263,0.050193543275238284
446,9,0.20515646159131684,0.028304797719534758
446,10,0.11424052502749049,0.16575392851740567
446,11,0.08250304292255706,0.06033574730054614
446,12,0.09775101349327375,0.026240785694819913
446,13,0.19275722276573282,0.08829330204098618
446,14,0.3798056686967062,0.4563830079010498
446,15,0.02475575159560739,0.17354147560997557
446,16,0.07866143062213737,0.11496290630651007
446,17,0.1311731174454649,0.08573267776813287
446,18,0.22282056815224838,0.3010994711076913
446,19,0.39251309863710837,0.39251309863710837
447,0,0.024069487433861614,0.14746038067396405
447,1,0.611244670888631,0.591331102481452
447,2,0.1680888056765344,0.05021320908913962
447,3,0.5530210569296052,0.4550939118417654
447,4,0.6121322172214985,0.3990660593042019
447,5,0.1262918884875175,0.17738373838164545
447,6,0.10395593858948082,0.1708381778445336
447,7,0.31537546891891033,0.2540007161436302
447,8,0.1850588578964656,0.16306012467036446
447,9,0.0288058660458832,0.11807255903952996
447,10,0.08914624977423191,0.10182192750967012
447,11,0.12024920700051744,0.010522334042144976
447,12,0.15609845343505402,0.16533224134942692
447,13,0.09299314915078494,0.12139353931629593
447,14,0.2061974922130272,0.09236210861913996
447,15,0.4060640487969591,0.17417186624496495
447,16,0.3628798665674067,0.33607259980747894
447,17,0.059217331888644864,0.2591953440541781
447,18,0.010653356792138524,0.1593210336935349
447,19,0.1813437337727577,0.1813437337727577
448,0,0.23981702776756064,0.02392186477906444
448,1,0.2218386155362584,0.23247544723543223
448,2,0.3811876832832497,0.33908139588126707
448,3,0.22312996345620784,0.185686000741756
448,4,0.1752186226802932,0.03997546667549301
448,5,0.38061011841179715,0.29826826095854386
448,6,0.25830585109261195,0.37328760476892464
448,7,0.48308236365574153,0.3450761123473196
448,8,0.1345437201038906,0.005943162815388092
448,9,0.08704462773824906,0.018383021356799478
448,10,0.3039157436437385,0.26448738390766424
448,11,0.00269311353331414,0.006527843465354621
448,12,0.22224752735602005,0.22324418449857486
448,13,0.11153209790339957,0.046361935973183055
448,14,0.053102691413011716,0.16848900366468822
448,15,0.15023013998453205,0.1318501070515703
448,16,0.1601407285090657,0.023183036691521774
448,17,0.23670260368281903,0.36307264730938194
448,18,0.17046227872033448,0.195742594263137
448,19,0.2784192807527872,0.2784192807527872
449,0,0.11293660770237857,0.04477800023667067
449,1,0.35108962201988714,0.16553703139296783
449,2,0.2483941763642079,0.15545799500338742
449,3,0.044217137499340975,0.012237920971536642
449,4,0.08862170258170776,0.22827741173192262
449,5,0.32792390035943697,0.29561698475256826
449,6,0.1887884597974625,0.20942854944477762
449,7,0.0695747455246929,0.11496163236190426
449,8,0.016452344863485457,0.0672665803212622
449,9,0.24936062106736845,0.19649576078076914
449,10,0.04696049459575713,0.10128827462683088
449,11,0.16293530143558055,0.04747882454887575
449,12,0.20650849261928972,0.058129020028194756
449,13,0.2869719414363274,0.29996169181648114
449,14,0.36781209822339633,0.24710581179670932
449,15,0.0678100076941357,0.0030974753263666166
449,16,0.21044684792246482,0.09482950706017323
449,17,0.397534564730015,0.438043971027656
449,18,0.2240355554868696,0.33755547794224894
449,19,0.26178718440023596,0.2617871844002364
450,0,0.6650719430407683,0.5435892834462486
450,1,0.12915398569089742,0.020572614990308047
450,2,0.007121257706518058,0.06806404527543197
450,3,0.1988524727690919,0.03781902774402646
450,4,0.1620567379669433,0.10346854282739049
450,5,0.4623460340603227,0.19530244601389057
450,6,0.16241033806571714,0.06464295288120159
450,7,0.016993087700225562,0.07078164828694566
450,8,0.21549670804725585,0.33580182943414094
450,9,0.25578387731911834,0.34281006138389714
450,10,0.030698882258109794,0.2374537656888176
450,11,0.3196991848158808,0.2193571620979995
450,12,0.32399880004226933,0.09378587912274927
450,13,0.22313963226130706,0.20805722210552036
450,14,0.06822180117467269,0.08826092270165864
450,15,0.2686576651882979,0.2792726304289035
450,16,0.03971159497875432,0.007124247092769487
450,17,0.14738681114597885,0.1359276203968962
450,18,0.287589642001731,0.2141828530870784
450,19,0.15562593083481469,0.15562593083481469
451,0,1.0929849772376796,0.25579110795824445
451,1,0.36443524428429264,0.1563567780385009
451,2,0.42683985108057776,0.06859617969487175
451,3,1.6692457210891174,0.1768186608273874
451,4,0.29139991030898704,0.23916034672360187
451,5,0.06882888437268786,0.08201608851057562
451,6,0.11713680320232855,0.07949128680392059
451,7,0.8474270341644767,0.7580792109358017
451,8,0.48104517924198786,0.4148269073184996
451,9,0.42203137767314836,0.3516724478988813
451,10,0.020428840846619778,0.10807789529329259
451,11,0.11675257174229792,0.004255434002184977
451,12,0.18578617140913645,0.09015243230174974
451,13,0.4769884091187908,0.4580758849923119
451,14,0.6796452966544497,0.5600758841677194
451,15,0.1796975767458484,0.15554898265602057
451,16,0.5137052012944046,0.3867434978953894
451,17,0.35176462209189374,0.33391386069283246
451,18,0.12968230348868115,0.11642238535725458
451,19,0.1091985009487999,0.1091985009487999
452,0,0.7222216924340961,0.22072873600174248
452,1,1.7849001318868956,0.0826502156878135
452,2,0.06495087650675746,0.05595709317719244
452,3,0.09829611617347744,0.15919838811304032
452,4,0.22386612551971918,0.17550941265616604
452,5,0.12271004829209975,0.04476965290865387
452,6,0.23557021994903682,0.19064222570211786
452,7,0.29142568392461676,0.28901851132589584
452,8,0.4680674162049705,0.37831404009159897
452,9,0.36439617122275436,0.3130560555912867
452,10,0.09421219439839446,0.05951626455249048
452,11,0.060000401544829884,0.062119901471740846
452,12,0.3932793838246784,0.26448102549863783
452,13,0.3744716268616788,0.23431982364832749
452,14,0.17752229417332543,0.04487512761678225
452,15,0.12757640090287037,0.12212709038329139
452,16,0.28898362245695086,0.050756633533549866
452,17,0.3451799414957728,0.03719191833635804
452,18,0.35096931563153433,0.20530970823082617
452,19,0.012604151611178338,0.012604151611178338
453,0,0.3227669689968069,0.01166022001869127
453,1,0.12219591041711819,0.2648214586018556
453,2,0.23750347780570102,0.09755311750440576
453,3,0.12735330257909272,0.012350381093685137
453,4,0.18878460436771416,0.09698354978078161
453,5,0.14926969676548651,0.5688271410894861
453,6,0.2598302319573622,0.18151246241678187
453,7,0.16654387970574724,0.4331807160464116
453,8,0.04139510077104358,0.09684811265693494
453,9,0.027797087156738343,0.030420857459947825
453,10,0.1215592080193959,0.10035575306484779
453,11,0.38719216869432316,0.1930243467685946
453,12,0.4883726925633316,0.44500052463143636
453,13,0.058515378331101875,0.24743156387037502
453,14,0.1502563357463491,0.042011331709959965
453,15,0.38094777673432567,0.14036145060178296
453,16,0.09408453809262252,0.03965605522602944
453,17,0.057716851994421337,0.12308920206459062
453,18,0.19219060417984846,0.034517452611082966
453,19,0.19521115434493552,0.19521115434493552
454,0,0.32132115671432704,1.8823122743326124
454,1,0.24057314364840376,1.9190696808079077
454,2,0.42614277163508874,2.710392682724521
454,3,2.7265213952309004,2.571618563646373
454,4,2.1753396889307464,1.7899064103781726
454,5,0.7482870196617082,0.44729009091229965
454,6,0.6911190586514646,0.4725304352321227
454,7,0.14765560478589101,0.09384798749669132
454,8,0.11463031071715957,0.06554699876404779
454,9,0.01966700248793085,0.21845487310775713
454,10,0.1791125553457098,0.25110707363051743
454,11,0.10186936780540279,0.13242059483276947
454,12,0.011334034955313932,0.24834197189013896
454,13,0.24766610507029085,0.19179034114502524
454,14,0.20252162753000214,0.3367777940475878
454,15,0.19788968354049974,0.041982095368612526
454,16,0.251303931184065,0.35457108693371353
454,17,0.060146679037489825,0.10143353587872106
454,18,0.13167421202817575,0.04090500269945263
454,19,0.20445354065120735,0.20445354065120735
455,0,0.5173259331183204,0.2547726256312961
455,1,0.37502911352467017,0.18115653883942562
455,2,0.4511384110237451,0.3547255741841333
455,3,0.20563796583556915,0.004868152815291182
455,4,0.09159904663022322,0.005266720213949583
455,5,0.07985682555594797,0.1640140143931621
455,6,0.012768386715330315,0.10448961572632998
455,7,0.1445925463179858,0.026102837721678984
455,8,0.14692455295099283,0.0012648282318936666
455,9,0.059724068858054036,0.1732779581124011
455,10,0.33996157425502815,0.23115873173717372
455,11,0.055203606646407444,0.010714558096553084
455,12,0.03418685316339953,0.08120736532709216
455,13,0.32458326571783314,0.2973638158387706
455,14,0.2849934658827449,0.17755168505262553
455,15,0.6285329107555482,0.4217829605905816
455,16,0.029276493033000506,0.10802483498394722
455,17,0.188123822687996,0.15705376713846153
455,18,0.36612029619045927,0.33137302402596447
455,19,0.19552023203715407,0.19552023203715407
456,0,0.3654418336525733,0.27221000190138245
456,1,0.042998356696113404,0.029849071257096682
456,2,0.26849320674123955,0.27243873055816437
456,3,0.08576143587609852,0.31978275131692246
456,4,0.25279307542066753,0.05133518394635672
456,5,0.029485016653973517,0.06063109512618503
456,6,0.17712704600778295,0.07689616226194973
456,7,0.5070869239827536,0.30488885970793733
456,8,0.10253637781456248,0.18034117396611515
456,9,0.0029923278818921872,0.027587951434662195
456,10,0.260108019514921,0.2583717921022184
456,11,0.2359496714001179,0.20913260808851408
456,12,0.24338607522006495,0.036047273155555004
456,13,0.1951411056604604,0.18957135881159815
456,14,0.10761474268026161,0.2399633343898877
456,15,0.8872939007679932,0.14353702125506507
456,16,0.5812332480318769,0.3207261661112115
456,17,0.030879388046494594,0.15121976831370798
456,18,0.1623577668023728,0.15311893712537294
456,19,0.06294870101322214,0.06294870101322214
457,0,0.431219317098539,0.06713460428772855
457,1,0.22831009901325672,0.1390460873213124
457,2,0.07846989810771454,0.14197218642773368
457,3,0.1239512789241024,0.18146872095295485
457,4,0.07014633261772385,0.05339830282657054
457,5,0.18151905992115003,0.15335915034384717
457,6,0.18127037329838736,0.01770532044532125
457,7,0.08639668389690769,0.15495187931358334
457,8,0.25323614160410024,0.2569396084095317
457,9,0.10327479658456795,0.023742884106811246
457,10,0.16888793289781745,0.09350142699562092
457,11,0.13981812064527954,0.04873515085864355
457,12,0.1813308790289021,0.006307542542179689
457,13,0.4246447230130861,0.2727313817809507
457,14,0.3641697915554518,0.14629281456063215
457,15,0.33242521158682825,0.2460527672653119
457,16,0.15225838920542367,0.17315762098748477
457,17,0.060655952742119545,0.00961723549843363
457,18,0.3372886131966015,0.3092544898333309
457,19,0.16192506325863665,0.16192506325863665
458,0,0.23344790412494598,0.08667205008289791
458,1,1.3785348582120598,0.10916568045846775
458,2,0.5420778809622737,0.39099111138720577
458,3,0.2876015410875583,0.19029049779670348
458,4,0.14984128034266053,0.22315478211086948
458,5,0.11818685690442976,0.12683671156908716
458,6,0.2230171968796606,0.19206948989749373
458,7,0.10674788643333732,0.05994488517718066
458,8,0.3015864832461195,0.18851211970457094
458,9,0.14753615018225474,0.06519867524555334
458,10,0.00648676611250476,0.12853619770680247
458,11,0.2501288724520885,0.04483435273396097
458,12,0.7205935632246616,0.2876363074207884
458,13,0.11120886588714995,0.20541010037448615
458,14,0.2843021805644135,0.10258611757828628
458,15,0.03895023649000606,0.24971017746989155
458,16,0.199822616989338,0.2255094629758192
458,17,0.08882019002636632,0.16621068195084554
458,18,0.15035530626936033,0.20677190869944084
458,19,0.17130708795606608,0.17130708795606608
459,0,0.3091084209975987,0.21578041379310875
459,1,0.07258340772635385,0.026877743241827012
459,2,0.018982944854796457,0.03300666022570198
459,3,0.24868525569224254,0.09783182989920647
459,4,0.28820429933354497,0.16751697993525916
459,5,0.0043522456142275345,0.09219477044763646
459,6,0.19395597842021495,0.1295324058452385
459,7,0.484988455294622,0.5738707677809831
459,8,0.20873339939963298,0.030194026555495412
459,9,0.6187993919306312,0.058953499744797355
459,10,0.08870446639634633,0.06349530836622197
459,11,0.2848890370514017,0.19351277128351096
459,12,0.4696425190496054,0.30876807694242636
459,13,0.006493037241604327,0.1569190674285732
459,14,0.05967796301735717,0.24971490372111127
459,15,0.2799595671535071,0.3055852351865207
459,16,0.024212583200664994,0.13062451289527477
459,17,0.17082522659974053,0.0742911200934504
459,18,0.18377361221748068,0.10134099556568188
459,19,0.04414957600346181,0.04414957600346181
460,0,0.8325264732057658,0.07491908612409137
460,1,0.35137651145162074,0.19829630513753926
460,2,0.09135596801881629,0.3022850446609562
460,3,0.31673331556166406,0.3333090420271043
460,4,0.15857921881450077,0.07328063476581459
460,5,0.07326623764202367,0.21411880292406593
460,6,0.2643657535552384,0.09512190863535075
460,7,0.09336802960797552,0.055166127958117706
460,8,0.17140898039847485,0.1822632583338235
460,9,0.047565435555653846,0.0701178366182158
460,10,0.1748912185140794,0.09290714811678669
460,11,0.08196790007530375,0.024130402475563528
460,12,0.007992930491684369,0.0544905205775188
460,13,0.04572369820779487,0.03026762382766135
460,14,0.011164230456307322,0.03347978691782494
460,15,0.17389665918733455,0.21641078672993386
460,16,0.41095993873319614,0.44837552239137013
460,17,0.5457277647438894,0.3748258948481893
460,18,0.41559775010426625,0.29361890341929264
460,19,0.30613380787843436,0.30613380787843436
461,0,0.03328539889890614,0.48187963410924173
461,1,0.021227119874371425,0.0621686174987115
461,2,0.2430506377955366,0.2511952367275292
461,3,0.19981214843161066,0.15458562290880806
461,4,0.05876712116439453,0.04880532098553836
461,5,0.04677949249776425,0.057299473220567165
461,6,0.0971386016028144,0.05115523446094983
461,7,0.100184256997502,0.28871398486650257
461,8,1.1085359293613903,0.03681611640775451
461,9,3.0788792519875843,0.41125095454917737
461,10,0.4863070624115675,0.08518623637193201
461,11,0.6997831629565372,0.6262752696476106
461,12,0.048317122807459256,0.0906891663074525
461,13,0.14340381744531072,0.06210592355771549
461,14,0.24823085562510716,0.20824691350754687
461,15,0.11493877909149397,0.07829058786560328
461,16,0.47075683261093904,0.5352292784388055
461,17,0.07122264362637676,0.25796095140392694
461,18,0.16416555818579948,0.007421901014271093
461,19,0.02959912922213359,0.02959912922213359
462,0,0.29248210181068135,0.010941831934318635
462,1,0.01972680541592453,0.08834293713023111
462,2,0.11408357527028112,0.19298473503219693
462,3,0.08593170729142052,0.025709921495799648
462,4,0.05570935895344409,0.09375028943281194
462,5,0.0433357896799027,0.08722142796070464
462,6,0.12147923638112079,0.11431055409383273
462,7,0.2114026352402414,0.09504837902071728
462,8,0.047246979393666066,0.11099714949074624
462,9,0.373071708453554,0.34466469752324436
462,10,0.19388671445752248,0.11599478173886002
462,11,0.14271342964558098,0.07822226544959143
462,12,0.13549203968932044,0.006490039126820335
462,13,0.003763677367771834,0.10771562462779105
462,14,0.1251733496798355,0.1609952919707318
462,15,0.39229209490716954,0.4322661646504091
462,16,0.0004318464838508618,0.1341278227160414
462,17,0.05057248455025665,0.004656112126732559
462,18,0.09658345680084501,0.00824212040894956
462,19,0.10610340072909619,0.10610340072909619
463,0,1.4609538983296386,0.0196302307180245
463,1,0.3188397335455777,0.22869057274174276
463,2,0.008453218361950121,0.09093115181459144
463,3,0.21363396921450217,0.26771562254156267
463,4,0.1998469261202933,0.07821850971593225
463,5,0.1110676716449861,0.010383334089742124
463,6,0.04056619574696807,0.24650923056511376
463,7,0.4407276311541959,0.4709084958178682
463,8,0.015616884028433198,0.1529217344337126
463,9,0.05247932037227798,0.16507489316168122
463,10,0.3411400355526961,0.3780574076333645
463,11,0.36785826957617784,0.3519702606306514
463,12,0.06880489682721702,0.15358952802774084
463,13,0.5512763716114897,0.372307664392614
463,14,0.14717312520685333,0.13812781959695375
463,15,0.3964046353934205,0.22649907503576738
463,16,0.09576699955994616,0.22632168298759403
463,17,0.049553876209841974,0.09540377547419521
463,18,0.34843704145379606,0.4392708202640705
463,19,0.2450119266902404,0.2450119266902404
464,0,1.2481033412227698,0.6032104789661927
464,1,0.7108754692363624,0.35390350290583594
464,2,0.1906712347132995,0.12379784772383484
464,3,0.17666177063171817,0.2450306418864594
464,4,0.24259607853367804,0.1239527173820445
464,5,0.08803742046931395,0.3468643970524834
464,6,0.08548990957730229,0.009067600658267505
464,7,0.26655204195058735,0.20928565459106085
464,8,0.22116751457921735,0.3019070697170605
464,9,0.24240144437582556,0.16547902355555433
464,10,0.23153205800544097,0.09701146249558601
464,11,0.315592956546507,0.2608321420942503
464,12,0.09760466365330256,0.1184737493535013
464,13,0.09548542405832494,0.15403899589145897
464,14,0.11706534271769309,0.09712083337483257
464,15,0.13234795710011227,0.18652235394123817
464,16,0.04163757277076385,0.04080657417137212
464,17,0.3242255983821023,0.3008435282560886
464,18,0.18173336915419203,0.1822047080377862
464,19,0.07828687637365217,0.07828687637365217
465,0,0.9777962524910326,0.25972160529020627
465,1,0.26163664731913405,0.23944550629396977
465,2,0.48186642377717437,0.017742548563306038
465,3,0.32833665674914947,0.018443410641814317
465,4,0.6586950873682484,0.29687711950911666
465,5,0.5671310225116084,0.2028952602868812
465,6,1.2113194965066896,0.2174550096176069
465,7,0.615628410188958,0.34880010507855186
465,8,0.14496752906270238,0.06859303239051329
465,9,0.06858522846625226,0.014591566832906633
465,10,0.14465671228249954,0.02839398024694484
465,11,0.07611447873890587,0.006158255733945683
465,12,0.004881671110537944,0.043775550829360466
465,13,0.15431402512715175,0.12320589910921154
465,14,0.08873390739374765,0.07678824018772179
465,15,0.24092207228380635,0.16531620235140387
465,16,0.24780104761336297,0.1537273821567453
465,17,0.25467245583647546,0.06124371492727354
465,18,0.3691561125516154,0.20803893654319117
465,19,0.03724742256131375,0.03724742256131375
466,0,0.10653765636618218,0.12859436688115622
466,1,0.10574079267233127,0.11688561977703582
466,2,0.2144849348034592,0.06856620727978235
466,3,0.047510277469902995,0.1572434586526814
466,4,0.09714528448939497,0.034501373296697224
466,5,0.0749468928426511,0.05938193511481771
466,6,0.039598860493826216,0.15494472339157683
466,7,0.3690881598675273,0.3210865281806692
466,8,0.31976186012696495,0.32625414166146083
466,9,0.027599974661731252,0.003221609056649477
466,10,0.5052272206733015,0.28942746141339804
466,11,0.34323151797741724,0.08770247931698938
466,12,0.5297504116045926,0.4288625405282507
466,13,0.17757807655729074,0.25906107029411274
466,14,0.2094940251779276,0.2127317409374072
466,15,0.08488371133259154,0.2358913137681986
466,16,0.09545929427301392,0.0409879306625438
466,17,0.12092444837108207,0.036587782076422215
466,18,0.05133853374572084,0.07869612212686672
466,19,0.09773977954695034,0.09773977954695034
467,0,1.6986879965052815,0.23869428792879432
467,1,0.2535434997285213,0.2801909186245082
467,2,0.015921954274498162,0.03095178899763873
467,3,0.050183554996963586,0.06544802491668911
467,4,0.05911801786424764,0.18272679140176518
467,5,0.008954489600931481,0.10417805489824783
467,6,0.10581746176543216,0.2312202494317983
467,7,0.8037921278146207,0.568341913287334
467,8,0.1803097712924835,0.2460915839589033
467,9,0.25762013564831676,0.31358389704476775
467,10,0.5894529727434481,0.399051491972056
467,11,0.21607379281050054,0.14067755997815823
467,12,0.3449494855902433,0.2871476228603509
467,13,0.18991763659473637,0.13507443637644112
467,14,0.3158807207577743,0.24877551114341223
467,15,0.007239307973368803,0.23553130839318026
467,16,0.3694601433315885,0.3443898252528399
467,17,0.12785531491245727,0.23752989462999352
467,18,0.034039740027201226,0.03951132047530326
467,19,0.06180753972824515,0.06180753972824515
468,0,0.0006145225054101644,1.0146583593439331
468,1,0.5993100218961551,0.276406490912386
468,2,0.014462241888672622,0.21495784840601573
468,3,0.5001003238588524,0.37051039001688935
468,4,0.2665594548884411,0.19697061526364212
468,5,0.2892317639497244,0.2646683892058701
468,6,0.10799790370933993,0.08921978134736985
468,7,0.11007189269399031,0.06888749314578746
468,8,0.4856164210898313,0.33400787395869314
468,9,0.20329022076141,0.020925746206624574
468,10,0.43842787183260645,0.2638699155002886
468,11,0.09938266682757746,0.06529591957368819
468,12,0.01944121463290438,0.07152288818068975
468,13,0.029963467350643036,0.019103865054501235
468,14,0.44181491288804775,0.31687347823208567
468,15,0.18323603475514805,0.0933206159280382
468,16,0.3069510330372687,0.3065177634305698
468,17,0.1968236797560432,0.22471679940830835
468,18,0.30762383215699307,0.11923031723888489
468,19,0.062146273285279996,0.062146273285279996
469,0,1.1420252625612748,0.3120457246217381
469,1,0.2831247744178187,0.0852681486650102
469,2,0.27015520815652394,0.16721036749298523
469,3,0.35252216592947994,0.288294446778933
469,4,0.39253272228272706,0.23030232132069495
469,5,0.0997684660503606,0.05709743461689287
469,6,0.08430388081394291,0.10801492547716629
469,7,0.3307802233254993,0.16838840998255655
469,8,0.16233022040234912,0.13492701660533024
469,9,0.4428192144562768,0.31915340582202756
469,10,0.18791103212846938,0.0775213039660505
469,11,0.13601404119036875,0.03747046986728142
469,12,0.3068573617790453,0.418084074585531
469,13,0.182009949548827,0.019430624923113538
469,14,0.1427569476024635,0.005277677478543907
469,15,0.30674429328187447,0.027270885928053712
469,16,0.2356615301873335,0.10550018070131273
469,17,0.5165207108810841,0.367591584111032
469,18,0.22088787025903311,0.13794842982393263
469,19,0.44171583526669655,0.44171583526669655
470,0,0.6686111495823557,0.3744501610799422
470,1,0.20494021895499115,0.04917403742414317
470,2,0.1473663367222282,0.0566031334774193
470,3,0.348520502876263,0.4329014522896135
470,4,0.022336091046722295,0.02880587691387948
470,5,0.004260776759766216,0.06669789806504145
470,6,0.031877805969781736,0.08574764572427984
470,7,0.24073788332774448,0.2769045918373183
470,8,0.35568971512018255,0.3125197949910703
470,9,0.2613656306845389,0.2730955154985102
470,10,0.22900180458339436,0.03858333313879392
470,11,0.6540194489356779,0.37997642230079487
470,12,1.4162752006279362,0.013084446767276603
470,13,0.058392025928000635,0.029681440516561075
470,14,0.11024876032537989,0.020619230998311977
470,15,0.1654668442947127,0.05581450880361416
470,16,0.3684955271087498,0.20600599492809213
470,17,0.22638414292330378,0.08322446139322448
470,18,0.10654470713780739,0.011649896387238456
470,19,0.0610972769921414,0.0610972769921414
471,0,1.7989019205273875,0.10788249605205902
471,1,0.3796191894090777,0.1623639836936004
471,2,0.507024657999926,0.32299464354239227
471,3,0.3033944827682271,0.16045258780812777
471,4,0.22509574000365173,0.05786917517855983
471,5,0.15776923522806996,0.21111118453050093
471,6,0.06016469358733323,0.040174816564018556
471,7,0.17538672229232954,0.17514087637742826
471,8,0.038657784706352505,0.013531934025492909
471,9,0.10523929003712906,0.03514399431759241
471,10,0.3775139517466286,0.30904396338999085
471,11,0.189517746338276,0.20568175782795617
471,12,0.007631892775743054,0.1006485509112256
471,13,0.30031209504261813,0.3452443829666336
471,14,0.2741434610670872,0.07780911048963679
471,15,0.09314170690196466,0.18899945329559653
471,16,0.05047298907233211,0.10849380513254658
471,17,0.2231020566848243,0.09975518048411569
471,18,0.15073518208296832,0.08708464571921448
471,19,0.29135826729967107,0.29135826729967107
472,0,0.2565862225595783,0.028294169663372948
472,1,0.32144406195771236,0.1449528685226582
472,2,0.20991786853814443,0.004228071791950949
472,3,0.16166304583668367,0.30512483463182116
472,4,0.058827906777285666,0.009878085295726091
472,5,0.22709573424506813,0.14999329793938854
472,6,0.1761797225029169,0.23757653969617376
472,7,0.0681966761031001,0.024334440789978373
472,8,0.1403867208490701,0.10735381276226619
472,9,0.2244567694180799,0.20118415995193528
472,10,0.410659389467245,0.2758144803371625
472,11,0.27592795302889295,0.20801778708278418
472,12,0.12307801485791092,0.11902336129638247
472,13,0.2383340942099963,0.1473232026372786
472,14,0.008974140896069294,0.10344536124207426
472,15,0.6316245686518389,0.5298546342469814
472,16,0.24313544862823822,0.2358895029437429
472,17,0.0229371855164473,0.018961369950236673
472,18,0.21761757910113122,0.13150426097570822
472,19,0.17009028558091188,0.17009028558091188
473,0,0.08871539725593447,0.16141750992035053
473,1,0.10745537236629943,0.05000049100526027
473,2,0.20470179958466517,0.06454160045093182
473,3,0.08648807488629728,0.2217206184439009
473,4,0.10386770587384309,0.03696238099873028
473,5,0.00687692391339656,0.05025209198389957
473,6,0.18766050881881569,0.2074689201122184
473,7,0.16084868984672607,0.18126550066596447
473,8,0.15011454955549697,0.16372687205061354
473,9,0.1767095978648947,0.11377486388375102
473,10,0.005931688574270844,0.1643467050740388
473,11,0.5200888885689485,0.3882380678308657
473,12,0.31322569861243466,0.2595823713765464
473,13,0.09489007899477464,0.08304550333525018
473,14,0.18678732245755292,0.3079835249500036
473,15,0.3558195085769045,0.31947245253126333
473,16,0.13056451988924067,0.05339697365073892
473,17,0.21044080681456379,0.09992121086306138
473,18,0.5086882043449705,0.43866347140426676
473,19,0.7093242332188234,0.7093242332188234
474,0,0.39912574017433045,0.17036572875654965
474,1,0.0656342714003495,0.06736535737721372
474,2,0.11947454290050352,0.1718784131184128
474,3,0.2553040008270351,0.315724897904226
474,4,0.20103208187722554,0.03642053993287053
474,5,0.12296694700751587,0.009548199193445406
474,6,0.28718279366568034,0.10052995049759383
474,7,0.288294757968246,0.17137618895933748
474,8,0.09286276306775054,0.0190179489465363
474,9,0.1455418005211575,0.12736130321028316
474,10,0.1255300270648645,0.2204994862498495
474,11,0.021286561075494426,0.13181076098541755
474,12,0.2536063929775274,0.2420865180121865
474,13,0.31472230245400645,0.36453469140123396
474,14,0.05987974694408127,0.163899439029084
474,15,0.009981450044405094,0.4355171886937512
474,16,1.0829716229841342,0.03336933063248537
474,17,1.7522594491459191,0.010725096718767979
474,18,0.14589998477733523,0.07565828809163566
474,19,0.02705748234529093,0.02705748234529093
475,0,0.12720868846059297,0.1915880332517439
475,1,0.1475097592137784,0.2525462926398525
475,2,0.15657213901709532,0.17779172414314104
475,3,0.4059667709214967,0.23525413367534398
475,4,0.4323419332796896,0.35659148140618724
475,5,0.6186972799752475,0.6927595934542783
475,6,0.07088923128224778,0.0724421540509339
475,7,0.024777546567827713,0.0004612938044625814
475,8,0.4080757394869883,0.3826466421602337
475,9,0.01808163257313744,0.10267247680595082
475,10,0.09470764107261243,0.1819329634051452
475,11,0.11719889589656685,0.043383510659256164
475,12,0.21721328805775153,0.18076828109170906
475,13,0.0955727907966919,0.1250801265160577
475,14,0.18742100213528223,0.17149284819113486
475,15,0.04331579745043035,0.14151385349175882
475,16,0.2736518071536542,0.07051123387971892
475,17,0.5032319587370631,0.3715636076891391
475,18,0.04912089740100001,0.002229132869427719
475,19,0.17683409022437413,0.17683409022437413
476,0,2.0516639610599166,0.17868811237459115
476,1,0.312306488314519,0.05688543500451937
476,2,0.5581199590149741,0.39886771506002416
476,3,0.38282298433469153,0.46020772341556127
476,4,0.16336958189504536,0.12606087610739536
476,5,0.20688010161614478,0.14596702312095156
476,6,0.29040854206072186,0.2558103352002008
476,7,0.04179293841479925,0.03906460686959967
476,8,0.03814399848399974,0.04804833938154518
476,9,0.0463294835890955,0.10590905186922894
476,10,0.19638816676274162,0.11912763235754653
476,11,0.14016407993821822,0.2369163716853424
476,12,0.14028280365322177,0.04361921128820079
476,13,0.14021349888674628,0.12900332170379247
476,14,0.779184935045425,0.600042988799518
476,15,0.2299649042457701,0.09830213093279339
476,16,0.036913221206100744,0.020427481046835894
476,17,0.03089113884941108,0.020602685879293148
476,18,0.06547963749758878,0.016068324902457576
476,19,0.18931366525851745,0.18931366525851745
477,0,0.1106252401090142,0.12117409766801934
477,1,0.6899469108404235,0.3827498056984222
477,2,0.2385128568525161,0.22681450299703076
477,3,0.07404755490431114,0.033097102302665604
477,4,0.11642981801570684,0.08834267515595595
477,5,0.12701932043509512,0.08275086148754607
477,6,0.6942215064495021,0.10476932958755514
477,7,0.3717740111687844,0.39961587235055074
477,8,0.2862989536083993,0.3983535723866525
477,9,0.2000536616352253,0.3029079376052106
477,10,0.2669614230459523,0.23760802666738723
477,11,0.060014751611974226,0.08848890026235878
477,12,0.14297560419075506,0.16636560295706015
477,13,0.17882935582551074,0.09085866796146469
477,14,0.14886882713661365,0.04441644924060828
477,15,0.2914196786296692,0.15134396498602332
477,16,0.37981214463652435,0.2673051175610759
477,17,0.4574141177655111,0.2962294494865354
477,18,0.22868353583615697,0.1279816383794774
477,19,0.01567713314945074,0.01567713314945074
478,0,0.30884313427086285,0.3438372500303819
478,1,0.2805136526606855,0.435380840015295
478,2,0.1622358695521724,0.2846863585461934
478,3,0.3934242788942681,0.3937549528974946
478,4,0.18531101686616225,0.2112667860014863
478,5,0.07929743019113467,0.030248290440891168
478,6,0.12768501223445838,0.13931057200935015
478,7,0.016638350777115285,0.11238689552921155
478,8,0.0803607322597184,0.14645404645627913
478,9,0.21221000286970426,0.15352533591331952
478,10,0.17505026823042336,0.08687286202055056
478,11,0.08350865266035079,0.11125780513879402
478,12,0.09057145292454027,0.14231356748039037
478,13,0.495257457431304,0.3939739892193712
478,14,0.47224446250081,0.4478650377086648
478,15,0.21379895764219636,0.18583779008727053
478,16,0.08043040010228264,0.013382974023684824
478,17,1.2020337838032802,0.3632558369742842
478,18,0.06003957459797071,0.302613225455274
478,19,0.2561068741141588,0.2561068741141588
479,0,1.5588517836500868,0.5032658987428915
479,1,2.395431871084713,0.2670306952696855
479,2,0.8290875126178534,0.3603996795659201
479,3,1.282621322916202,0.09245858035395749
479,4,0.039141101465342665,0.004895032773943875
479,5,0.08222359628216314,0.08240596031478553
479,6,0.029967964808528258,0.00881446918617712
479,7,0.02579782001162556,0.08434738330452207
479,8,0.10387133529858783,0.09082646800514738
479,9,0.28503366958622367,0.47278615070089147
479,10,0.3899947246515869,0.17473867458791892
479,11,0.018090791071819545,0.01216965485296706
479,12,0.15863757708010384,0.11659833270114772
479,13,0.23853148080818753,0.31627779043066084
479,14,0.07842342428918014,0.01592302220857711
479,15,0.042534871339096725,0.019162768742629233
479,16,0.10224495169877423,0.146013368586281
479,17,0.41328530874419567,0.46533799359024286
479,18,0.7578010439994305,1.2608891023989521
479,19,0.6684785696355098,0.6684785696355098
480,0,1.9104674004106599,0.0006248640995014654
480,1,2.715567235033552,0.08981557718097033
480,2,2.3175034091552353,0.2566483858692288
480,3,2.3250391966712716,0.22032573797603439
480,4,0.08814952664376641,0.0317333350267317
480,5,0.043734233688462965,0.08070757019208008
480,6,0.33054673425614345,0.29473244369889384
480,7,0.448017809372216,0.3909572628344469
480,8,0.3771017497194853,0.4684008803494013
480,9,0.4535869359281368,0.4279859729854998
480,10,0.09369740349884159,0.09063467080030296
480,11,0.11997754535346061,0.017295989236293163
480,12,0.19208739235162975,0.16893753778594567
480,13,0.22858367241907196,0.10187512026943235
480,14,0.39179035260025685,0.35880180730363254
480,15,0.12710442798460786,0.10829568186594862
480,16,0.04664861649678276,0.045530828305992976
480,17,0.23846044416510814,0.24781077455544942
480,18,0.4263349055294965,0.4484849038259351
480,19,0.21346535998080096,0.21346535998080096
481,0,1.8416510883287045,0.0037235153748849115
481,1,0.6349726114908574,0.009363070984407251
481,2,0.3569502777075044,0.3486686142219835
481,3,0.33485928982851565,0.3520370329811371
481,4,0.3892967082896446,0.40377421599971264
481,5,0.016335098641778956,0.2817915859300948
481,6,0.14133883687325666,0.057998039201597074
481,7,0.02982635819047763,0.06553687617841852
481,8,0.059360556885165394,0.08303999886543156
481,9,0.14828787832040247,0.03534404030275207
481,10,0.3092638881029961,0.2556114729723582
481,11,0.06080632371825434,0.06705361520875153
481,12,0.22349015298935493,0.3564195590358099
481,13,0.1774379533849748,0.20197206561002634
481,14,0.28104133418651767,0.32985669543115126
481,15,0.25488878770982515,0.41348392341697293
481,16,0.5567258474617542,0.3259721663894384
481,17,0.051500326395819584,0.13799226824655708
481,18,0.06698100370449644,0.08448099128770803
481,19,0.28838822058109903,0.2883882205810995
482,0,0.3181973440292518,0.2399556551063906
482,1,0.5541999529796531,0.4883090011275373
482,2,0.136507445197525,0.013286197350675266
482,3,0.33885985367819416,0.2762918216012986
482,4,0.16946509653143238,0.14799651416505277
482,5,0.07636757712776632,0.06812734413257449
482,6,0.1221406803978562,0.23095516538843075
482,7,0.11945090578694106,0.14810836875608047
482,8,0.533043416333947,0.2968219664746137
482,9,0.5699857947420686,0.10671560784957101
482,10,0.21061420784498708,0.1763487397601926
482,11,0.24574559118121453,0.08907662268253613
482,12,0.24216790912258723,0.1802949096156281
482,13,0.016033335901935786,0.08677302850653312
482,14,0.15735192080540372,0.12173979817581149
482,15,0.06755740458889647,0.006884971061985823
482,16,0.0944562358662786,0.11008243264019146
482,17,0.14910902075163257,0.010595684550773754
482,18,0.09768528966672285,0.011369005257559017
482,19,0.11431110992669069,0.11431110992669069
483,0,1.6013518483227798,0.10915228802802801
483,1,0.18909736555842604,0.060387257161823804
483,2,0.04491080327381747,0.14613944250573718
483,3,0.1001618570400793,0.21291412323003067
483,4,0.11754367276721389,0.16630613041696574
483,5,0.058578571894980946,0.21026318546379663
483,6,0.11345162924106056,0.2780279656241236
483,7,0.20618961782816303,0.15639998685150847
483,8,0.0372829371122263,0.11115598693293816
483,9,0.014228317099227006,0.1358001946079863
483,10,0.09008948398930272,0.21677893723733366
483,11,0.4314864970546122,0.22360282103911278
483,12,0.3263446573285176,0.24006725289914232
483,13,0.1690979064341862,0.10337585090629631
483,14,0.03739341096595794,0.0717513039075719
483,15,0.2955423935956585,0.076683469171833
483,16,0.4321142795765711,0.3026983358110771
483,17,0.24384377109740774,0.23281906896284665
483,18,0.033510120913703645,0.008095840343834482
483,19,0.247938927888967,0.247938927888967
484,0,1.3391759145711957,0.3648713738257392
484,1,0.021026388636146365,0.1779698657392883
484,2,0.43804652440400105,0.3093671086866516
484,3,0.36217756760577924,0.38973072185368185
484,4,0.09936378623520348,0.06350594683122956
484,5,0.0545224937119837,0.0743359290282859
484,6,0.10626714437039464,0.10171714477575566
484,7,0.04239306502733875,0.0443377545590069
484,8,0.13400466475425432,0.09665910488984775
484,9,0.08744555901216433,0.09914515057891826
484,10,0.16956947205108897,0.09549518260820822
484,11,0.0932902334630965,0.020869297786058283
484,12,0.07164754460795031,0.050534000019450076
484,13,0.23294374785956418,0.030170196489106793
484,14,0.12196786832550899,0.21465067858099918
484,15,0.11942667191482759,0.06668686449092132
484,16,0.23757867562302248,0.21730867151338007
484,17,0.10115465035934523,0.33978694215766136
484,18,0.5038715074663411,0.5340698730099707
484,19,0.394674301158239,0.39467430115823987
485,0,0.09063736898345365,0.07881061323405536
485,1,0.3391288928864702,0.21621773458150706
485,2,0.06437834649176644,0.03290718365334744
485,3,0.2370341341673594,0.10028206245557936
485,4,0.04289451892648177,0.0018783555943544528
485,5,0.09275549967537877,0.27228146103161777
485,6,0.4606501277572006,0.20146571786418654
485,7,0.1471010238491024,0.23517377193180788
485,8,0.0733610189899716,0.16008041206344714
485,9,0.2316706930171657,0.4166428515314733
485,10,0.02629669031970039,0.05116026743429325
485,11,0.2199241083710497,0.11420806299331776
485,12,0.09176286652585519,0.18165503171453956
485,13,0.012180059811627508,0.13605464629714792
485,14,0.082844626050397,0.034589374142774076
485,15,0.22775602789066207,0.0764457876549236
485,16,0.1482045456248846,0.4182575109168214
485,17,0.8031194052474238,0.28594265989204404
485,18,0.22074898824101297,0.1218508857154319
485,19,0.05346734971106537,0.05346734971106537
486,0,2.3133831795265545,0.09888567471662535
486,1,0.07758164677548329,0.04317467426750765
486,2,0.16180276290926132,0.0939216357928383
486,3,0.3305376423476365,0.15512854454189462
486,4,0.06479195680375005,0.09489363442600762
486,5,0.1636660198701776,0.03183990347252674
486,6,0.03854042983649153,0.07291922872563683
486,7,0.5490920524219352,0.27393450117788376
486,8,0.2661932048612936,0.18608532457862204
486,9,0.0517938621718419,0.2739706439244536
486,10,0.0853389902153121,0.35550225623270526
486,11,0.3852280182725263,0.1543544645095749
486,12,0.2795836960608993,0.29590786730860064
486,13,0.1375435254499111,0.2103241345760667
486,14,0.28558155249826545,0.1106606548688518
486,15,0.2038718291537096,0.21409423729957755
486,16,0.2333824373104103,0.07367183433210922
486,17,0.2272932411546531,0.1816659348904346
486,18,0.3818185886389869,0.05690870457913988
486,19,0.07983641474624958,0.07983641474624958
487,0,0.7697425847757531,0.15026428179833928
487,1,0.4773625720688921,0.3772243855095927
487,2,0.5405011672220725,0.31151390808585777
487,3,0.31068329343531875,0.20983436689317259
487,4,0.2638023899066386,0.29877469023872294
487,5,0.12604797422423353,0.0717944015545573
487,6,0.2641748353805089,0.0479278909776486
487,7,0.2978357630297417,0.10692448187829484
487,8,0.29318953257873837,0.2024864122740926
487,9,0.09520698749188217,0.05692954589323396
487,10,0.06224347740790792,0.10758136374526295
487,11,0.15594431138229536,0.07674356464755405
487,12,0.13620336685008727,0.02368975517149785
487,13,0.10239786350197333,0.11056989580229581
487,14,0.08449935595671976,0.10095797867237799
487,15,0.17669670136174886,0.02322414511246862
487,16,0.009514773369969198,0.12466617894432197
487,17,1.4822446854944737,0.5320787173433987
487,18,0.44106652165287885,0.1156220916362618
487,19,0.03160456380674059,0.03160456380674059
488,0,0.08016445996026356,0.052635012612931575
488,1,0.043268873043339706,0.051779382925980943
488,2,0.2889199574823009,0.2720795040259012
488,3,0.29543718263739516,0.17029411429875152
488,4,0.07369943402650492,0.23519951481729606
488,5,0.29862842829136893,0.22541982431018504
488,6,0.04871782604135966,0.05763635421681279
488,7,0.2872576963496445,0.33010823841507086
488,8,0.3669175539502558,0.23424962455691212
488,9,0.39678039048310243,0.2428672648788952
488,10,0.12489518025601676,0.0865025625828495
488,11,0.13311314108580152,0.23872266551081012
488,12,0.5662537274583599,0.6193186356569438
488,13,0.2645730619050486,0.1082481420068131
488,14,0.15909897880136903,0.06850259305190765
488,15,0.18654520805579988,0.09281519525282178
488,16,0.05934052370259568,0.0512760955882019
488,17,0.0052690794539573815,0.04467813604101778
488,18,0.08731631653386795,0.17023036915530732
488,19,0.18874896324819712,0.18874896324819712
489,0,0.35887983625076725,0.23984813416799344
489,1,0.3071373948216385,0.15767868804805119
489,2,0.16389021595604714,0.04453475865134493
489,3,0.036471754281140356,0.022584016557258835
489,4,0.37515610078021044,0.2440204106468835
489,5,0.09520579638263182,0.22017527186834318
489,6,0.4767583635810273,0.32281708995104497
489,7,0.46996550757118705,0.30703977066061316
489,8,0.04479577607877605,0.08782475593853611
489,9,0.054975476492342246,0.10204341269640693
489,10,0.1608027188441108,0.028024757044164517
489,11,0.13133909573099878,0.07865125615710156
489,12,0.3670617679107222,0.3650306991637482
489,13,0.3516657652209414,0.34905753358726876
489,14,0.2959946605410799,0.2723610568840025
489,15,0.2308399868763349,0.052491057548396114
489,16,0.08044664207548013,0.05582664192996223
489,17,0.18037037539412548,0.17119071348779435
489,18,0.2394000945810335,0.2382454805435108
489,19,0.12832503836191655,0.12832503836191655
490,0,0.06682026990507017,0.05336111108006847
490,1,0.22704274265284852,0.054885126608965606
490,2,0.06531483363103874,0.20045062138543335
490,3,0.014416458446291802,0.02938146514372919
490,4,0.1941556807490632,0.010229519591222314
490,5,0.4176597371962121,0.19495223414686969
490,6,1.0419174600331464,0.35869033424865115
490,7,1.9809460509230767,0.2723691860083415
490,8,0.37671280800684315,0.32786613851567736
490,9,0.01663943441941651,0.00442176486173862
490,10,0.15832901821550793,0.027162256146443298
490,11,0.067970313275723,0.0879198153615226
490,12,0.4168145331009332,0.34632255000017675
490,13,0.10214095939568324,0.16956501606868857
490,14,0.0784149654505617,0.2034518098653959
490,15,0.45108469269276785,0.014483604032560216
490,16,0.3692136880687986,0.026530742610789915
490,17,0.19903741220160898,0.01970699491386929
490,18,0.2121726104448074,0.13969536152816486
490,19,0.1449179436736534,0.1449179436736534
491,0,0.39045577618562355,0.2505211380351344
491,1,0.2987103217355225,0.1100435766338812
491,2,0.12449734397305878,0.13287528592468156
491,3,0.07988546492915782,0.26360372594575354
491,4,0.011517294333555306,0.12593816671034208
491,5,0.07619478009822966,0.09474934847551575
491,6,0.23730000423952102,0.13762044983908162
491,7,0.01323645078665292,0.005963348649235201
491,8,0.1727768380937631,0.018122101473078356
491,9,0.1892687076337909,0.5071933055481579
491,10,1.640666383708235,0.10664470940478399
491,11,0.43638891058331275,0.29595818123513906
491,12,0.05161893063186884,0.044379564423524975
491,13,0.1328765155108278,0.16731000669445217
491,14,0.07581602700994061,0.12775226412869278
491,15,0.22803676703042086,0.17456972164058637
491,16,0.3271648326082266,0.357281247701839
491,17,0.18196623497926545,0.14467350103933319
491,18,0.3135785474089645,0.13748368580494752
491,19,0.2939689548436015,0.2939689548436015
492,0,0.004907069090559268,0.06461583058778331
492,1,0.30878846850174746,0.2789376982756915
492,2,0.031413169725391654,0.05143992489740423
492,3,0.46053817610759396,0.43807794128166133
492,4,0.1741460836205686,0.22133980643856876
492,5,0.051489719740354545,0.03348391457595046
492,6,0.001742252700042357,0.16847879609084604
492,7,0.6067516718082118,0.38668374357822444
492,8,0.17898305156451677,0.22594526577754603
492,9,0.14149573700246343,0.0297223186671407
492,10,0.29998576067370486,0.19897289186085398
492,11,0.21551912198094936,0.1479128587640295
492,12,0.15527022380235778,0.19062526255409118
492,13,0.4772245862264697,0.3629517814984702
492,14,0.25058185249168075,0.276398065828412
492,15,0.5674589848090612,0.45507068995127575
492,16,0.3664432604601986,0.23313078944408439
492,17,0.394021498520734,0.22064646210408156
492,18,0.01904236094689571,0.155420996540665
492,19,0.11119067449873477,0.11119067449873477
493,0,0.4441075509241412,0.17079558335153378
493,1,1.0969846528637337,0.1788058071736458
493,2,0.07356209758785548,0.11767073200989664
493,3,0.123392019325967,0.029523402771374663
493,4,0.22731814169514397,0.12845320933592008
493,5,0.05423759665621031,0.18195117868029698
493,6,0.22071519292315145,0.27689282924181224
493,7,0.22985729795050025,0.18092750155195247
493,8,0.0019295454167478354,0.00963469629221736
493,9,0.11887027093721825,0.19382625581479518
493,10,0.3757538545261325,0.24480472384354446
493,11,0.48814370189909084,0.3196377969809441
493,12,0.1899273684886782,0.02490390601163961
493,13,0.13592223929141722,0.13149407227594878
493,14,0.005938822115828302,0.0021883836363780773
493,15,0.4460734888233038,0.348659948769793
493,16,0.06110813480510302,0.0030603107009481434
493,17,0.13729476357894255,0.0069935474337090575
493,18,0.3053021043167261,0.2281997167936951
493,19,0.150424896802428,0.15042489680242754
494,0,1.9816296808754135,0.3918282352211855
494,1,2.8935707307213696,0.5913518183151805
494,2,2.5194714312166973,0.20794601437583982
494,3,2.9563986106983053,0.2372949328144407
494,4,1.0131147615393252,0.31297173713083204
494,5,2.6937152427519813,0.3451207733503465
494,6,0.24456887193068733,0.4856563743813256
494,7,0.22113106344958222,0.0442233872886475
494,8,0.09568470609955515,0.03687785922260822
494,9,0.13462803544227286,0.031358921041299226
494,10,0.05634303644424854,0.14060822599882972
494,11,0.08471979389733209,0.050304517805185966
494,12,0.03543670888872441,0.2463485816645341
494,13,0.06753241047705538,0.006527023290070044
494,14,0.12917069926705205,0.07387580816395634
494,15,0.16845989924564542,0.011027633548789773
494,16,0.23858060739563314,0.24334141254689579
494,17,0.2089861446118939,0.31543187020678953
494,18,0.14477125453293027,0.1293663361030415
494,19,0.3926290397111303,0.3926290397111303
495,0,1.6015576626133727,0.2612598895058662
495,1,0.15375699830520162,0.034105743222032636
495,2,0.3512213177524117,0.07539637819921907
495,3,0.2178191056644101,0.10490959063099226
495,4,0.20458278295532573,0.1359769257648038
495,5,0.031608762816559555,0.14385248791472183
495,6,0.017578144531168682,0.055761627690737114
495,7,0.11234350508395963,0.11706683274501906
495,8,0.16156477302918137,0.14996067246597544
495,9,0.044728035553014855,0.03268556264996558
495,10,0.0731008775234514,0.14863988317370946
495,11,0.4700421700061499,0.2966011645001254
495,12,0.20986141732945374,0.04081409818364179
495,13,0.25817973643143954,0.15836660107111822
495,14,0.25168491848803676,0.1141429858877352
495,15,0.3801033000050449,0.3400377812844333
495,16,0.10455694695914275,0.11588447932582291
495,17,0.062397666200362245,0.002086095238029273
495,18,0.09479108285649218,0.1717158442743969
495,19,0.052541261706860354,0.052541261706860354
496,0,2.543331072880429,0.6001829368337841
496,1,0.29658600086326103,0.17553571910158094
496,2,0.039944651608113446,0.034932421596557184
496,3,0.10075908837883096,0.2363942933564327
496,4,0.2077391461951752,0.060493384915942805
496,5,0.17487836758623043,0.07079948766996669
496,6,0.04780552327807008,0.08641443849637298
496,7,0.31084438884350796,0.10217657209213282
496,8,0.11457317331521111,0.022210213727947625
496,9,0.3807104845817486,0.365302246364581
496,10,0.587543393873819,0.4155978137691232
496,11,0.375102688863608,0.2723891820613211
496,12,0.21364966289912068,0.15181004639743234
496,13,0.26674639278141665,0.23112134948886176
496,14,0.41991891430852135,0.2800248099933249
496,15,0.05221816708850113,0.09113810667239797
496,16,0.013177276160893037,0.09372284482285131
496,17,0.16483297496677674,0.158825852228635
496,18,0.06965001886446665,0.06688935510754312
496,19,0.04221686027936,0.04221686027936
497,0,0.08814133364986487,0.1019274417740812
497,1,0.2782028807330885,0.27469174553254394
497,2,0.031054231763598672,0.0801243557754665
497,3,0.46904471600809394,0.3639049567363326
497,4,0.266437753744051,0.20526632316225424
497,5,0.13442440956022406,0.0190980218147212
497,6,0.15258659039263023,0.046121576790482344
497,7,0.456753261271599,0.30277180182912034
497,8,0.18480663407792797,0.23863551751459822
497,9,0.26432489279155114,0.208681224633116
497,10,0.012588093513639542,0.1520141777011439
497,11,0.08105726429258642,0.07948833223292207
497,12,0.15691274380106934,0.14773558364132988
497,13,0.08602804105510664,0.15620024701067825
497,14,0.36368228451276785,0.20139409133250652
497,15,0.054099080603008165,0.05901107105522119
497,16,0.1827728194393594,0.19134945307820228
497,17,0.13728201455820832,0.1703680597263304
497,18,0.33092155156742464,0.42915004708681836
497,19,0.6895676482344522,0.6895676482344522
498,0,0.06050152378603535,0.22455706674511244
498,1,0.4415329762558331,0.3648139087326756
498,2,0.05178989769195397,0.030871497209954413
498,3,0.2874750589466615,0.19723247840700164
498,4,0.10906382338624176,0.0652877406717689
498,5,0.01682375407798986,0.03262279354151332
498,6,0.06507511653780629,0.006898538170766244
498,7,0.07085709451162359,0.20539062814425257
498,8,0.2755509170014374,0.30879578825977383
498,9,0.1999842636953213,0.182993474003311
498,10,0.20028927660669105,0.12978079263310516
498,11,0.2326281795612788,0.15634710939008123
498,12,0.03990517576068697,0.15688361307421506
498,13,0.05451845517771492,0.06587266029701944
498,14,0.3650253460475059,0.6340694930229511
498,15,0.008488662627920807,1.355219356805721
498,16,0.5751231343887229,0.03523000485932126
498,17,0.28771879886832075,0.009578598503866331
498,18,0.3221506716128726,0.2321648204898974
498,19,0.18800090201946862,0.18800090201946862
499,0,0.21081533148487797,0.2751723984392114
499,1,0.5815762378831799,0.324194188628538
499,2,0.217244353459483,0.06638540266900472
499,3,0.576773765312133,0.4553979877653016
499,4,0.2090454464174858,0.09726429967986139
499,5,0.03219289261304148,0.10083745411885525
499,6,0.2824816916430404,0.11385348103158233
499,7,0.034139465215340614,0.12303223393651574
499,8,0.05284766830286358,0.09052058455359813
499,9,0.06413896737615232,0.08881491403280428
499,10,0.3844031483848589,0.10731335958480992
499,11,0.10845605539230396,0.04457186299774296
499,12,0.03493515968655725,0.017258259051083247
499,13,0.004314391542818541,0.06832537863408383
499,14,0.06014895067148096,0.09277147331852298
499,15,0.18705101755357312,0.286948146062473
499,16,0.2525547207190346,0.19408435485403874
499,17,0.16605936117118514,0.13296630136407117
499,18,0.16060964878535877,0.22811592249499846
499,19,0.28948052324395235,0.28948052324395235
