method,parameter,repetition,mean_error_rad,max_mean_error_rad,l1_error,max_l1_error,min_evaluated_density,max_normalization_error
FIGFAN,15,0,0.00037127327519091854,0.0007527997614724669,0.052505517026089424,0.06977719898415553,-0.02228312705891837,4.440892098500626e-16
FIGFDN,15,0,0.0003705794240861988,0.0007479783428649966,0.0022540511356163146,0.005428266183491507,2.271584883320999e-07,3.3306690738754696e-16
FIGFAN,15,1,0.00037127327519091854,0.0007527997614724669,0.052505517026089424,0.06977719898415553,-0.02228312705891837,4.440892098500626e-16
FIGFDN,15,1,0.0003705794240861988,0.0007479783428649966,0.0022540511356163146,0.005428266183491507,2.271584883320999e-07,3.3306690738754696e-16
FIGFAN,15,2,0.00037127327519091854,0.0007527997614724669,0.052505517026089424,0.06977719898415553,-0.02228312705891837,4.440892098500626e-16
FIGFDN,15,2,0.0003705794240861988,0.0007479783428649966,0.0022540511356163146,0.005428266183491507,2.271584883320999e-07,3.3306690738754696e-16
FIGFAN,15,3,0.00037127327519091854,0.0007527997614724669,0.052505517026089424,0.06977719898415553,-0.02228312705891837,4.440892098500626e-16
FIGFDN,15,3,0.0003705794240861988,0.0007479783428649966,0.0022540511356163146,0.005428266183491507,2.271584883320999e-07,3.3306690738754696e-16
FIGFAN,15,4,0.00037127327519091854,0.0007527997614724669,0.052505517026089424,0.06977719898415553,-0.02228312705891837,4.440892098500626e-16
FIGFDN,15,4,0.0003705794240861988,0.0007479783428649966,0.0022540511356163146,0.005428266183491507,2.271584883320999e-07,3.3306690738754696e-16
FIGFAN,15,5,0.00037127327519091854,0.0007527997614724669,0.052505517026089424,0.06977719898415553,-0.02228312705891837,4.440892098500626e-16
FIGFDN,15,5,0.0003705794240861988,0.0007479783428649966,0.0022540511356163146,0.005428266183491507,2.271584883320999e-07,3.3306690738754696e-16
FIGFAN,15,6,0.00037127327519091854,0.0007527997614724669,0.052505517026089424,0.06977719898415553,-0.02228312705891837,4.440892098500626e-16
FIGFDN,15,6,0.0003705794240861988,0.0007479783428649966,0.0022540511356163146,0.005428266183491507,2.271584883320999e-07,3.3306690738754696e-16
FIGFAN,15,7,0.00037127327519091854,0.0007527997614724669,0.052505517026089424,0.06977719898415553,-0.02228312705891837,4.440892098500626e-16
FIGFDN,15,7,0.0003705794240861988,0.0007479783428649966,0.0022540511356163146,0.005428266183491507,2.271584883320999e-07,3.3306690738754696e-16
FIGFAN,15,8,0.00037127327519091854,0.0007527997614724669,0.052505517026089424,0.06977719898415553,-0.02228312705891837,4.440892098500626e-16
FIGFDN,15,8,0.0003705794240861988,0.0007479783428649966,0.0022540511356163146,0.005428266183491507,2.271584883320999e-07,3.3306690738754696e-16
FIGFAN,15,9,0.00037127327519091854,0.0007527997614724669,0.052505517026089424,0.06977719898415553,-0.02228312705891837,4.440892098500626e-16
FIGFDN,15,9,0.0003705794240861988,0.0007479783428649966,0.0022540511356163146,0.005428266183491507,2.271584883320999e-07,3.3306690738754696e-16
FIGFAN,15,10,0.00037127327519091854,0.0007527997614724669,0.052505517026089424,0.06977719898415553,-0.02228312705891837,4.440892098500626e-16
FIGFDN,15,10,0.0003705794240861988,0.0007479783428649966,0.0022540511356163146,0.005428266183491507,2.271584883320999e-07,3.3306690738754696e-16
FIGFAN,15,11,0.00037127327519091854,0.0007527997614724669,0.052505517026089424,0.06977719898415553,-0.02228312705891837,4.440892098500626e-16
FIGFDN,15,11,0.0003705794240861988,0.0007479783428649966,0.0022540511356163146,0.005428266183491507,2.271584883320999e-07,3.3306690738754696e-16
FIGFAN,15,12,0.00037127327519091854,0.0007527997614724669,0.052505517026089424,0.06977719898415553,-0.02228312705891837,4.440892098500626e-16
FIGFDN,15,12,0.0003705794240861988,0.0007479783428649966,0.0022540511356163146,0.005428266183491507,2.271584883320999e-07,3.3306690738754696e-16
FIGFAN,15,13,0.00037127327519091854,0.0007527997614724669,0.052505517026089424,0.06977719898415553,-0.02228312705891837,4.440892098500626e-16
FIGFDN,15,13,0.0003705794240861988,0.0007479783428649966,0.0022540511356163146,0.005428266183491507,2.271584883320999e-07,3.3306690738754696e-16
FIGFAN,15,14,0.00037127327519091854,0.0007527997614724669,0.052505517026089424,0.06977719898415553,-0.02228312705891837,4.440892098500626e-16
FIGFDN,15,14,0.0003705794240861988,0.0007479783428649966,0.0022540511356163146,0.005428266183491507,2.271584883320999e-07,3.3306690738754696e-16
FIGFAN,15,15,0.00037127327519091854,0.0007527997614724669,0.052505517026089424,0.06977719898415553,-0.02228312705891837,4.440892098500626e-16
FIGFDN,15,15,0.0003705794240861988,0.0007479783428649966,0.0022540511356163146,0.005428266183491507,2.271584883320999e-07,3.3306690738754696e-16
FIGFAN,15,16,0.00037127327519091854,0.0007527997614724669,0.052505517026089424,0.06977719898415553,-0.02228312705891837,4.440892098500626e-16
FIGFDN,15,16,0.0003705794240861988,0.0007479783428649966,0.0022540511356163146,0.005428266183491507,2.271584883320999e-07,3.3306690738754696e-16
FIGFAN,15,17,0.00037127327519091854,0.0007527997614724669,0.052505517026089424,0.06977719898415553,-0.02228312705891837,4.440892098500626e-16
FIGFDN,15,17,0.0003705794240861988,0.0007479783428649966,0.0022540511356163146,0.005428266183491507,2.271584883320999e-07,3.3306690738754696e-16
FIGFAN,15,18,0.00037127327519091854,0.0007527997614724669,0.052505517026089424,0.06977719898415553,-0.02228312705891837,4.440892098500626e-16
FIGFDN,15,18,0.0003705794240861988,0.0007479783428649966,0.0022540511356163146,0.005428266183491507,2.271584883320999e-07,3.3306690738754696e-16
FIGFAN,15,19,0.00037127327519091854,0.0007527997614724669,0.052505517026089424,0.06977719898415553,-0.02228312705891837,4.440892098500626e-16
FIGFDN,15,19,0.0003705794240861988,0.0007479783428649966,0.0022540511356163146,0.005428266183491507,2.271584883320999e-07,3.3306690738754696e-16
FIGFAN,15,20,0.00037127327519091854,0.0007527997614724669,0.052505517026089424,0.06977719898415553,-0.02228312705891837,4.440892098500626e-16
FIGFDN,15,20,0.0003705794240861988,0.0007479783428649966,0.0022540511356163146,0.005428266183491507,2.271584883320999e-07,3.3306690738754696e-16
FIGFAN,15,21,0.00037127327519091854,0.0007527997614724669,0.052505517026089424,0.06977719898415553,-0.02228312705891837,4.440892098500626e-16
FIGFDN,15,21,0.0003705794240861988,0.0007479783428649966,0.0022540511356163146,0.005428266183491507,2.271584883320999e-07,3.3306690738754696e-16
FIGFAN,15,22,0.00037127327519091854,0.0007527997614724669,0.052505517026089424,0.06977719898415553,-0.02228312705891837,4.440892098500626e-16
FIGFDN,15,22,0.0003705794240861988,0.0007479783428649966,0.0022540511356163146,0.005428266183491507,2.271584883320999e-07,3.3306690738754696e-16
FIGFAN,15,23,0.00037127327519091854,0.0007527997614724669,0.052505517026089424,0.06977719898415553,-0.02228312705891837,4.440892098500626e-16
FIGFDN,15,23,0.0003705794240861988,0.0007479783428649966,0.0022540511356163146,0.005428266183491507,2.271584883320999e-07,3.3306690738754696e-16
FIGFAN,15,24,0.00037127327519091854,0.0007527997614724669,0.052505517026089424,0.06977719898415553,-0.02228312705891837,4.440892098500626e-16
FIGFDN,15,24,0.0003705794240861988,0.0007479783428649966,0.0022540511356163146,0.005428266183491507,2.271584883320999e-07,3.3306690738754696e-16
FIGFAN,15,25,0.00037127327519091854,0.0007527997614724669,0.052505517026089424,0.06977719898415553,-0.02228312705891837,4.440892098500626e-16
FIGFDN,15,25,0.0003705794240861988,0.0007479783428649966,0.0022540511356163146,0.005428266183491507,2.271584883320999e-07,3.3306690738754696e-16
FIGFAN,15,26,0.00037127327519091854,0.0007527997614724669,0.052505517026089424,0.06977719898415553,-0.02228312705891837,4.440892098500626e-16
FIGFDN,15,26,0.0003705794240861988,0.0007479783428649966,0.0022540511356163146,0.005428266183491507,2.271584883320999e-07,3.3306690738754696e-16
FIGFAN,15,27,0.00037127327519091854,0.0007527997614724669,0.052505517026089424,0.06977719898415553,-0.02228312705891837,4.440892098500626e-16
FIGFDN,15,27,0.0003705794240861988,0.0007479783428649966,0.0022540511356163146,0.005428266183491507,2.271584883320999e-07,3.3306690738754696e-16
FIGFAN,15,28,0.00037127327519091854,0.0007527997614724669,0.052505517026089424,0.06977719898415553,-0.02228312705891837,4.440892098500626e-16
FIGFDN,15,28,0.0003705794240861988,0.0007479783428649966,0.0022540511356163146,0.005428266183491507,2.271584883320999e-07,3.3306690738754696e-16
FIGFAN,15,29,0.00037127327519091854,0.0007527997614724669,0.052505517026089424,0.06977719898415553,-0.02228312705891837,4.440892098500626e-16
FIGFDN,15,29,0.0003705794240861988,0.0007479783428649966,0.0022540511356163146,0.005428266183491507,2.271584883320999e-07,3.3306690738754696e-16
FIGFAN,31,0,0.000370427353598441,0.0008321199860916728,0.00011381373950089882,0.00012977096487700582,-1.4434194351831276e-06,4.440892098500626e-16
FIGFDN,31,0,0.00037042707598352226,0.0008321193417177852,0.00011366671476260236,0.0001182873471839456,4.31712043272372e-06,3.3306690738754696e-16
FIGFAN,31,1,0.000370427353598441,0.0008321199860916728,0.00011381373950089882,0.00012977096487700582,-1.4434194351831276e-06,4.440892098500626e-16
FIGFDN,31,1,0.00037042707598352226,0.0008321193417177852,0.00011366671476260236,0.0001182873471839456,4.31712043272372e-06,3.3306690738754696e-16
FIGFAN,31,2,0.000370427353598441,0.0008321199860916728,0.00011381373950089882,0.00012977096487700582,-1.4434194351831276e-06,4.440892098500626e-16
FIGFDN,31,2,0.00037042707598352226,0.0008321193417177852,0.00011366671476260236,0.0001182873471839456,4.31712043272372e-06,3.3306690738754696e-16
FIGFAN,31,3,0.000370427353598441,0.0008321199860916728,0.00011381373950089882,0.00012977096487700582,-1.4434194351831276e-06,4.440892098500626e-16
FIGFDN,31,3,0.00037042707598352226,0.0008321193417177852,0.00011366671476260236,0.0001182873471839456,4.31712043272372e-06,3.3306690738754696e-16
FIGFAN,31,4,0.000370427353598441,0.0008321199860916728,0.00011381373950089882,0.00012977096487700582,-1.4434194351831276e-06,4.440892098500626e-16
FIGFDN,31,4,0.00037042707598352226,0.0008321193417177852,0.00011366671476260236,0.0001182873471839456,4.31712043272372e-06,3.3306690738754696e-16
FIGFAN,31,5,0.000370427353598441,0.0008321199860916728,0.00011381373950089882,0.00012977096487700582,-1.4434194351831276e-06,4.440892098500626e-16
FIGFDN,31,5,0.00037042707598352226,0.0008321193417177852,0.00011366671476260236,0.0001182873471839456,4.31712043272372e-06,3.3306690738754696e-16
FIGFAN,31,6,0.000370427353598441,0.0008321199860916728,0.00011381373950089882,0.00012977096487700582,-1.4434194351831276e-06,4.440892098500626e-16
FIGFDN,31,6,0.00037042707598352226,0.0008321193417177852,0.00011366671476260236,0.0001182873471839456,4.31712043272372e-06,3.3306690738754696e-16
FIGFAN,31,7,0.000370427353598441,0.0008321199860916728,0.00011381373950089882,0.00012977096487700582,-1.4434194351831276e-06,4.440892098500626e-16
FIGFDN,31,7,0.00037042707598352226,0.0008321193417177852,0.00011366671476260236,0.0001182873471839456,4.31712043272372e-06,3.3306690738754696e-16
FIGFAN,31,8,0.000370427353598441,0.0008321199860916728,0.00011381373950089882,0.00012977096487700582,-1.4434194351831276e-06,4.440892098500626e-16
FIGFDN,31,8,0.00037042707598352226,0.0008321193417177852,0.00011366671476260236,0.0001182873471839456,4.31712043272372e-06,3.3306690738754696e-16
FIGFAN,31,9,0.000370427353598441,0.0008321199860916728,0.00011381373950089882,0.00012977096487700582,-1.4434194351831276e-06,4.440892098500626e-16
FIGFDN,31,9,0.00037042707598352226,0.0008321193417177852,0.00011366671476260236,0.0001182873471839456,4.31712043272372e-06,3.3306690738754696e-16
FIGFAN,31,10,0.000370427353598441,0.0008321199860916728,0.00011381373950089882,0.00012977096487700582,-1.4434194351831276e-06,4.440892098500626e-16
FIGFDN,31,10,0.00037042707598352226,0.0008321193417177852,0.00011366671476260236,0.0001182873471839456,4.31712043272372e-06,3.3306690738754696e-16
FIGFAN,31,11,0.000370427353598441,0.0008321199860916728,0.00011381373950089882,0.00012977096487700582,-1.4434194351831276e-06,4.440892098500626e-16
FIGFDN,31,11,0.00037042707598352226,0.0008321193417177852,0.00011366671476260236,0.0001182873471839456,4.31712043272372e-06,3.3306690738754696e-16
FIGFAN,31,12,0.000370427353598441,0.0008321199860916728,0.00011381373950089882,0.00012977096487700582,-1.4434194351831276e-06,4.440892098500626e-16
FIGFDN,31,12,0.00037042707598352226,0.0008321193417177852,0.00011366671476260236,0.0001182873471839456,4.31712043272372e-06,3.3306690738754696e-16
FIGFAN,31,13,0.000370427353598441,0.0008321199860916728,0.00011381373950089882,0.00012977096487700582,-1.4434194351831276e-06,4.440892098500626e-16
FIGFDN,31,13,0.00037042707598352226,0.0008321193417177852,0.00011366671476260236,0.0001182873471839456,4.31712043272372e-06,3.3306690738754696e-16
FIGFAN,31,14,0.000370427353598441,0.0008321199860916728,0.00011381373950089882,0.00012977096487700582,-1.4434194351831276e-06,4.440892098500626e-16
FIGFDN,31,14,0.00037042707598352226,0.0008321193417177852,0.00011366671476260236,0.0001182873471839456,4.31712043272372e-06,3.3306690738754696e-16
FIGFAN,31,15,0.000370427353598441,0.0008321199860916728,0.00011381373950089882,0.00012977096487700582,-1.4434194351831276e-06,4.440892098500626e-16
FIGFDN,31,15,0.00037042707598352226,0.0008321193417177852,0.00011366671476260236,0.0001182873471839456,4.31712043272372e-06,3.3306690738754696e-16
FIGFAN,31,16,0.000370427353598441,0.0008321199860916728,0.00011381373950089882,0.00012977096487700582,-1.4434194351831276e-06,4.440892098500626e-16
FIGFDN,31,16,0.00037042707598352226,0.0008321193417177852,0.00011366671476260236,0.0001182873471839456,4.31712043272372e-06,3.3306690738754696e-16
FIGFAN,31,17,0.000370427353598441,0.0008321199860916728,0.00011381373950089882,0.00012977096487700582,-1.4434194351831276e-06,4.440892098500626e-16
FIGFDN,31,17,0.00037042707598352226,0.0008321193417177852,0.00011366671476260236,0.0001182873471839456,4.31712043272372e-06,3.3306690738754696e-16
FIGFAN,31,18,0.000370427353598441,0.0008321199860916728,0.00011381373950089882,0.00012977096487700582,-1.4434194351831276e-06,4.440892098500626e-16
FIGFDN,31,18,0.00037042707598352226,0.0008321193417177852,0.00011366671476260236,0.0001182873471839456,4.31712043272372e-06,3.3306690738754696e-16
FIGFAN,31,19,0.000370427353598441,0.0008321199860916728,0.00011381373950089882,0.00012977096487700582,-1.4434194351831276e-06,4.440892098500626e-16
FIGFDN,31,19,0.00037042707598352226,0.0008321193417177852,0.00011366671476260236,0.0001182873471839456,4.31712043272372e-06,3.3306690738754696e-16
FIGFAN,31,20,0.000370427353598441,0.0008321199860916728,0.00011381373950089882,0.00012977096487700582,-1.4434194351831276e-06,4.440892098500626e-16
FIGFDN,31,20,0.00037042707598352226,0.0008321193417177852,0.00011366671476260236,0.0001182873471839456,4.31712043272372e-06,3.3306690738754696e-16
FIGFAN,31,21,0.000370427353598441,0.0008321199860916728,0.00011381373950089882,0.00012977096487700582,-1.4434194351831276e-06,4.440892098500626e-16
FIGFDN,31,21,0.00037042707598352226,0.0008321193417177852,0.00011366671476260236,0.0001182873471839456,4.31712043272372e-06,3.3306690738754696e-16
FIGFAN,31,22,0.000370427353598441,0.0008321199860916728,0.00011381373950089882,0.00012977096487700582,-1.4434194351831276e-06,4.440892098500626e-16
FIGFDN,31,22,0.00037042707598352226,0.0008321193417177852,0.00011366671476260236,0.0001182873471839456,4.31712043272372e-06,3.3306690738754696e-16
FIGFAN,31,23,0.000370427353598441,0.0008321199860916728,0.00011381373950089882,0.00012977096487700582,-1.4434194351831276e-06,4.440892098500626e-16
FIGFDN,31,23,0.00037042707598352226,0.0008321193417177852,0.00011366671476260236,0.0001182873471839456,4.31712043272372e-06,3.3306690738754696e-16
FIGFAN,31,24,0.000370427353598441,0.0008321199860916728,0.00011381373950089882,0.00012977096487700582,-1.4434194351831276e-06,4.440892098500626e-16
FIGFDN,31,24,0.00037042707598352226,0.0008321193417177852,0.00011366671476260236,0.0001182873471839456,4.31712043272372e-06,3.3306690738754696e-16
FIGFAN,31,25,0.000370427353598441,0.0008321199860916728,0.00011381373950089882,0.00012977096487700582,-1.4434194351831276e-06,4.440892098500626e-16
FIGFDN,31,25,0.00037042707598352226,0.0008321193417177852,0.00011366671476260236,0.0001182873471839456,4.31712043272372e-06,3.3306690738754696e-16
FIGFAN,31,26,0.000370427353598441,0.0008321199860916728,0.00011381373950089882,0.00012977096487700582,-1.4434194351831276e-06,4.440892098500626e-16
FIGFDN,31,26,0.00037042707598352226,0.0008321193417177852,0.00011366671476260236,0.0001182873471839456,4.31712043272372e-06,3.3306690738754696e-16
FIGFAN,31,27,0.000370427353598441,0.0008321199860916728,0.00011381373950089882,0.00012977096487700582,-1.4434194351831276e-06,4.440892098500626e-16
FIGFDN,31,27,0.00037042707598352226,0.0008321193417177852,0.00011366671476260236,0.0001182873471839456,4.31712043272372e-06,3.3306690738754696e-16
FIGFAN,31,28,0.000370427353598441,0.0008321199860916728,0.00011381373950089882,0.00012977096487700582,-1.4434194351831276e-06,4.440892098500626e-16
FIGFDN,31,28,0.00037042707598352226,0.0008321193417177852,0.00011366671476260236,0.0001182873471839456,4.31712043272372e-06,3.3306690738754696e-16
FIGFAN,31,29,0.000370427353598441,0.0008321199860916728,0.00011381373950089882,0.00012977096487700582,-1.4434194351831276e-06,4.440892098500626e-16
FIGFDN,31,29,0.00037042707598352226,0.0008321193417177852,0.00011366671476260236,0.0001182873471839456,4.31712043272372e-06,3.3306690738754696e-16
FIGFAN,63,0,0.0003704273522117971,0.0008321199856204942,0.00010972932707150824,0.00011680771646700233,4.3487822447352e-06,4.440892098500626e-16
FIGFDN,63,0,0.0003704273522113037,0.0008321199856173855,0.00010972895137141804,0.00011680798873064744,4.348701315285157e-06,3.3306690738754696e-16
FIGFAN,63,1,0.0003704273522117971,0.0008321199856204942,0.00010972932707150824,0.00011680771646700233,4.3487822447352e-06,4.440892098500626e-16
FIGFDN,63,1,0.0003704273522113037,0.0008321199856173855,0.00010972895137141804,0.00011680798873064744,4.348701315285157e-06,3.3306690738754696e-16
FIGFAN,63,2,0.0003704273522117971,0.0008321199856204942,0.00010972932707150824,0.00011680771646700233,4.3487822447352e-06,4.440892098500626e-16
FIGFDN,63,2,0.0003704273522113037,0.0008321199856173855,0.00010972895137141804,0.00011680798873064744,4.348701315285157e-06,3.3306690738754696e-16
FIGFAN,63,3,0.0003704273522117971,0.0008321199856204942,0.00010972932707150824,0.00011680771646700233,4.3487822447352e-06,4.440892098500626e-16
FIGFDN,63,3,0.0003704273522113037,0.0008321199856173855,0.00010972895137141804,0.00011680798873064744,4.348701315285157e-06,3.3306690738754696e-16
FIGFAN,63,4,0.0003704273522117971,0.0008321199856204942,0.00010972932707150824,0.00011680771646700233,4.3487822447352e-06,4.440892098500626e-16
FIGFDN,63,4,0.0003704273522113037,0.0008321199856173855,0.00010972895137141804,0.00011680798873064744,4.348701315285157e-06,3.3306690738754696e-16
FIGFAN,63,5,0.0003704273522117971,0.0008321199856204942,0.00010972932707150824,0.00011680771646700233,4.3487822447352e-06,4.440892098500626e-16
FIGFDN,63,5,0.0003704273522113037,0.0008321199856173855,0.00010972895137141804,0.00011680798873064744,4.348701315285157e-06,3.3306690738754696e-16
FIGFAN,63,6,0.0003704273522117971,0.0008321199856204942,0.00010972932707150824,0.00011680771646700233,4.3487822447352e-06,4.440892098500626e-16
FIGFDN,63,6,0.0003704273522113037,0.0008321199856173855,0.00010972895137141804,0.00011680798873064744,4.348701315285157e-06,3.3306690738754696e-16
FIGFAN,63,7,0.0003704273522117971,0.0008321199856204942,0.00010972932707150824,0.00011680771646700233,4.3487822447352e-06,4.440892098500626e-16
FIGFDN,63,7,0.0003704273522113037,0.0008321199856173855,0.00010972895137141804,0.00011680798873064744,4.348701315285157e-06,3.3306690738754696e-16
FIGFAN,63,8,0.0003704273522117971,0.0008321199856204942,0.00010972932707150824,0.00011680771646700233,4.3487822447352e-06,4.440892098500626e-16
FIGFDN,63,8,0.0003704273522113037,0.0008321199856173855,0.00010972895137141804,0.00011680798873064744,4.348701315285157e-06,3.3306690738754696e-16
FIGFAN,63,9,0.0003704273522117971,0.0008321199856204942,0.00010972932707150824,0.00011680771646700233,4.3487822447352e-06,4.440892098500626e-16
FIGFDN,63,9,0.0003704273522113037,0.0008321199856173855,0.00010972895137141804,0.00011680798873064744,4.348701315285157e-06,3.3306690738754696e-16
FIGFAN,63,10,0.0003704273522117971,0.0008321199856204942,0.00010972932707150824,0.00011680771646700233,4.3487822447352e-06,4.440892098500626e-16
FIGFDN,63,10,0.0003704273522113037,0.0008321199856173855,0.00010972895137141804,0.00011680798873064744,4.348701315285157e-06,3.3306690738754696e-16
FIGFAN,63,11,0.0003704273522117971,0.0008321199856204942,0.00010972932707150824,0.00011680771646700233,4.3487822447352e-06,4.440892098500626e-16
FIGFDN,63,11,0.0003704273522113037,0.0008321199856173855,0.00010972895137141804,0.00011680798873064744,4.348701315285157e-06,3.3306690738754696e-16
FIGFAN,63,12,0.0003704273522117971,0.0008321199856204942,0.00010972932707150824,0.00011680771646700233,4.3487822447352e-06,4.440892098500626e-16
FIGFDN,63,12,0.0003704273522113037,0.0008321199856173855,0.00010972895137141804,0.00011680798873064744,4.348701315285157e-06,3.3306690738754696e-16
FIGFAN,63,13,0.0003704273522117971,0.0008321199856204942,0.00010972932707150824,0.00011680771646700233,4.3487822447352e-06,4.440892098500626e-16
FIGFDN,63,13,0.0003704273522113037,0.0008321199856173855,0.00010972895137141804,0.00011680798873064744,4.348701315285157e-06,3.3306690738754696e-16
FIGFAN,63,14,0.0003704273522117971,0.0008321199856204942,0.00010972932707150824,0.00011680771646700233,4.3487822447352e-06,4.440892098500626e-16
FIGFDN,63,14,0.0003704273522113037,0.0008321199856173855,0.00010972895137141804,0.00011680798873064744,4.348701315285157e-06,3.3306690738754696e-16
FIGFAN,63,15,0.0003704273522117971,0.0008321199856204942,0.00010972932707150824,0.00011680771646700233,4.3487822447352e-06,4.440892098500626e-16
FIGFDN,63,15,0.0003704273522113037,0.0008321199856173855,0.00010972895137141804,0.00011680798873064744,4.348701315285157e-06,3.3306690738754696e-16
FIGFAN,63,16,0.0003704273522117971,0.0008321199856204942,0.00010972932707150824,0.00011680771646700233,4.3487822447352e-06,4.440892098500626e-16
FIGFDN,63,16,0.0003704273522113037,0.0008321199856173855,0.00010972895137141804,0.00011680798873064744,4.348701315285157e-06,3.3306690738754696e-16
FIGFAN,63,17,0.0003704273522117971,0.0008321199856204942,0.00010972932707150824,0.00011680771646700233,4.3487822447352e-06,4.440892098500626e-16
FIGFDN,63,17,0.0003704273522113037,0.0008321199856173855,0.00010972895137141804,0.00011680798873064744,4.348701315285157e-06,3.3306690738754696e-16
FIGFAN,63,18,0.0003704273522117971,0.0008321199856204942,0.00010972932707150824,0.00011680771646700233,4.3487822447352e-06,4.440892098500626e-16
FIGFDN,63,18,0.0003704273522113037,0.0008321199856173855,0.00010972895137141804,0.00011680798873064744,4.348701315285157e-06,3.3306690738754696e-16
FIGFAN,63,19,0.0003704273522117971,0.0008321199856204942,0.00010972932707150824,0.00011680771646700233,4.3487822447352e-06,4.440892098500626e-16
FIGFDN,63,19,0.0003704273522113037,0.0008321199856173855,0.00010972895137141804,0.00011680798873064744,4.348701315285157e-06,3.3306690738754696e-16
FIGFAN,63,20,0.0003704273522117971,0.0008321199856204942,0.00010972932707150824,0.00011680771646700233,4.3487822447352e-06,4.440892098500626e-16
FIGFDN,63,20,0.0003704273522113037,0.0008321199856173855,0.00010972895137141804,0.00011680798873064744,4.348701315285157e-06,3.3306690738754696e-16
FIGFAN,63,21,0.0003704273522117971,0.0008321199856204942,0.00010972932707150824,0.00011680771646700233,4.3487822447352e-06,4.440892098500626e-16
FIGFDN,63,21,0.0003704273522113037,0.0008321199856173855,0.00010972895137141804,0.00011680798873064744,4.348701315285157e-06,3.3306690738754696e-16
FIGFAN,63,22,0.0003704273522117971,0.0008321199856204942,0.00010972932707150824,0.00011680771646700233,4.3487822447352e-06,4.440892098500626e-16
FIGFDN,63,22,0.0003704273522113037,0.0008321199856173855,0.00010972895137141804,0.00011680798873064744,4.348701315285157e-06,3.3306690738754696e-16
FIGFAN,63,23,0.0003704273522117971,0.0008321199856204942,0.00010972932707150824,0.00011680771646700233,4.3487822447352e-06,4.440892098500626e-16
FIGFDN,63,23,0.0003704273522113037,0.0008321199856173855,0.00010972895137141804,0.00011680798873064744,4.348701315285157e-06,3.3306690738754696e-16
FIGFAN,63,24,0.0003704273522117971,0.0008321199856204942,0.00010972932707150824,0.00011680771646700233,4.3487822447352e-06,4.440892098500626e-16
FIGFDN,63,24,0.0003704273522113037,0.0008321199856173855,0.00010972895137141804,0.00011680798873064744,4.348701315285157e-06,3.3306690738754696e-16
FIGFAN,63,25,0.0003704273522117971,0.0008321199856204942,0.00010972932707150824,0.00011680771646700233,4.3487822447352e-06,4.440892098500626e-16
FIGFDN,63,25,0.0003704273522113037,0.0008321199856173855,0.00010972895137141804,0.00011680798873064744,4.348701315285157e-06,3.3306690738754696e-16
FIGFAN,63,26,0.0003704273522117971,0.0008321199856204942,0.00010972932707150824,0.00011680771646700233,4.3487822447352e-06,4.440892098500626e-16
FIGFDN,63,26,0.0003704273522113037,0.0008321199856173855,0.00010972895137141804,0.00011680798873064744,4.348701315285157e-06,3.3306690738754696e-16
FIGFAN,63,27,0.0003704273522117971,0.0008321199856204942,0.00010972932707150824,0.00011680771646700233,4.3487822447352e-06,4.440892098500626e-16
FIGFDN,63,27,0.0003704273522113037,0.0008321199856173855,0.00010972895137141804,0.00011680798873064744,4.348701315285157e-06,3.3306690738754696e-16
FIGFAN,63,28,0.0003704273522117971,0.0008321199856204942,0.00010972932707150824,0.00011680771646700233,4.3487822447352e-06,4.440892098500626e-16
FIGFDN,63,28,0.0003704273522113037,0.0008321199856173855,0.00010972895137141804,0.00011680798873064744,4.348701315285157e-06,3.3306690738754696e-16
FIGFAN,63,29,0.0003704273522117971,0.0008321199856204942,0.00010972932707150824,0.00011680771646700233,4.3487822447352e-06,4.440892098500626e-16
FIGFDN,63,29,0.0003704273522113037,0.0008321199856173855,0.00010972895137141804,0.00011680798873064744,4.348701315285157e-06,3.3306690738754696e-16
FIGFAN,127,0,0.00037042735221164906,0.0008321199856204942,0.00010972932706213885,0.00011680771642948091,4.348782292418476e-06,6.661338147750939e-16
FIGFDN,127,0,0.0003704273522117478,0.0008321199856204942,0.00010972932705563391,0.00011680771642948221,4.3487822923032e-06,1.1102230246251565e-16
FIGFAN,127,1,0.00037042735221164906,0.0008321199856204942,0.00010972932706213885,0.00011680771642948091,4.348782292418476e-06,6.661338147750939e-16
FIGFDN,127,1,0.0003704273522117478,0.0008321199856204942,0.00010972932705563391,0.00011680771642948221,4.3487822923032e-06,1.1102230246251565e-16
FIGFAN,127,2,0.00037042735221164906,0.0008321199856204942,0.00010972932706213885,0.00011680771642948091,4.348782292418476e-06,6.661338147750939e-16
FIGFDN,127,2,0.0003704273522117478,0.0008321199856204942,0.00010972932705563391,0.00011680771642948221,4.3487822923032e-06,1.1102230246251565e-16
FIGFAN,127,3,0.00037042735221164906,0.0008321199856204942,0.00010972932706213885,0.00011680771642948091,4.348782292418476e-06,6.661338147750939e-16
FIGFDN,127,3,0.0003704273522117478,0.0008321199856204942,0.00010972932705563391,0.00011680771642948221,4.3487822923032e-06,1.1102230246251565e-16
FIGFAN,127,4,0.00037042735221164906,0.0008321199856204942,0.00010972932706213885,0.00011680771642948091,4.348782292418476e-06,6.661338147750939e-16
FIGFDN,127,4,0.0003704273522117478,0.0008321199856204942,0.00010972932705563391,0.00011680771642948221,4.3487822923032e-06,1.1102230246251565e-16
FIGFAN,127,5,0.00037042735221164906,0.0008321199856204942,0.00010972932706213885,0.00011680771642948091,4.348782292418476e-06,6.661338147750939e-16
FIGFDN,127,5,0.0003704273522117478,0.0008321199856204942,0.00010972932705563391,0.00011680771642948221,4.3487822923032e-06,1.1102230246251565e-16
FIGFAN,127,6,0.00037042735221164906,0.0008321199856204942,0.00010972932706213885,0.00011680771642948091,4.348782292418476e-06,6.661338147750939e-16
FIGFDN,127,6,0.0003704273522117478,0.0008321199856204942,0.00010972932705563391,0.00011680771642948221,4.3487822923032e-06,1.1102230246251565e-16
FIGFAN,127,7,0.00037042735221164906,0.0008321199856204942,0.00010972932706213885,0.00011680771642948091,4.348782292418476e-06,6.661338147750939e-16
FIGFDN,127,7,0.0003704273522117478,0.0008321199856204942,0.00010972932705563391,0.00011680771642948221,4.3487822923032e-06,1.1102230246251565e-16
FIGFAN,127,8,0.00037042735221164906,0.0008321199856204942,0.00010972932706213885,0.00011680771642948091,4.348782292418476e-06,6.661338147750939e-16
FIGFDN,127,8,0.0003704273522117478,0.0008321199856204942,0.00010972932705563391,0.00011680771642948221,4.3487822923032e-06,1.1102230246251565e-16
FIGFAN,127,9,0.00037042735221164906,0.0008321199856204942,0.00010972932706213885,0.00011680771642948091,4.348782292418476e-06,6.661338147750939e-16
FIGFDN,127,9,0.0003704273522117478,0.0008321199856204942,0.00010972932705563391,0.00011680771642948221,4.3487822923032e-06,1.1102230246251565e-16
FIGFAN,127,10,0.00037042735221164906,0.0008321199856204942,0.00010972932706213885,0.00011680771642948091,4.348782292418476e-06,6.661338147750939e-16
FIGFDN,127,10,0.0003704273522117478,0.0008321199856204942,0.00010972932705563391,0.00011680771642948221,4.3487822923032e-06,1.1102230246251565e-16
FIGFAN,127,11,0.00037042735221164906,0.0008321199856204942,0.00010972932706213885,0.00011680771642948091,4.348782292418476e-06,6.661338147750939e-16
FIGFDN,127,11,0.0003704273522117478,0.0008321199856204942,0.00010972932705563391,0.00011680771642948221,4.3487822923032e-06,1.1102230246251565e-16
FIGFAN,127,12,0.00037042735221164906,0.0008321199856204942,0.00010972932706213885,0.00011680771642948091,4.348782292418476e-06,6.661338147750939e-16
FIGFDN,127,12,0.0003704273522117478,0.0008321199856204942,0.00010972932705563391,0.00011680771642948221,4.3487822923032e-06,1.1102230246251565e-16
FIGFAN,127,13,0.00037042735221164906,0.0008321199856204942,0.00010972932706213885,0.00011680771642948091,4.348782292418476e-06,6.661338147750939e-16
FIGFDN,127,13,0.0003704273522117478,0.0008321199856204942,0.00010972932705563391,0.00011680771642948221,4.3487822923032e-06,1.1102230246251565e-16
FIGFAN,127,14,0.00037042735221164906,0.0008321199856204942,0.00010972932706213885,0.00011680771642948091,4.348782292418476e-06,6.661338147750939e-16
FIGFDN,127,14,0.0003704273522117478,0.0008321199856204942,0.00010972932705563391,0.00011680771642948221,4.3487822923032e-06,1.1102230246251565e-16
FIGFAN,127,15,0.00037042735221164906,0.0008321199856204942,0.00010972932706213885,0.00011680771642948091,4.348782292418476e-06,6.661338147750939e-16
FIGFDN,127,15,0.0003704273522117478,0.0008321199856204942,0.00010972932705563391,0.00011680771642948221,4.3487822923032e-06,1.1102230246251565e-16
FIGFAN,127,16,0.00037042735221164906,0.0008321199856204942,0.00010972932706213885,0.00011680771642948091,4.348782292418476e-06,6.661338147750939e-16
FIGFDN,127,16,0.0003704273522117478,0.0008321199856204942,0.00010972932705563391,0.00011680771642948221,4.3487822923032e-06,1.1102230246251565e-16
FIGFAN,127,17,0.00037042735221164906,0.0008321199856204942,0.00010972932706213885,0.00011680771642948091,4.348782292418476e-06,6.661338147750939e-16
FIGFDN,127,17,0.0003704273522117478,0.0008321199856204942,0.00010972932705563391,0.00011680771642948221,4.3487822923032e-06,1.1102230246251565e-16
FIGFAN,127,18,0.00037042735221164906,0.0008321199856204942,0.00010972932706213885,0.00011680771642948091,4.348782292418476e-06,6.661338147750939e-16
FIGFDN,127,18,0.0003704273522117478,0.0008321199856204942,0.00010972932705563391,0.00011680771642948221,4.3487822923032e-06,1.1102230246251565e-16
FIGFAN,127,19,0.00037042735221164906,0.0008321199856204942,0.00010972932706213885,0.00011680771642948091,4.348782292418476e-06,6.661338147750939e-16
FIGFDN,127,19,0.0003704273522117478,0.0008321199856204942,0.00010972932705563391,0.00011680771642948221,4.3487822923032e-06,1.1102230246251565e-16
FIGFAN,127,20,0.00037042735221164906,0.0008321199856204942,0.00010972932706213885,0.00011680771642948091,4.348782292418476e-06,6.661338147750939e-16
FIGFDN,127,20,0.0003704273522117478,0.0008321199856204942,0.00010972932705563391,0.00011680771642948221,4.3487822923032e-06,1.1102230246251565e-16
FIGFAN,127,21,0.00037042735221164906,0.0008321199856204942,0.00010972932706213885,0.00011680771642948091,4.348782292418476e-06,6.661338147750939e-16
FIGFDN,127,21,0.0003704273522117478,0.0008321199856204942,0.00010972932705563391,0.00011680771642948221,4.3487822923032e-06,1.1102230246251565e-16
FIGFAN,127,22,0.00037042735221164906,0.0008321199856204942,0.00010972932706213885,0.00011680771642948091,4.348782292418476e-06,6.661338147750939e-16
FIGFDN,127,22,0.0003704273522117478,0.0008321199856204942,0.00010972932705563391,0.00011680771642948221,4.3487822923032e-06,1.1102230246251565e-16
FIGFAN,127,23,0.00037042735221164906,0.0008321199856204942,0.00010972932706213885,0.00011680771642948091,4.348782292418476e-06,6.661338147750939e-16
FIGFDN,127,23,0.0003704273522117478,0.0008321199856204942,0.00010972932705563391,0.00011680771642948221,4.3487822923032e-06,1.1102230246251565e-16
FIGFAN,127,24,0.00037042735221164906,0.0008321199856204942,0.00010972932706213885,0.00011680771642948091,4.348782292418476e-06,6.661338147750939e-16
FIGFDN,127,24,0.0003704273522117478,0.0008321199856204942,0.00010972932705563391,0.00011680771642948221,4.3487822923032e-06,1.1102230246251565e-16
FIGFAN,127,25,0.00037042735221164906,0.0008321199856204942,0.00010972932706213885,0.00011680771642948091,4.348782292418476e-06,6.661338147750939e-16
FIGFDN,127,25,0.0003704273522117478,0.0008321199856204942,0.00010972932705563391,0.00011680771642948221,4.3487822923032e-06,1.1102230246251565e-16
FIGFAN,127,26,0.00037042735221164906,0.0008321199856204942,0.00010972932706213885,0.00011680771642948091,4.348782292418476e-06,6.661338147750939e-16
FIGFDN,127,26,0.0003704273522117478,0.0008321199856204942,0.00010972932705563391,0.00011680771642948221,4.3487822923032e-06,1.1102230246251565e-16
FIGFAN,127,27,0.00037042735221164906,0.0008321199856204942,0.00010972932706213885,0.00011680771642948091,4.348782292418476e-06,6.661338147750939e-16
FIGFDN,127,27,0.0003704273522117478,0.0008321199856204942,0.00010972932705563391,0.00011680771642948221,4.3487822923032e-06,1.1102230246251565e-16
FIGFAN,127,28,0.00037042735221164906,0.0008321199856204942,0.00010972932706213885,0.00011680771642948091,4.348782292418476e-06,6.661338147750939e-16
FIGFDN,127,28,0.0003704273522117478,0.0008321199856204942,0.00010972932705563391,0.00011680771642948221,4.3487822923032e-06,1.1102230246251565e-16
FIGFAN,127,29,0.00037042735221164906,0.0008321199856204942,0.00010972932706213885,0.00011680771642948091,4.348782292418476e-06,6.661338147750939e-16
FIGFDN,127,29,0.0003704273522117478,0.0008321199856204942,0.00010972932705563391,0.00011680771642948221,4.3487822923032e-06,1.1102230246251565e-16
FIGFAN,255,0,0.0003704273522116984,0.0008321199856204942,0.0001097293270622096,0.0001168077164294775,4.348782292270857e-06,3.3306690738754696e-16
FIGFDN,255,0,0.0003704273522117478,0.0008321199856204942,0.00010972932706220229,0.0001168077164294943,4.3487822923542405e-06,3.3306690738754696e-16
FIGFAN,255,1,0.0003704273522116984,0.0008321199856204942,0.0001097293270622096,0.0001168077164294775,4.348782292270857e-06,3.3306690738754696e-16
FIGFDN,255,1,0.0003704273522117478,0.0008321199856204942,0.00010972932706220229,0.0001168077164294943,4.3487822923542405e-06,3.3306690738754696e-16
FIGFAN,255,2,0.0003704273522116984,0.0008321199856204942,0.0001097293270622096,0.0001168077164294775,4.348782292270857e-06,3.3306690738754696e-16
FIGFDN,255,2,0.0003704273522117478,0.0008321199856204942,0.00010972932706220229,0.0001168077164294943,4.3487822923542405e-06,3.3306690738754696e-16
FIGFAN,255,3,0.0003704273522116984,0.0008321199856204942,0.0001097293270622096,0.0001168077164294775,4.348782292270857e-06,3.3306690738754696e-16
FIGFDN,255,3,0.0003704273522117478,0.0008321199856204942,0.00010972932706220229,0.0001168077164294943,4.3487822923542405e-06,3.3306690738754696e-16
FIGFAN,255,4,0.0003704273522116984,0.0008321199856204942,0.0001097293270622096,0.0001168077164294775,4.348782292270857e-06,3.3306690738754696e-16
FIGFDN,255,4,0.0003704273522117478,0.0008321199856204942,0.00010972932706220229,0.0001168077164294943,4.3487822923542405e-06,3.3306690738754696e-16
FIGFAN,255,5,0.0003704273522116984,0.0008321199856204942,0.0001097293270622096,0.0001168077164294775,4.348782292270857e-06,3.3306690738754696e-16
FIGFDN,255,5,0.0003704273522117478,0.0008321199856204942,0.00010972932706220229,0.0001168077164294943,4.3487822923542405e-06,3.3306690738754696e-16
FIGFAN,255,6,0.0003704273522116984,0.0008321199856204942,0.0001097293270622096,0.0001168077164294775,4.348782292270857e-06,3.3306690738754696e-16
FIGFDN,255,6,0.0003704273522117478,0.0008321199856204942,0.00010972932706220229,0.0001168077164294943,4.3487822923542405e-06,3.3306690738754696e-16
FIGFAN,255,7,0.0003704273522116984,0.0008321199856204942,0.0001097293270622096,0.0001168077164294775,4.348782292270857e-06,3.3306690738754696e-16
FIGFDN,255,7,0.0003704273522117478,0.0008321199856204942,0.00010972932706220229,0.0001168077164294943,4.3487822923542405e-06,3.3306690738754696e-16
FIGFAN,255,8,0.0003704273522116984,0.0008321199856204942,0.0001097293270622096,0.0001168077164294775,4.348782292270857e-06,3.3306690738754696e-16
FIGFDN,255,8,0.0003704273522117478,0.0008321199856204942,0.00010972932706220229,0.0001168077164294943,4.3487822923542405e-06,3.3306690738754696e-16
FIGFAN,255,9,0.0003704273522116984,0.0008321199856204942,0.0001097293270622096,0.0001168077164294775,4.348782292270857e-06,3.3306690738754696e-16
FIGFDN,255,9,0.0003704273522117478,0.0008321199856204942,0.00010972932706220229,0.0001168077164294943,4.3487822923542405e-06,3.3306690738754696e-16
FIGFAN,255,10,0.0003704273522116984,0.0008321199856204942,0.0001097293270622096,0.0001168077164294775,4.348782292270857e-06,3.3306690738754696e-16
FIGFDN,255,10,0.0003704273522117478,0.0008321199856204942,0.00010972932706220229,0.0001168077164294943,4.3487822923542405e-06,3.3306690738754696e-16
FIGFAN,255,11,0.0003704273522116984,0.0008321199856204942,0.0001097293270622096,0.0001168077164294775,4.348782292270857e-06,3.3306690738754696e-16
FIGFDN,255,11,0.0003704273522117478,0.0008321199856204942,0.00010972932706220229,0.0001168077164294943,4.3487822923542405e-06,3.3306690738754696e-16
FIGFAN,255,12,0.0003704273522116984,0.0008321199856204942,0.0001097293270622096,0.0001168077164294775,4.348782292270857e-06,3.3306690738754696e-16
FIGFDN,255,12,0.0003704273522117478,0.0008321199856204942,0.00010972932706220229,0.0001168077164294943,4.3487822923542405e-06,3.3306690738754696e-16
FIGFAN,255,13,0.0003704273522116984,0.0008321199856204942,0.0001097293270622096,0.0001168077164294775,4.348782292270857e-06,3.3306690738754696e-16
FIGFDN,255,13,0.0003704273522117478,0.0008321199856204942,0.00010972932706220229,0.0001168077164294943,4.3487822923542405e-06,3.3306690738754696e-16
FIGFAN,255,14,0.0003704273522116984,0.0008321199856204942,0.0001097293270622096,0.0001168077164294775,4.348782292270857e-06,3.3306690738754696e-16
FIGFDN,255,14,0.0003704273522117478,0.0008321199856204942,0.00010972932706220229,0.0001168077164294943,4.3487822923542405e-06,3.3306690738754696e-16
FIGFAN,255,15,0.0003704273522116984,0.0008321199856204942,0.0001097293270622096,0.0001168077164294775,4.348782292270857e-06,3.3306690738754696e-16
FIGFDN,255,15,0.0003704273522117478,0.0008321199856204942,0.00010972932706220229,0.0001168077164294943,4.3487822923542405e-06,3.3306690738754696e-16
FIGFAN,255,16,0.0003704273522116984,0.0008321199856204942,0.0001097293270622096,0.0001168077164294775,4.348782292270857e-06,3.3306690738754696e-16
FIGFDN,255,16,0.0003704273522117478,0.0008321199856204942,0.00010972932706220229,0.0001168077164294943,4.3487822923542405e-06,3.3306690738754696e-16
FIGFAN,255,17,0.0003704273522116984,0.0008321199856204942,0.0001097293270622096,0.0001168077164294775,4.348782292270857e-06,3.3306690738754696e-16
FIGFDN,255,17,0.0003704273522117478,0.0008321199856204942,0.00010972932706220229,0.0001168077164294943,4.3487822923542405e-06,3.3306690738754696e-16
FIGFAN,255,18,0.0003704273522116984,0.0008321199856204942,0.0001097293270622096,0.0001168077164294775,4.348782292270857e-06,3.3306690738754696e-16
FIGFDN,255,18,0.0003704273522117478,0.0008321199856204942,0.00010972932706220229,0.0001168077164294943,4.3487822923542405e-06,3.3306690738754696e-16
FIGFAN,255,19,0.0003704273522116984,0.0008321199856204942,0.0001097293270622096,0.0001168077164294775,4.348782292270857e-06,3.3306690738754696e-16
FIGFDN,255,19,0.0003704273522117478,0.0008321199856204942,0.00010972932706220229,0.0001168077164294943,4.3487822923542405e-06,3.3306690738754696e-16
FIGFAN,255,20,0.0003704273522116984,0.0008321199856204942,0.0001097293270622096,0.0001168077164294775,4.348782292270857e-06,3.3306690738754696e-16
FIGFDN,255,20,0.0003704273522117478,0.0008321199856204942,0.00010972932706220229,0.0001168077164294943,4.3487822923542405e-06,3.3306690738754696e-16
FIGFAN,255,21,0.0003704273522116984,0.0008321199856204942,0.0001097293270622096,0.0001168077164294775,4.348782292270857e-06,3.3306690738754696e-16
FIGFDN,255,21,0.0003704273522117478,0.0008321199856204942,0.00010972932706220229,0.0001168077164294943,4.3487822923542405e-06,3.3306690738754696e-16
FIGFAN,255,22,0.0003704273522116984,0.0008321199856204942,0.0001097293270622096,0.0001168077164294775,4.348782292270857e-06,3.3306690738754696e-16
FIGFDN,255,22,0.0003704273522117478,0.0008321199856204942,0.00010972932706220229,0.0001168077164294943,4.3487822923542405e-06,3.3306690738754696e-16
FIGFAN,255,23,0.0003704273522116984,0.0008321199856204942,0.0001097293270622096,0.0001168077164294775,4.348782292270857e-06,3.3306690738754696e-16
FIGFDN,255,23,0.0003704273522117478,0.0008321199856204942,0.00010972932706220229,0.0001168077164294943,4.3487822923542405e-06,3.3306690738754696e-16
FIGFAN,255,24,0.0003704273522116984,0.0008321199856204942,0.0001097293270622096,0.0001168077164294775,4.348782292270857e-06,3.3306690738754696e-16
FIGFDN,255,24,0.0003704273522117478,0.0008321199856204942,0.00010972932706220229,0.0001168077164294943,4.3487822923542405e-06,3.3306690738754696e-16
FIGFAN,255,25,0.0003704273522116984,0.0008321199856204942,0.0001097293270622096,0.0001168077164294775,4.348782292270857e-06,3.3306690738754696e-16
FIGFDN,255,25,0.0003704273522117478,0.0008321199856204942,0.00010972932706220229,0.0001168077164294943,4.3487822923542405e-06,3.3306690738754696e-16
FIGFAN,255,26,0.0003704273522116984,0.0008321199856204942,0.0001097293270622096,0.0001168077164294775,4.348782292270857e-06,3.3306690738754696e-16
FIGFDN,255,26,0.0003704273522117478,0.0008321199856204942,0.00010972932706220229,0.0001168077164294943,4.3487822923542405e-06,3.3306690738754696e-16
FIGFAN,255,27,0.0003704273522116984,0.0008321199856204942,0.0001097293270622096,0.0001168077164294775,4.348782292270857e-06,3.3306690738754696e-16
FIGFDN,255,27,0.0003704273522117478,0.0008321199856204942,0.00010972932706220229,0.0001168077164294943,4.3487822923542405e-06,3.3306690738754696e-16
FIGFAN,255,28,0.0003704273522116984,0.0008321199856204942,0.0001097293270622096,0.0001168077164294775,4.348782292270857e-06,3.3306690738754696e-16
FIGFDN,255,28,0.0003704273522117478,0.0008321199856204942,0.00010972932706220229,0.0001168077164294943,4.3487822923542405e-06,3.3306690738754696e-16
FIGFAN,255,29,0.0003704273522116984,0.0008321199856204942,0.0001097293270622096,0.0001168077164294775,4.348782292270857e-06,3.3306690738754696e-16
FIGFDN,255,29,0.0003704273522117478,0.0008321199856204942,0.00010972932706220229,0.0001168077164294943,4.3487822923542405e-06,3.3306690738754696e-16
FIGFAN,511,0,0.00037042735221164906,0.0008321199856204942,0.00010972932706197953,0.00011680771642914424,4.3487822923381325e-06,6.661338147750939e-16
FIGFDN,511,0,0.0003704273522116984,0.0008321199856204942,0.00010972932706196419,0.00011680771642930043,4.348782292354544e-06,3.3306690738754696e-16
FIGFAN,511,1,0.00037042735221164906,0.0008321199856204942,0.00010972932706197953,0.00011680771642914424,4.3487822923381325e-06,6.661338147750939e-16
FIGFDN,511,1,0.0003704273522116984,0.0008321199856204942,0.00010972932706196419,0.00011680771642930043,4.348782292354544e-06,3.3306690738754696e-16
FIGFAN,511,2,0.00037042735221164906,0.0008321199856204942,0.00010972932706197953,0.00011680771642914424,4.3487822923381325e-06,6.661338147750939e-16
FIGFDN,511,2,0.0003704273522116984,0.0008321199856204942,0.00010972932706196419,0.00011680771642930043,4.348782292354544e-06,3.3306690738754696e-16
FIGFAN,511,3,0.00037042735221164906,0.0008321199856204942,0.00010972932706197953,0.00011680771642914424,4.3487822923381325e-06,6.661338147750939e-16
FIGFDN,511,3,0.0003704273522116984,0.0008321199856204942,0.00010972932706196419,0.00011680771642930043,4.348782292354544e-06,3.3306690738754696e-16
FIGFAN,511,4,0.00037042735221164906,0.0008321199856204942,0.00010972932706197953,0.00011680771642914424,4.3487822923381325e-06,6.661338147750939e-16
FIGFDN,511,4,0.0003704273522116984,0.0008321199856204942,0.00010972932706196419,0.00011680771642930043,4.348782292354544e-06,3.3306690738754696e-16
FIGFAN,511,5,0.00037042735221164906,0.0008321199856204942,0.00010972932706197953,0.00011680771642914424,4.3487822923381325e-06,6.661338147750939e-16
FIGFDN,511,5,0.0003704273522116984,0.0008321199856204942,0.00010972932706196419,0.00011680771642930043,4.348782292354544e-06,3.3306690738754696e-16
FIGFAN,511,6,0.00037042735221164906,0.0008321199856204942,0.00010972932706197953,0.00011680771642914424,4.3487822923381325e-06,6.661338147750939e-16
FIGFDN,511,6,0.0003704273522116984,0.0008321199856204942,0.00010972932706196419,0.00011680771642930043,4.348782292354544e-06,3.3306690738754696e-16
FIGFAN,511,7,0.00037042735221164906,0.0008321199856204942,0.00010972932706197953,0.00011680771642914424,4.3487822923381325e-06,6.661338147750939e-16
FIGFDN,511,7,0.0003704273522116984,0.0008321199856204942,0.00010972932706196419,0.00011680771642930043,4.348782292354544e-06,3.3306690738754696e-16
FIGFAN,511,8,0.00037042735221164906,0.0008321199856204942,0.00010972932706197953,0.00011680771642914424,4.3487822923381325e-06,6.661338147750939e-16
FIGFDN,511,8,0.0003704273522116984,0.0008321199856204942,0.00010972932706196419,0.00011680771642930043,4.348782292354544e-06,3.3306690738754696e-16
FIGFAN,511,9,0.00037042735221164906,0.0008321199856204942,0.00010972932706197953,0.00011680771642914424,4.3487822923381325e-06,6.661338147750939e-16
FIGFDN,511,9,0.0003704273522116984,0.0008321199856204942,0.00010972932706196419,0.00011680771642930043,4.348782292354544e-06,3.3306690738754696e-16
FIGFAN,511,10,0.00037042735221164906,0.0008321199856204942,0.00010972932706197953,0.00011680771642914424,4.3487822923381325e-06,6.661338147750939e-16
FIGFDN,511,10,0.0003704273522116984,0.0008321199856204942,0.00010972932706196419,0.00011680771642930043,4.348782292354544e-06,3.3306690738754696e-16
FIGFAN,511,11,0.00037042735221164906,0.0008321199856204942,0.00010972932706197953,0.00011680771642914424,4.3487822923381325e-06,6.661338147750939e-16
FIGFDN,511,11,0.0003704273522116984,0.0008321199856204942,0.00010972932706196419,0.00011680771642930043,4.348782292354544e-06,3.3306690738754696e-16
FIGFAN,511,12,0.00037042735221164906,0.0008321199856204942,0.00010972932706197953,0.00011680771642914424,4.3487822923381325e-06,6.661338147750939e-16
FIGFDN,511,12,0.0003704273522116984,0.0008321199856204942,0.00010972932706196419,0.00011680771642930043,4.348782292354544e-06,3.3306690738754696e-16
FIGFAN,511,13,0.00037042735221164906,0.0008321199856204942,0.00010972932706197953,0.00011680771642914424,4.3487822923381325e-06,6.661338147750939e-16
FIGFDN,511,13,0.0003704273522116984,0.0008321199856204942,0.00010972932706196419,0.00011680771642930043,4.348782292354544e-06,3.3306690738754696e-16
FIGFAN,511,14,0.00037042735221164906,0.0008321199856204942,0.00010972932706197953,0.00011680771642914424,4.3487822923381325e-06,6.661338147750939e-16
FIGFDN,511,14,0.0003704273522116984,0.0008321199856204942,0.00010972932706196419,0.00011680771642930043,4.348782292354544e-06,3.3306690738754696e-16
FIGFAN,511,15,0.00037042735221164906,0.0008321199856204942,0.00010972932706197953,0.00011680771642914424,4.3487822923381325e-06,6.661338147750939e-16
FIGFDN,511,15,0.0003704273522116984,0.0008321199856204942,0.00010972932706196419,0.00011680771642930043,4.348782292354544e-06,3.3306690738754696e-16
FIGFAN,511,16,0.00037042735221164906,0.0008321199856204942,0.00010972932706197953,0.00011680771642914424,4.3487822923381325e-06,6.661338147750939e-16
FIGFDN,511,16,0.0003704273522116984,0.0008321199856204942,0.00010972932706196419,0.00011680771642930043,4.348782292354544e-06,3.3306690738754696e-16
FIGFAN,511,17,0.00037042735221164906,0.0008321199856204942,0.00010972932706197953,0.00011680771642914424,4.3487822923381325e-06,6.661338147750939e-16
FIGFDN,511,17,0.0003704273522116984,0.0008321199856204942,0.00010972932706196419,0.00011680771642930043,4.348782292354544e-06,3.3306690738754696e-16
FIGFAN,511,18,0.00037042735221164906,0.0008321199856204942,0.00010972932706197953,0.00011680771642914424,4.3487822923381325e-06,6.661338147750939e-16
FIGFDN,511,18,0.0003704273522116984,0.0008321199856204942,0.00010972932706196419,0.00011680771642930043,4.348782292354544e-06,3.3306690738754696e-16
FIGFAN,511,19,0.00037042735221164906,0.0008321199856204942,0.00010972932706197953,0.00011680771642914424,4.3487822923381325e-06,6.661338147750939e-16
FIGFDN,511,19,0.0003704273522116984,0.0008321199856204942,0.00010972932706196419,0.00011680771642930043,4.348782292354544e-06,3.3306690738754696e-16
FIGFAN,511,20,0.00037042735221164906,0.0008321199856204942,0.00010972932706197953,0.00011680771642914424,4.3487822923381325e-06,6.661338147750939e-16
FIGFDN,511,20,0.0003704273522116984,0.0008321199856204942,0.00010972932706196419,0.00011680771642930043,4.348782292354544e-06,3.3306690738754696e-16
FIGFAN,511,21,0.00037042735221164906,0.0008321199856204942,0.00010972932706197953,0.00011680771642914424,4.3487822923381325e-06,6.661338147750939e-16
FIGFDN,511,21,0.0003704273522116984,0.0008321199856204942,0.00010972932706196419,0.00011680771642930043,4.348782292354544e-06,3.3306690738754696e-16
FIGFAN,511,22,0.00037042735221164906,0.0008321199856204942,0.00010972932706197953,0.00011680771642914424,4.3487822923381325e-06,6.661338147750939e-16
FIGFDN,511,22,0.0003704273522116984,0.0008321199856204942,0.00010972932706196419,0.00011680771642930043,4.348782292354544e-06,3.3306690738754696e-16
FIGFAN,511,23,0.00037042735221164906,0.0008321199856204942,0.00010972932706197953,0.00011680771642914424,4.3487822923381325e-06,6.661338147750939e-16
FIGFDN,511,23,0.0003704273522116984,0.0008321199856204942,0.00010972932706196419,0.00011680771642930043,4.348782292354544e-06,3.3306690738754696e-16
FIGFAN,511,24,0.00037042735221164906,0.0008321199856204942,0.00010972932706197953,0.00011680771642914424,4.3487822923381325e-06,6.661338147750939e-16
FIGFDN,511,24,0.0003704273522116984,0.0008321199856204942,0.00010972932706196419,0.00011680771642930043,4.348782292354544e-06,3.3306690738754696e-16
FIGFAN,511,25,0.00037042735221164906,0.0008321199856204942,0.00010972932706197953,0.00011680771642914424,4.3487822923381325e-06,6.661338147750939e-16
FIGFDN,511,25,0.0003704273522116984,0.0008321199856204942,0.00010972932706196419,0.00011680771642930043,4.348782292354544e-06,3.3306690738754696e-16
FIGFAN,511,26,0.00037042735221164906,0.0008321199856204942,0.00010972932706197953,0.00011680771642914424,4.3487822923381325e-06,6.661338147750939e-16
FIGFDN,511,26,0.0003704273522116984,0.0008321199856204942,0.00010972932706196419,0.00011680771642930043,4.348782292354544e-06,3.3306690738754696e-16
FIGFAN,511,27,0.00037042735221164906,0.0008321199856204942,0.00010972932706197953,0.00011680771642914424,4.3487822923381325e-06,6.661338147750939e-16
FIGFDN,511,27,0.0003704273522116984,0.0008321199856204942,0.00010972932706196419,0.00011680771642930043,4.348782292354544e-06,3.3306690738754696e-16
FIGFAN,511,28,0.00037042735221164906,0.0008321199856204942,0.00010972932706197953,0.00011680771642914424,4.3487822923381325e-06,6.661338147750939e-16
FIGFDN,511,28,0.0003704273522116984,0.0008321199856204942,0.00010972932706196419,0.00011680771642930043,4.348782292354544e-06,3.3306690738754696e-16
FIGFAN,511,29,0.00037042735221164906,0.0008321199856204942,0.00010972932706197953,0.00011680771642914424,4.3487822923381325e-06,6.661338147750939e-16
FIGFDN,511,29,0.0003704273522116984,0.0008321199856204942,0.00010972932706196419,0.00011680771642930043,4.348782292354544e-06,3.3306690738754696e-16
FIGFAN,1023,0,0.00037042735221164906,0.0008321199856204942,0.00010972932706218168,0.00011680771642932314,4.348782292213943e-06,4.440892098500626e-16
FIGFDN,1023,0,0.0003704273522117478,0.0008321199856204942,0.00010972932706216136,0.00011680771642940843,4.34878229235432e-06,1.1102230246251565e-16
FIGFAN,1023,1,0.00037042735221164906,0.0008321199856204942,0.00010972932706218168,0.00011680771642932314,4.348782292213943e-06,4.440892098500626e-16
FIGFDN,1023,1,0.0003704273522117478,0.0008321199856204942,0.00010972932706216136,0.00011680771642940843,4.34878229235432e-06,1.1102230246251565e-16
FIGFAN,1023,2,0.00037042735221164906,0.0008321199856204942,0.00010972932706218168,0.00011680771642932314,4.348782292213943e-06,4.440892098500626e-16
FIGFDN,1023,2,0.0003704273522117478,0.0008321199856204942,0.00010972932706216136,0.00011680771642940843,4.34878229235432e-06,1.1102230246251565e-16
FIGFAN,1023,3,0.00037042735221164906,0.0008321199856204942,0.00010972932706218168,0.00011680771642932314,4.348782292213943e-06,4.440892098500626e-16
FIGFDN,1023,3,0.0003704273522117478,0.0008321199856204942,0.00010972932706216136,0.00011680771642940843,4.34878229235432e-06,1.1102230246251565e-16
FIGFAN,1023,4,0.00037042735221164906,0.0008321199856204942,0.00010972932706218168,0.00011680771642932314,4.348782292213943e-06,4.440892098500626e-16
FIGFDN,1023,4,0.0003704273522117478,0.0008321199856204942,0.00010972932706216136,0.00011680771642940843,4.34878229235432e-06,1.1102230246251565e-16
FIGFAN,1023,5,0.00037042735221164906,0.0008321199856204942,0.00010972932706218168,0.00011680771642932314,4.348782292213943e-06,4.440892098500626e-16
FIGFDN,1023,5,0.0003704273522117478,0.0008321199856204942,0.00010972932706216136,0.00011680771642940843,4.34878229235432e-06,1.1102230246251565e-16
FIGFAN,1023,6,0.00037042735221164906,0.0008321199856204942,0.00010972932706218168,0.00011680771642932314,4.348782292213943e-06,4.440892098500626e-16
FIGFDN,1023,6,0.0003704273522117478,0.0008321199856204942,0.00010972932706216136,0.00011680771642940843,4.34878229235432e-06,1.1102230246251565e-16
FIGFAN,1023,7,0.00037042735221164906,0.0008321199856204942,0.00010972932706218168,0.00011680771642932314,4.348782292213943e-06,4.440892098500626e-16
FIGFDN,1023,7,0.0003704273522117478,0.0008321199856204942,0.00010972932706216136,0.00011680771642940843,4.34878229235432e-06,1.1102230246251565e-16
FIGFAN,1023,8,0.00037042735221164906,0.0008321199856204942,0.00010972932706218168,0.00011680771642932314,4.348782292213943e-06,4.440892098500626e-16
FIGFDN,1023,8,0.0003704273522117478,0.0008321199856204942,0.00010972932706216136,0.00011680771642940843,4.34878229235432e-06,1.1102230246251565e-16
FIGFAN,1023,9,0.00037042735221164906,0.0008321199856204942,0.00010972932706218168,0.00011680771642932314,4.348782292213943e-06,4.440892098500626e-16
FIGFDN,1023,9,0.0003704273522117478,0.0008321199856204942,0.00010972932706216136,0.00011680771642940843,4.34878229235432e-06,1.1102230246251565e-16
FIGFAN,1023,10,0.00037042735221164906,0.0008321199856204942,0.00010972932706218168,0.00011680771642932314,4.348782292213943e-06,4.440892098500626e-16
FIGFDN,1023,10,0.0003704273522117478,0.0008321199856204942,0.00010972932706216136,0.00011680771642940843,4.34878229235432e-06,1.1102230246251565e-16
FIGFAN,1023,11,0.00037042735221164906,0.0008321199856204942,0.00010972932706218168,0.00011680771642932314,4.348782292213943e-06,4.440892098500626e-16
FIGFDN,1023,11,0.0003704273522117478,0.0008321199856204942,0.00010972932706216136,0.00011680771642940843,4.34878229235432e-06,1.1102230246251565e-16
FIGFAN,1023,12,0.00037042735221164906,0.0008321199856204942,0.00010972932706218168,0.00011680771642932314,4.348782292213943e-06,4.440892098500626e-16
FIGFDN,1023,12,0.0003704273522117478,0.0008321199856204942,0.00010972932706216136,0.00011680771642940843,4.34878229235432e-06,1.1102230246251565e-16
FIGFAN,1023,13,0.00037042735221164906,0.0008321199856204942,0.00010972932706218168,0.00011680771642932314,4.348782292213943e-06,4.440892098500626e-16
FIGFDN,1023,13,0.0003704273522117478,0.0008321199856204942,0.00010972932706216136,0.00011680771642940843,4.34878229235432e-06,1.1102230246251565e-16
FIGFAN,1023,14,0.00037042735221164906,0.0008321199856204942,0.00010972932706218168,0.00011680771642932314,4.348782292213943e-06,4.440892098500626e-16
FIGFDN,1023,14,0.0003704273522117478,0.0008321199856204942,0.00010972932706216136,0.00011680771642940843,4.34878229235432e-06,1.1102230246251565e-16
FIGFAN,1023,15,0.00037042735221164906,0.0008321199856204942,0.00010972932706218168,0.00011680771642932314,4.348782292213943e-06,4.440892098500626e-16
FIGFDN,1023,15,0.0003704273522117478,0.0008321199856204942,0.00010972932706216136,0.00011680771642940843,4.34878229235432e-06,1.1102230246251565e-16
FIGFAN,1023,16,0.00037042735221164906,0.0008321199856204942,0.00010972932706218168,0.00011680771642932314,4.348782292213943e-06,4.440892098500626e-16
FIGFDN,1023,16,0.0003704273522117478,0.0008321199856204942,0.00010972932706216136,0.00011680771642940843,4.34878229235432e-06,1.1102230246251565e-16
FIGFAN,1023,17,0.00037042735221164906,0.0008321199856204942,0.00010972932706218168,0.00011680771642932314,4.348782292213943e-06,4.440892098500626e-16
FIGFDN,1023,17,0.0003704273522117478,0.0008321199856204942,0.00010972932706216136,0.00011680771642940843,4.34878229235432e-06,1.1102230246251565e-16
FIGFAN,1023,18,0.00037042735221164906,0.0008321199856204942,0.00010972932706218168,0.00011680771642932314,4.348782292213943e-06,4.440892098500626e-16
FIGFDN,1023,18,0.0003704273522117478,0.0008321199856204942,0.00010972932706216136,0.00011680771642940843,4.34878229235432e-06,1.1102230246251565e-16
FIGFAN,1023,19,0.00037042735221164906,0.0008321199856204942,0.00010972932706218168,0.00011680771642932314,4.348782292213943e-06,4.440892098500626e-16
FIGFDN,1023,19,0.0003704273522117478,0.0008321199856204942,0.00010972932706216136,0.00011680771642940843,4.34878229235432e-06,1.1102230246251565e-16
FIGFAN,1023,20,0.00037042735221164906,0.0008321199856204942,0.00010972932706218168,0.00011680771642932314,4.348782292213943e-06,4.440892098500626e-16
FIGFDN,1023,20,0.0003704273522117478,0.0008321199856204942,0.00010972932706216136,0.00011680771642940843,4.34878229235432e-06,1.1102230246251565e-16
FIGFAN,1023,21,0.00037042735221164906,0.0008321199856204942,0.00010972932706218168,0.00011680771642932314,4.348782292213943e-06,4.440892098500626e-16
FIGFDN,1023,21,0.0003704273522117478,0.0008321199856204942,0.00010972932706216136,0.00011680771642940843,4.34878229235432e-06,1.1102230246251565e-16
FIGFAN,1023,22,0.00037042735221164906,0.0008321199856204942,0.00010972932706218168,0.00011680771642932314,4.348782292213943e-06,4.440892098500626e-16
FIGFDN,1023,22,0.0003704273522117478,0.0008321199856204942,0.00010972932706216136,0.00011680771642940843,4.34878229235432e-06,1.1102230246251565e-16
FIGFAN,1023,23,0.00037042735221164906,0.0008321199856204942,0.00010972932706218168,0.00011680771642932314,4.348782292213943e-06,4.440892098500626e-16
FIGFDN,1023,23,0.0003704273522117478,0.0008321199856204942,0.00010972932706216136,0.00011680771642940843,4.34878229235432e-06,1.1102230246251565e-16
FIGFAN,1023,24,0.00037042735221164906,0.0008321199856204942,0.00010972932706218168,0.00011680771642932314,4.348782292213943e-06,4.440892098500626e-16
FIGFDN,1023,24,0.0003704273522117478,0.0008321199856204942,0.00010972932706216136,0.00011680771642940843,4.34878229235432e-06,1.1102230246251565e-16
FIGFAN,1023,25,0.00037042735221164906,0.0008321199856204942,0.00010972932706218168,0.00011680771642932314,4.348782292213943e-06,4.440892098500626e-16
FIGFDN,1023,25,0.0003704273522117478,0.0008321199856204942,0.00010972932706216136,0.00011680771642940843,4.34878229235432e-06,1.1102230246251565e-16
FIGFAN,1023,26,0.00037042735221164906,0.0008321199856204942,0.00010972932706218168,0.00011680771642932314,4.348782292213943e-06,4.440892098500626e-16
FIGFDN,1023,26,0.0003704273522117478,0.0008321199856204942,0.00010972932706216136,0.00011680771642940843,4.34878229235432e-06,1.1102230246251565e-16
FIGFAN,1023,27,0.00037042735221164906,0.0008321199856204942,0.00010972932706218168,0.00011680771642932314,4.348782292213943e-06,4.440892098500626e-16
FIGFDN,1023,27,0.0003704273522117478,0.0008321199856204942,0.00010972932706216136,0.00011680771642940843,4.34878229235432e-06,1.1102230246251565e-16
FIGFAN,1023,28,0.00037042735221164906,0.0008321199856204942,0.00010972932706218168,0.00011680771642932314,4.348782292213943e-06,4.440892098500626e-16
FIGFDN,1023,28,0.0003704273522117478,0.0008321199856204942,0.00010972932706216136,0.00011680771642940843,4.34878229235432e-06,1.1102230246251565e-16
FIGFAN,1023,29,0.00037042735221164906,0.0008321199856204942,0.00010972932706218168,0.00011680771642932314,4.348782292213943e-06,4.440892098500626e-16
FIGFDN,1023,29,0.0003704273522117478,0.0008321199856204942,0.00010972932706216136,0.00011680771642940843,4.34878229235432e-06,1.1102230246251565e-16
FIGFAN,2047,0,0.0003704273522116984,0.0008321199856204942,0.00010972932706218444,0.00011680771642963854,4.348782292214965e-06,4.440892098500626e-16
FIGFDN,2047,0,0.0003704273522117971,0.0008321199856204942,0.00010972932706219922,0.00011680771642945264,4.348782292355089e-06,2.220446049250313e-16
FIGFAN,2047,1,0.0003704273522116984,0.0008321199856204942,0.00010972932706218444,0.00011680771642963854,4.348782292214965e-06,4.440892098500626e-16
FIGFDN,2047,1,0.0003704273522117971,0.0008321199856204942,0.00010972932706219922,0.00011680771642945264,4.348782292355089e-06,2.220446049250313e-16
FIGFAN,2047,2,0.0003704273522116984,0.0008321199856204942,0.00010972932706218444,0.00011680771642963854,4.348782292214965e-06,4.440892098500626e-16
FIGFDN,2047,2,0.0003704273522117971,0.0008321199856204942,0.00010972932706219922,0.00011680771642945264,4.348782292355089e-06,2.220446049250313e-16
FIGFAN,2047,3,0.0003704273522116984,0.0008321199856204942,0.00010972932706218444,0.00011680771642963854,4.348782292214965e-06,4.440892098500626e-16
FIGFDN,2047,3,0.0003704273522117971,0.0008321199856204942,0.00010972932706219922,0.00011680771642945264,4.348782292355089e-06,2.220446049250313e-16
FIGFAN,2047,4,0.0003704273522116984,0.0008321199856204942,0.00010972932706218444,0.00011680771642963854,4.348782292214965e-06,4.440892098500626e-16
FIGFDN,2047,4,0.0003704273522117971,0.0008321199856204942,0.00010972932706219922,0.00011680771642945264,4.348782292355089e-06,2.220446049250313e-16
FIGFAN,2047,5,0.0003704273522116984,0.0008321199856204942,0.00010972932706218444,0.00011680771642963854,4.348782292214965e-06,4.440892098500626e-16
FIGFDN,2047,5,0.0003704273522117971,0.0008321199856204942,0.00010972932706219922,0.00011680771642945264,4.348782292355089e-06,2.220446049250313e-16
FIGFAN,2047,6,0.0003704273522116984,0.0008321199856204942,0.00010972932706218444,0.00011680771642963854,4.348782292214965e-06,4.440892098500626e-16
FIGFDN,2047,6,0.0003704273522117971,0.0008321199856204942,0.00010972932706219922,0.00011680771642945264,4.348782292355089e-06,2.220446049250313e-16
FIGFAN,2047,7,0.0003704273522116984,0.0008321199856204942,0.00010972932706218444,0.00011680771642963854,4.348782292214965e-06,4.440892098500626e-16
FIGFDN,2047,7,0.0003704273522117971,0.0008321199856204942,0.00010972932706219922,0.00011680771642945264,4.348782292355089e-06,2.220446049250313e-16
FIGFAN,2047,8,0.0003704273522116984,0.0008321199856204942,0.00010972932706218444,0.00011680771642963854,4.348782292214965e-06,4.440892098500626e-16
FIGFDN,2047,8,0.0003704273522117971,0.0008321199856204942,0.00010972932706219922,0.00011680771642945264,4.348782292355089e-06,2.220446049250313e-16
FIGFAN,2047,9,0.0003704273522116984,0.0008321199856204942,0.00010972932706218444,0.00011680771642963854,4.348782292214965e-06,4.440892098500626e-16
FIGFDN,2047,9,0.0003704273522117971,0.0008321199856204942,0.00010972932706219922,0.00011680771642945264,4.348782292355089e-06,2.220446049250313e-16
FIGFAN,2047,10,0.0003704273522116984,0.0008321199856204942,0.00010972932706218444,0.00011680771642963854,4.348782292214965e-06,4.440892098500626e-16
FIGFDN,2047,10,0.0003704273522117971,0.0008321199856204942,0.00010972932706219922,0.00011680771642945264,4.348782292355089e-06,2.220446049250313e-16
FIGFAN,2047,11,0.0003704273522116984,0.0008321199856204942,0.00010972932706218444,0.00011680771642963854,4.348782292214965e-06,4.440892098500626e-16
FIGFDN,2047,11,0.0003704273522117971,0.0008321199856204942,0.00010972932706219922,0.00011680771642945264,4.348782292355089e-06,2.220446049250313e-16
FIGFAN,2047,12,0.0003704273522116984,0.0008321199856204942,0.00010972932706218444,0.00011680771642963854,4.348782292214965e-06,4.440892098500626e-16
FIGFDN,2047,12,0.0003704273522117971,0.0008321199856204942,0.00010972932706219922,0.00011680771642945264,4.348782292355089e-06,2.220446049250313e-16
FIGFAN,2047,13,0.0003704273522116984,0.0008321199856204942,0.00010972932706218444,0.00011680771642963854,4.348782292214965e-06,4.440892098500626e-16
FIGFDN,2047,13,0.0003704273522117971,0.0008321199856204942,0.00010972932706219922,0.00011680771642945264,4.348782292355089e-06,2.220446049250313e-16
FIGFAN,2047,14,0.0003704273522116984,0.0008321199856204942,0.00010972932706218444,0.00011680771642963854,4.348782292214965e-06,4.440892098500626e-16
FIGFDN,2047,14,0.0003704273522117971,0.0008321199856204942,0.00010972932706219922,0.00011680771642945264,4.348782292355089e-06,2.220446049250313e-16
FIGFAN,2047,15,0.0003704273522116984,0.0008321199856204942,0.00010972932706218444,0.00011680771642963854,4.348782292214965e-06,4.440892098500626e-16
FIGFDN,2047,15,0.0003704273522117971,0.0008321199856204942,0.00010972932706219922,0.00011680771642945264,4.348782292355089e-06,2.220446049250313e-16
FIGFAN,2047,16,0.0003704273522116984,0.0008321199856204942,0.00010972932706218444,0.00011680771642963854,4.348782292214965e-06,4.440892098500626e-16
FIGFDN,2047,16,0.0003704273522117971,0.0008321199856204942,0.00010972932706219922,0.00011680771642945264,4.348782292355089e-06,2.220446049250313e-16
FIGFAN,2047,17,0.0003704273522116984,0.0008321199856204942,0.00010972932706218444,0.00011680771642963854,4.348782292214965e-06,4.440892098500626e-16
FIGFDN,2047,17,0.0003704273522117971,0.0008321199856204942,0.00010972932706219922,0.00011680771642945264,4.348782292355089e-06,2.220446049250313e-16
FIGFAN,2047,18,0.0003704273522116984,0.0008321199856204942,0.00010972932706218444,0.00011680771642963854,4.348782292214965e-06,4.440892098500626e-16
FIGFDN,2047,18,0.0003704273522117971,0.0008321199856204942,0.00010972932706219922,0.00011680771642945264,4.348782292355089e-06,2.220446049250313e-16
FIGFAN,2047,19,0.0003704273522116984,0.0008321199856204942,0.00010972932706218444,0.00011680771642963854,4.348782292214965e-06,4.440892098500626e-16
FIGFDN,2047,19,0.0003704273522117971,0.0008321199856204942,0.00010972932706219922,0.00011680771642945264,4.348782292355089e-06,2.220446049250313e-16
FIGFAN,2047,20,0.0003704273522116984,0.0008321199856204942,0.00010972932706218444,0.00011680771642963854,4.348782292214965e-06,4.440892098500626e-16
FIGFDN,2047,20,0.0003704273522117971,0.0008321199856204942,0.00010972932706219922,0.00011680771642945264,4.348782292355089e-06,2.220446049250313e-16
FIGFAN,2047,21,0.0003704273522116984,0.0008321199856204942,0.00010972932706218444,0.00011680771642963854,4.348782292214965e-06,4.440892098500626e-16
FIGFDN,2047,21,0.0003704273522117971,0.0008321199856204942,0.00010972932706219922,0.00011680771642945264,4.348782292355089e-06,2.220446049250313e-16
FIGFAN,2047,22,0.0003704273522116984,0.0008321199856204942,0.00010972932706218444,0.00011680771642963854,4.348782292214965e-06,4.440892098500626e-16
FIGFDN,2047,22,0.0003704273522117971,0.0008321199856204942,0.00010972932706219922,0.00011680771642945264,4.348782292355089e-06,2.220446049250313e-16
FIGFAN,2047,23,0.0003704273522116984,0.0008321199856204942,0.00010972932706218444,0.00011680771642963854,4.348782292214965e-06,4.440892098500626e-16
FIGFDN,2047,23,0.0003704273522117971,0.0008321199856204942,0.00010972932706219922,0.00011680771642945264,4.348782292355089e-06,2.220446049250313e-16
FIGFAN,2047,24,0.0003704273522116984,0.0008321199856204942,0.00010972932706218444,0.00011680771642963854,4.348782292214965e-06,4.440892098500626e-16
FIGFDN,2047,24,0.0003704273522117971,0.0008321199856204942,0.00010972932706219922,0.00011680771642945264,4.348782292355089e-06,2.220446049250313e-16
FIGFAN,2047,25,0.0003704273522116984,0.0008321199856204942,0.00010972932706218444,0.00011680771642963854,4.348782292214965e-06,4.440892098500626e-16
FIGFDN,2047,25,0.0003704273522117971,0.0008321199856204942,0.00010972932706219922,0.00011680771642945264,4.348782292355089e-06,2.220446049250313e-16
FIGFAN,2047,26,0.0003704273522116984,0.0008321199856204942,0.00010972932706218444,0.00011680771642963854,4.348782292214965e-06,4.440892098500626e-16
FIGFDN,2047,26,0.0003704273522117971,0.0008321199856204942,0.00010972932706219922,0.00011680771642945264,4.348782292355089e-06,2.220446049250313e-16
FIGFAN,2047,27,0.0003704273522116984,0.0008321199856204942,0.00010972932706218444,0.00011680771642963854,4.348782292214965e-06,4.440892098500626e-16
FIGFDN,2047,27,0.0003704273522117971,0.0008321199856204942,0.00010972932706219922,0.00011680771642945264,4.348782292355089e-06,2.220446049250313e-16
FIGFAN,2047,28,0.0003704273522116984,0.0008321199856204942,0.00010972932706218444,0.00011680771642963854,4.348782292214965e-06,4.440892098500626e-16
FIGFDN,2047,28,0.0003704273522117971,0.0008321199856204942,0.00010972932706219922,0.00011680771642945264,4.348782292355089e-06,2.220446049250313e-16
FIGFAN,2047,29,0.0003704273522116984,0.0008321199856204942,0.00010972932706218444,0.00011680771642963854,4.348782292214965e-06,4.440892098500626e-16
FIGFDN,2047,29,0.0003704273522117971,0.0008321199856204942,0.00010972932706219922,0.00011680771642945264,4.348782292355089e-06,2.220446049250313e-16
FIGFAN,4095,0,0.0003704273522116984,0.0008321199856204942,0.00010972932706223971,0.00011680771642964762,4.3487822923125606e-06,4.440892098500626e-16
FIGFDN,4095,0,0.0003704273522117478,0.0008321199856204942,0.00010972932706216558,0.0001168077164294936,4.348782292354783e-06,3.3306690738754696e-16
FIGFAN,4095,1,0.0003704273522116984,0.0008321199856204942,0.00010972932706223971,0.00011680771642964762,4.3487822923125606e-06,4.440892098500626e-16
FIGFDN,4095,1,0.0003704273522117478,0.0008321199856204942,0.00010972932706216558,0.0001168077164294936,4.348782292354783e-06,3.3306690738754696e-16
FIGFAN,4095,2,0.0003704273522116984,0.0008321199856204942,0.00010972932706223971,0.00011680771642964762,4.3487822923125606e-06,4.440892098500626e-16
FIGFDN,4095,2,0.0003704273522117478,0.0008321199856204942,0.00010972932706216558,0.0001168077164294936,4.348782292354783e-06,3.3306690738754696e-16
FIGFAN,4095,3,0.0003704273522116984,0.0008321199856204942,0.00010972932706223971,0.00011680771642964762,4.3487822923125606e-06,4.440892098500626e-16
FIGFDN,4095,3,0.0003704273522117478,0.0008321199856204942,0.00010972932706216558,0.0001168077164294936,4.348782292354783e-06,3.3306690738754696e-16
FIGFAN,4095,4,0.0003704273522116984,0.0008321199856204942,0.00010972932706223971,0.00011680771642964762,4.3487822923125606e-06,4.440892098500626e-16
FIGFDN,4095,4,0.0003704273522117478,0.0008321199856204942,0.00010972932706216558,0.0001168077164294936,4.348782292354783e-06,3.3306690738754696e-16
FIGFAN,4095,5,0.0003704273522116984,0.0008321199856204942,0.00010972932706223971,0.00011680771642964762,4.3487822923125606e-06,4.440892098500626e-16
FIGFDN,4095,5,0.0003704273522117478,0.0008321199856204942,0.00010972932706216558,0.0001168077164294936,4.348782292354783e-06,3.3306690738754696e-16
FIGFAN,4095,6,0.0003704273522116984,0.0008321199856204942,0.00010972932706223971,0.00011680771642964762,4.3487822923125606e-06,4.440892098500626e-16
FIGFDN,4095,6,0.0003704273522117478,0.0008321199856204942,0.00010972932706216558,0.0001168077164294936,4.348782292354783e-06,3.3306690738754696e-16
FIGFAN,4095,7,0.0003704273522116984,0.0008321199856204942,0.00010972932706223971,0.00011680771642964762,4.3487822923125606e-06,4.440892098500626e-16
FIGFDN,4095,7,0.0003704273522117478,0.0008321199856204942,0.00010972932706216558,0.0001168077164294936,4.348782292354783e-06,3.3306690738754696e-16
FIGFAN,4095,8,0.0003704273522116984,0.0008321199856204942,0.00010972932706223971,0.00011680771642964762,4.3487822923125606e-06,4.440892098500626e-16
FIGFDN,4095,8,0.0003704273522117478,0.0008321199856204942,0.00010972932706216558,0.0001168077164294936,4.348782292354783e-06,3.3306690738754696e-16
FIGFAN,4095,9,0.0003704273522116984,0.0008321199856204942,0.00010972932706223971,0.00011680771642964762,4.3487822923125606e-06,4.440892098500626e-16
FIGFDN,4095,9,0.0003704273522117478,0.0008321199856204942,0.00010972932706216558,0.0001168077164294936,4.348782292354783e-06,3.3306690738754696e-16
FIGFAN,4095,10,0.0003704273522116984,0.0008321199856204942,0.00010972932706223971,0.00011680771642964762,4.3487822923125606e-06,4.440892098500626e-16
FIGFDN,4095,10,0.0003704273522117478,0.0008321199856204942,0.00010972932706216558,0.0001168077164294936,4.348782292354783e-06,3.3306690738754696e-16
FIGFAN,4095,11,0.0003704273522116984,0.0008321199856204942,0.00010972932706223971,0.00011680771642964762,4.3487822923125606e-06,4.440892098500626e-16
FIGFDN,4095,11,0.0003704273522117478,0.0008321199856204942,0.00010972932706216558,0.0001168077164294936,4.348782292354783e-06,3.3306690738754696e-16
FIGFAN,4095,12,0.0003704273522116984,0.0008321199856204942,0.00010972932706223971,0.00011680771642964762,4.3487822923125606e-06,4.440892098500626e-16
FIGFDN,4095,12,0.0003704273522117478,0.0008321199856204942,0.00010972932706216558,0.0001168077164294936,4.348782292354783e-06,3.3306690738754696e-16
FIGFAN,4095,13,0.0003704273522116984,0.0008321199856204942,0.00010972932706223971,0.00011680771642964762,4.3487822923125606e-06,4.440892098500626e-16
FIGFDN,4095,13,0.0003704273522117478,0.0008321199856204942,0.00010972932706216558,0.0001168077164294936,4.348782292354783e-06,3.3306690738754696e-16
FIGFAN,4095,14,0.0003704273522116984,0.0008321199856204942,0.00010972932706223971,0.00011680771642964762,4.3487822923125606e-06,4.440892098500626e-16
FIGFDN,4095,14,0.0003704273522117478,0.0008321199856204942,0.00010972932706216558,0.0001168077164294936,4.348782292354783e-06,3.3306690738754696e-16
FIGFAN,4095,15,0.0003704273522116984,0.0008321199856204942,0.00010972932706223971,0.00011680771642964762,4.3487822923125606e-06,4.440892098500626e-16
FIGFDN,4095,15,0.0003704273522117478,0.0008321199856204942,0.00010972932706216558,0.0001168077164294936,4.348782292354783e-06,3.3306690738754696e-16
FIGFAN,4095,16,0.0003704273522116984,0.0008321199856204942,0.00010972932706223971,0.00011680771642964762,4.3487822923125606e-06,4.440892098500626e-16
FIGFDN,4095,16,0.0003704273522117478,0.0008321199856204942,0.00010972932706216558,0.0001168077164294936,4.348782292354783e-06,3.3306690738754696e-16
FIGFAN,4095,17,0.0003704273522116984,0.0008321199856204942,0.00010972932706223971,0.00011680771642964762,4.3487822923125606e-06,4.440892098500626e-16
FIGFDN,4095,17,0.0003704273522117478,0.0008321199856204942,0.00010972932706216558,0.0001168077164294936,4.348782292354783e-06,3.3306690738754696e-16
FIGFAN,4095,18,0.0003704273522116984,0.0008321199856204942,0.00010972932706223971,0.00011680771642964762,4.3487822923125606e-06,4.440892098500626e-16
FIGFDN,4095,18,0.0003704273522117478,0.0008321199856204942,0.00010972932706216558,0.0001168077164294936,4.348782292354783e-06,3.3306690738754696e-16
FIGFAN,4095,19,0.0003704273522116984,0.0008321199856204942,0.00010972932706223971,0.00011680771642964762,4.3487822923125606e-06,4.440892098500626e-16
FIGFDN,4095,19,0.0003704273522117478,0.0008321199856204942,0.00010972932706216558,0.0001168077164294936,4.348782292354783e-06,3.3306690738754696e-16
FIGFAN,4095,20,0.0003704273522116984,0.0008321199856204942,0.00010972932706223971,0.00011680771642964762,4.3487822923125606e-06,4.440892098500626e-16
FIGFDN,4095,20,0.0003704273522117478,0.0008321199856204942,0.00010972932706216558,0.0001168077164294936,4.348782292354783e-06,3.3306690738754696e-16
FIGFAN,4095,21,0.0003704273522116984,0.0008321199856204942,0.00010972932706223971,0.00011680771642964762,4.3487822923125606e-06,4.440892098500626e-16
FIGFDN,4095,21,0.0003704273522117478,0.0008321199856204942,0.00010972932706216558,0.0001168077164294936,4.348782292354783e-06,3.3306690738754696e-16
FIGFAN,4095,22,0.0003704273522116984,0.0008321199856204942,0.00010972932706223971,0.00011680771642964762,4.3487822923125606e-06,4.440892098500626e-16
FIGFDN,4095,22,0.0003704273522117478,0.0008321199856204942,0.00010972932706216558,0.0001168077164294936,4.348782292354783e-06,3.3306690738754696e-16
FIGFAN,4095,23,0.0003704273522116984,0.0008321199856204942,0.00010972932706223971,0.00011680771642964762,4.3487822923125606e-06,4.440892098500626e-16
FIGFDN,4095,23,0.0003704273522117478,0.0008321199856204942,0.00010972932706216558,0.0001168077164294936,4.348782292354783e-06,3.3306690738754696e-16
FIGFAN,4095,24,0.0003704273522116984,0.0008321199856204942,0.00010972932706223971,0.00011680771642964762,4.3487822923125606e-06,4.440892098500626e-16
FIGFDN,4095,24,0.0003704273522117478,0.0008321199856204942,0.00010972932706216558,0.0001168077164294936,4.348782292354783e-06,3.3306690738754696e-16
FIGFAN,4095,25,0.0003704273522116984,0.0008321199856204942,0.00010972932706223971,0.00011680771642964762,4.3487822923125606e-06,4.440892098500626e-16
FIGFDN,4095,25,0.0003704273522117478,0.0008321199856204942,0.00010972932706216558,0.0001168077164294936,4.348782292354783e-06,3.3306690738754696e-16
FIGFAN,4095,26,0.0003704273522116984,0.0008321199856204942,0.00010972932706223971,0.00011680771642964762,4.3487822923125606e-06,4.440892098500626e-16
FIGFDN,4095,26,0.0003704273522117478,0.0008321199856204942,0.00010972932706216558,0.0001168077164294936,4.348782292354783e-06,3.3306690738754696e-16
FIGFAN,4095,27,0.0003704273522116984,0.0008321199856204942,0.00010972932706223971,0.00011680771642964762,4.3487822923125606e-06,4.440892098500626e-16
FIGFDN,4095,27,0.0003704273522117478,0.0008321199856204942,0.00010972932706216558,0.0001168077164294936,4.348782292354783e-06,3.3306690738754696e-16
FIGFAN,4095,28,0.0003704273522116984,0.0008321199856204942,0.00010972932706223971,0.00011680771642964762,4.3487822923125606e-06,4.440892098500626e-16
FIGFDN,4095,28,0.0003704273522117478,0.0008321199856204942,0.00010972932706216558,0.0001168077164294936,4.348782292354783e-06,3.3306690738754696e-16
FIGFAN,4095,29,0.0003704273522116984,0.0008321199856204942,0.00010972932706223971,0.00011680771642964762,4.3487822923125606e-06,4.440892098500626e-16
FIGFDN,4095,29,0.0003704273522117478,0.0008321199856204942,0.00010972932706216558,0.0001168077164294936,4.348782292354783e-06,3.3306690738754696e-16
PWC,15,0,0.003219210911741587,0.007073302812469873,0.24392373988896818,0.2628110618191873,8.828485952648705e-06,7.184253192349388e-13
PWC,15,1,0.003219210911741587,0.007073302812469873,0.24392373988896818,0.2628110618191873,8.828485952648705e-06,7.184253192349388e-13
PWC,15,2,0.003219210911741587,0.007073302812469873,0.24392373988896818,0.2628110618191873,8.828485952648705e-06,7.184253192349388e-13
PWC,15,3,0.003219210911741587,0.007073302812469873,0.24392373988896818,0.2628110618191873,8.828485952648705e-06,7.184253192349388e-13
PWC,15,4,0.003219210911741587,0.007073302812469873,0.24392373988896818,0.2628110618191873,8.828485952648705e-06,7.184253192349388e-13
PWC,15,5,0.003219210911741587,0.007073302812469873,0.24392373988896818,0.2628110618191873,8.828485952648705e-06,7.184253192349388e-13
PWC,15,6,0.003219210911741587,0.007073302812469873,0.24392373988896818,0.2628110618191873,8.828485952648705e-06,7.184253192349388e-13
PWC,15,7,0.003219210911741587,0.007073302812469873,0.24392373988896818,0.2628110618191873,8.828485952648705e-06,7.184253192349388e-13
PWC,15,8,0.003219210911741587,0.007073302812469873,0.24392373988896818,0.2628110618191873,8.828485952648705e-06,7.184253192349388e-13
PWC,15,9,0.003219210911741587,0.007073302812469873,0.24392373988896818,0.2628110618191873,8.828485952648705e-06,7.184253192349388e-13
PWC,15,10,0.003219210911741587,0.007073302812469873,0.24392373988896818,0.2628110618191873,8.828485952648705e-06,7.184253192349388e-13
PWC,15,11,0.003219210911741587,0.007073302812469873,0.24392373988896818,0.2628110618191873,8.828485952648705e-06,7.184253192349388e-13
PWC,15,12,0.003219210911741587,0.007073302812469873,0.24392373988896818,0.2628110618191873,8.828485952648705e-06,7.184253192349388e-13
PWC,15,13,0.003219210911741587,0.007073302812469873,0.24392373988896818,0.2628110618191873,8.828485952648705e-06,7.184253192349388e-13
PWC,15,14,0.003219210911741587,0.007073302812469873,0.24392373988896818,0.2628110618191873,8.828485952648705e-06,7.184253192349388e-13
PWC,15,15,0.003219210911741587,0.007073302812469873,0.24392373988896818,0.2628110618191873,8.828485952648705e-06,7.184253192349388e-13
PWC,15,16,0.003219210911741587,0.007073302812469873,0.24392373988896818,0.2628110618191873,8.828485952648705e-06,7.184253192349388e-13
PWC,15,17,0.003219210911741587,0.007073302812469873,0.24392373988896818,0.2628110618191873,8.828485952648705e-06,7.184253192349388e-13
PWC,15,18,0.003219210911741587,0.007073302812469873,0.24392373988896818,0.2628110618191873,8.828485952648705e-06,7.184253192349388e-13
PWC,15,19,0.003219210911741587,0.007073302812469873,0.24392373988896818,0.2628110618191873,8.828485952648705e-06,7.184253192349388e-13
PWC,15,20,0.003219210911741587,0.007073302812469873,0.24392373988896818,0.2628110618191873,8.828485952648705e-06,7.184253192349388e-13
PWC,15,21,0.003219210911741587,0.007073302812469873,0.24392373988896818,0.2628110618191873,8.828485952648705e-06,7.184253192349388e-13
PWC,15,22,0.003219210911741587,0.007073302812469873,0.24392373988896818,0.2628110618191873,8.828485952648705e-06,7.184253192349388e-13
PWC,15,23,0.003219210911741587,0.007073302812469873,0.24392373988896818,0.2628110618191873,8.828485952648705e-06,7.184253192349388e-13
PWC,15,24,0.003219210911741587,0.007073302812469873,0.24392373988896818,0.2628110618191873,8.828485952648705e-06,7.184253192349388e-13
PWC,15,25,0.003219210911741587,0.007073302812469873,0.24392373988896818,0.2628110618191873,8.828485952648705e-06,7.184253192349388e-13
PWC,15,26,0.003219210911741587,0.007073302812469873,0.24392373988896818,0.2628110618191873,8.828485952648705e-06,7.184253192349388e-13
PWC,15,27,0.003219210911741587,0.007073302812469873,0.24392373988896818,0.2628110618191873,8.828485952648705e-06,7.184253192349388e-13
PWC,15,28,0.003219210911741587,0.007073302812469873,0.24392373988896818,0.2628110618191873,8.828485952648705e-06,7.184253192349388e-13
PWC,15,29,0.003219210911741587,0.007073302812469873,0.24392373988896818,0.2628110618191873,8.828485952648705e-06,7.184253192349388e-13
PWC,31,0,0.0009089807719709538,0.0019831592170493906,0.11531988733527489,0.12281483268223542,4.958006896828279e-06,1.7916779171400776e-12
PWC,31,1,0.0009089807719709538,0.0019831592170493906,0.11531988733527489,0.12281483268223542,4.958006896828279e-06,1.7916779171400776e-12
PWC,31,2,0.0009089807719709538,0.0019831592170493906,0.11531988733527489,0.12281483268223542,4.958006896828279e-06,1.7916779171400776e-12
PWC,31,3,0.0009089807719709538,0.0019831592170493906,0.11531988733527489,0.12281483268223542,4.958006896828279e-06,1.7916779171400776e-12
PWC,31,4,0.0009089807719709538,0.0019831592170493906,0.11531988733527489,0.12281483268223542,4.958006896828279e-06,1.7916779171400776e-12
PWC,31,5,0.0009089807719709538,0.0019831592170493906,0.11531988733527489,0.12281483268223542,4.958006896828279e-06,1.7916779171400776e-12
PWC,31,6,0.0009089807719709538,0.0019831592170493906,0.11531988733527489,0.12281483268223542,4.958006896828279e-06,1.7916779171400776e-12
PWC,31,7,0.0009089807719709538,0.0019831592170493906,0.11531988733527489,0.12281483268223542,4.958006896828279e-06,1.7916779171400776e-12
PWC,31,8,0.0009089807719709538,0.0019831592170493906,0.11531988733527489,0.12281483268223542,4.958006896828279e-06,1.7916779171400776e-12
PWC,31,9,0.0009089807719709538,0.0019831592170493906,0.11531988733527489,0.12281483268223542,4.958006896828279e-06,1.7916779171400776e-12
PWC,31,10,0.0009089807719709538,0.0019831592170493906,0.11531988733527489,0.12281483268223542,4.958006896828279e-06,1.7916779171400776e-12
PWC,31,11,0.0009089807719709538,0.0019831592170493906,0.11531988733527489,0.12281483268223542,4.958006896828279e-06,1.7916779171400776e-12
PWC,31,12,0.0009089807719709538,0.0019831592170493906,0.11531988733527489,0.12281483268223542,4.958006896828279e-06,1.7916779171400776e-12
PWC,31,13,0.0009089807719709538,0.0019831592170493906,0.11531988733527489,0.12281483268223542,4.958006896828279e-06,1.7916779171400776e-12
PWC,31,14,0.0009089807719709538,0.0019831592170493906,0.11531988733527489,0.12281483268223542,4.958006896828279e-06,1.7916779171400776e-12
PWC,31,15,0.0009089807719709538,0.0019831592170493906,0.11531988733527489,0.12281483268223542,4.958006896828279e-06,1.7916779171400776e-12
PWC,31,16,0.0009089807719709538,0.0019831592170493906,0.11531988733527489,0.12281483268223542,4.958006896828279e-06,1.7916779171400776e-12
PWC,31,17,0.0009089807719709538,0.0019831592170493906,0.11531988733527489,0.12281483268223542,4.958006896828279e-06,1.7916779171400776e-12
PWC,31,18,0.0009089807719709538,0.0019831592170493906,0.11531988733527489,0.12281483268223542,4.958006896828279e-06,1.7916779171400776e-12
PWC,31,19,0.0009089807719709538,0.0019831592170493906,0.11531988733527489,0.12281483268223542,4.958006896828279e-06,1.7916779171400776e-12
PWC,31,20,0.0009089807719709538,0.0019831592170493906,0.11531988733527489,0.12281483268223542,4.958006896828279e-06,1.7916779171400776e-12
PWC,31,21,0.0009089807719709538,0.0019831592170493906,0.11531988733527489,0.12281483268223542,4.958006896828279e-06,1.7916779171400776e-12
PWC,31,22,0.0009089807719709538,0.0019831592170493906,0.11531988733527489,0.12281483268223542,4.958006896828279e-06,1.7916779171400776e-12
PWC,31,23,0.0009089807719709538,0.0019831592170493906,0.11531988733527489,0.12281483268223542,4.958006896828279e-06,1.7916779171400776e-12
PWC,31,24,0.0009089807719709538,0.0019831592170493906,0.11531988733527489,0.12281483268223542,4.958006896828279e-06,1.7916779171400776e-12
PWC,31,25,0.0009089807719709538,0.0019831592170493906,0.11531988733527489,0.12281483268223542,4.958006896828279e-06,1.7916779171400776e-12
PWC,31,26,0.0009089807719709538,0.0019831592170493906,0.11531988733527489,0.12281483268223542,4.958006896828279e-06,1.7916779171400776e-12
PWC,31,27,0.0009089807719709538,0.0019831592170493906,0.11531988733527489,0.12281483268223542,4.958006896828279e-06,1.7916779171400776e-12
PWC,31,28,0.0009089807719709538,0.0019831592170493906,0.11531988733527489,0.12281483268223542,4.958006896828279e-06,1.7916779171400776e-12
PWC,31,29,0.0009089807719709538,0.0019831592170493906,0.11531988733527489,0.12281483268223542,4.958006896828279e-06,1.7916779171400776e-12
PWC,63,0,0.0004517126525672093,0.0010119935502896915,0.05702465038468046,0.06072703335233439,4.496659652123995e-06,8.452127886471317e-13
PWC,63,1,0.0004517126525672093,0.0010119935502896915,0.05702465038468046,0.06072703335233439,4.496659652123995e-06,8.452127886471317e-13
PWC,63,2,0.0004517126525672093,0.0010119935502896915,0.05702465038468046,0.06072703335233439,4.496659652123995e-06,8.452127886471317e-13
PWC,63,3,0.0004517126525672093,0.0010119935502896915,0.05702465038468046,0.06072703335233439,4.496659652123995e-06,8.452127886471317e-13
PWC,63,4,0.0004517126525672093,0.0010119935502896915,0.05702465038468046,0.06072703335233439,4.496659652123995e-06,8.452127886471317e-13
PWC,63,5,0.0004517126525672093,0.0010119935502896915,0.05702465038468046,0.06072703335233439,4.496659652123995e-06,8.452127886471317e-13
PWC,63,6,0.0004517126525672093,0.0010119935502896915,0.05702465038468046,0.06072703335233439,4.496659652123995e-06,8.452127886471317e-13
PWC,63,7,0.0004517126525672093,0.0010119935502896915,0.05702465038468046,0.06072703335233439,4.496659652123995e-06,8.452127886471317e-13
PWC,63,8,0.0004517126525672093,0.0010119935502896915,0.05702465038468046,0.06072703335233439,4.496659652123995e-06,8.452127886471317e-13
PWC,63,9,0.0004517126525672093,0.0010119935502896915,0.05702465038468046,0.06072703335233439,4.496659652123995e-06,8.452127886471317e-13
PWC,63,10,0.0004517126525672093,0.0010119935502896915,0.05702465038468046,0.06072703335233439,4.496659652123995e-06,8.452127886471317e-13
PWC,63,11,0.0004517126525672093,0.0010119935502896915,0.05702465038468046,0.06072703335233439,4.496659652123995e-06,8.452127886471317e-13
PWC,63,12,0.0004517126525672093,0.0010119935502896915,0.05702465038468046,0.06072703335233439,4.496659652123995e-06,8.452127886471317e-13
PWC,63,13,0.0004517126525672093,0.0010119935502896915,0.05702465038468046,0.06072703335233439,4.496659652123995e-06,8.452127886471317e-13
PWC,63,14,0.0004517126525672093,0.0010119935502896915,0.05702465038468046,0.06072703335233439,4.496659652123995e-06,8.452127886471317e-13
PWC,63,15,0.0004517126525672093,0.0010119935502896915,0.05702465038468046,0.06072703335233439,4.496659652123995e-06,8.452127886471317e-13
PWC,63,16,0.0004517126525672093,0.0010119935502896915,0.05702465038468046,0.06072703335233439,4.496659652123995e-06,8.452127886471317e-13
PWC,63,17,0.0004517126525672093,0.0010119935502896915,0.05702465038468046,0.06072703335233439,4.496659652123995e-06,8.452127886471317e-13
PWC,63,18,0.0004517126525672093,0.0010119935502896915,0.05702465038468046,0.06072703335233439,4.496659652123995e-06,8.452127886471317e-13
PWC,63,19,0.0004517126525672093,0.0010119935502896915,0.05702465038468046,0.06072703335233439,4.496659652123995e-06,8.452127886471317e-13
PWC,63,20,0.0004517126525672093,0.0010119935502896915,0.05702465038468046,0.06072703335233439,4.496659652123995e-06,8.452127886471317e-13
PWC,63,21,0.0004517126525672093,0.0010119935502896915,0.05702465038468046,0.06072703335233439,4.496659652123995e-06,8.452127886471317e-13
PWC,63,22,0.0004517126525672093,0.0010119935502896915,0.05702465038468046,0.06072703335233439,4.496659652123995e-06,8.452127886471317e-13
PWC,63,23,0.0004517126525672093,0.0010119935502896915,0.05702465038468046,0.06072703335233439,4.496659652123995e-06,8.452127886471317e-13
PWC,63,24,0.0004517126525672093,0.0010119935502896915,0.05702465038468046,0.06072703335233439,4.496659652123995e-06,8.452127886471317e-13
PWC,63,25,0.0004517126525672093,0.0010119935502896915,0.05702465038468046,0.06072703335233439,4.496659652123995e-06,8.452127886471317e-13
PWC,63,26,0.0004517126525672093,0.0010119935502896915,0.05702465038468046,0.06072703335233439,4.496659652123995e-06,8.452127886471317e-13
PWC,63,27,0.0004517126525672093,0.0010119935502896915,0.05702465038468046,0.06072703335233439,4.496659652123995e-06,8.452127886471317e-13
PWC,63,28,0.0004517126525672093,0.0010119935502896915,0.05702465038468046,0.06072703335233439,4.496659652123995e-06,8.452127886471317e-13
PWC,63,29,0.0004517126525672093,0.0010119935502896915,0.05702465038468046,0.06072703335233439,4.496659652123995e-06,8.452127886471317e-13
PWC,127,0,0.000383295959423386,0.0008760841511881168,0.02832055952102168,0.030112870831021796,4.408245420527608e-06,8.623102232263591e-13
PWC,127,1,0.000383295959423386,0.0008760841511881168,0.02832055952102168,0.030112870831021796,4.408245420527608e-06,8.623102232263591e-13
PWC,127,2,0.000383295959423386,0.0008760841511881168,0.02832055952102168,0.030112870831021796,4.408245420527608e-06,8.623102232263591e-13
PWC,127,3,0.000383295959423386,0.0008760841511881168,0.02832055952102168,0.030112870831021796,4.408245420527608e-06,8.623102232263591e-13
PWC,127,4,0.000383295959423386,0.0008760841511881168,0.02832055952102168,0.030112870831021796,4.408245420527608e-06,8.623102232263591e-13
PWC,127,5,0.000383295959423386,0.0008760841511881168,0.02832055952102168,0.030112870831021796,4.408245420527608e-06,8.623102232263591e-13
PWC,127,6,0.000383295959423386,0.0008760841511881168,0.02832055952102168,0.030112870831021796,4.408245420527608e-06,8.623102232263591e-13
PWC,127,7,0.000383295959423386,0.0008760841511881168,0.02832055952102168,0.030112870831021796,4.408245420527608e-06,8.623102232263591e-13
PWC,127,8,0.000383295959423386,0.0008760841511881168,0.02832055952102168,0.030112870831021796,4.408245420527608e-06,8.623102232263591e-13
PWC,127,9,0.000383295959423386,0.0008760841511881168,0.02832055952102168,0.030112870831021796,4.408245420527608e-06,8.623102232263591e-13
PWC,127,10,0.000383295959423386,0.0008760841511881168,0.02832055952102168,0.030112870831021796,4.408245420527608e-06,8.623102232263591e-13
PWC,127,11,0.000383295959423386,0.0008760841511881168,0.02832055952102168,0.030112870831021796,4.408245420527608e-06,8.623102232263591e-13
PWC,127,12,0.000383295959423386,0.0008760841511881168,0.02832055952102168,0.030112870831021796,4.408245420527608e-06,8.623102232263591e-13
PWC,127,13,0.000383295959423386,0.0008760841511881168,0.02832055952102168,0.030112870831021796,4.408245420527608e-06,8.623102232263591e-13
PWC,127,14,0.000383295959423386,0.0008760841511881168,0.02832055952102168,0.030112870831021796,4.408245420527608e-06,8.623102232263591e-13
PWC,127,15,0.000383295959423386,0.0008760841511881168,0.02832055952102168,0.030112870831021796,4.408245420527608e-06,8.623102232263591e-13
PWC,127,16,0.000383295959423386,0.0008760841511881168,0.02832055952102168,0.030112870831021796,4.408245420527608e-06,8.623102232263591e-13
PWC,127,17,0.000383295959423386,0.0008760841511881168,0.02832055952102168,0.030112870831021796,4.408245420527608e-06,8.623102232263591e-13
PWC,127,18,0.000383295959423386,0.0008760841511881168,0.02832055952102168,0.030112870831021796,4.408245420527608e-06,8.623102232263591e-13
PWC,127,19,0.000383295959423386,0.0008760841511881168,0.02832055952102168,0.030112870831021796,4.408245420527608e-06,8.623102232263591e-13
PWC,127,20,0.000383295959423386,0.0008760841511881168,0.02832055952102168,0.030112870831021796,4.408245420527608e-06,8.623102232263591e-13
PWC,127,21,0.000383295959423386,0.0008760841511881168,0.02832055952102168,0.030112870831021796,4.408245420527608e-06,8.623102232263591e-13
PWC,127,22,0.000383295959423386,0.0008760841511881168,0.02832055952102168,0.030112870831021796,4.408245420527608e-06,8.623102232263591e-13
PWC,127,23,0.000383295959423386,0.0008760841511881168,0.02832055952102168,0.030112870831021796,4.408245420527608e-06,8.623102232263591e-13
PWC,127,24,0.000383295959423386,0.0008760841511881168,0.02832055952102168,0.030112870831021796,4.408245420527608e-06,8.623102232263591e-13
PWC,127,25,0.000383295959423386,0.0008760841511881168,0.02832055952102168,0.030112870831021796,4.408245420527608e-06,8.623102232263591e-13
PWC,127,26,0.000383295959423386,0.0008760841511881168,0.02832055952102168,0.030112870831021796,4.408245420527608e-06,8.623102232263591e-13
PWC,127,27,0.000383295959423386,0.0008760841511881168,0.02832055952102168,0.030112870831021796,4.408245420527608e-06,8.623102232263591e-13
PWC,127,28,0.000383295959423386,0.0008760841511881168,0.02832055952102168,0.030112870831021796,4.408245420527608e-06,8.623102232263591e-13
PWC,127,29,0.000383295959423386,0.0008760841511881168,0.02832055952102168,0.030112870831021796,4.408245420527608e-06,8.623102232263591e-13
PWC,255,0,0.000373614977072112,0.0008430067157205734,0.014099975697845999,0.015007129340865653,4.363087045053543e-06,1.5221157667610896e-13
PWC,255,1,0.000373614977072112,0.0008430067157205734,0.014099975697845999,0.015007129340865653,4.363087045053543e-06,1.5221157667610896e-13
PWC,255,2,0.000373614977072112,0.0008430067157205734,0.014099975697845999,0.015007129340865653,4.363087045053543e-06,1.5221157667610896e-13
PWC,255,3,0.000373614977072112,0.0008430067157205734,0.014099975697845999,0.015007129340865653,4.363087045053543e-06,1.5221157667610896e-13
PWC,255,4,0.000373614977072112,0.0008430067157205734,0.014099975697845999,0.015007129340865653,4.363087045053543e-06,1.5221157667610896e-13
PWC,255,5,0.000373614977072112,0.0008430067157205734,0.014099975697845999,0.015007129340865653,4.363087045053543e-06,1.5221157667610896e-13
PWC,255,6,0.000373614977072112,0.0008430067157205734,0.014099975697845999,0.015007129340865653,4.363087045053543e-06,1.5221157667610896e-13
PWC,255,7,0.000373614977072112,0.0008430067157205734,0.014099975697845999,0.015007129340865653,4.363087045053543e-06,1.5221157667610896e-13
PWC,255,8,0.000373614977072112,0.0008430067157205734,0.014099975697845999,0.015007129340865653,4.363087045053543e-06,1.5221157667610896e-13
PWC,255,9,0.000373614977072112,0.0008430067157205734,0.014099975697845999,0.015007129340865653,4.363087045053543e-06,1.5221157667610896e-13
PWC,255,10,0.000373614977072112,0.0008430067157205734,0.014099975697845999,0.015007129340865653,4.363087045053543e-06,1.5221157667610896e-13
PWC,255,11,0.000373614977072112,0.0008430067157205734,0.014099975697845999,0.015007129340865653,4.363087045053543e-06,1.5221157667610896e-13
PWC,255,12,0.000373614977072112,0.0008430067157205734,0.014099975697845999,0.015007129340865653,4.363087045053543e-06,1.5221157667610896e-13
PWC,255,13,0.000373614977072112,0.0008430067157205734,0.014099975697845999,0.015007129340865653,4.363087045053543e-06,1.5221157667610896e-13
PWC,255,14,0.000373614977072112,0.0008430067157205734,0.014099975697845999,0.015007129340865653,4.363087045053543e-06,1.5221157667610896e-13
PWC,255,15,0.000373614977072112,0.0008430067157205734,0.014099975697845999,0.015007129340865653,4.363087045053543e-06,1.5221157667610896e-13
PWC,255,16,0.000373614977072112,0.0008430067157205734,0.014099975697845999,0.015007129340865653,4.363087045053543e-06,1.5221157667610896e-13
PWC,255,17,0.000373614977072112,0.0008430067157205734,0.014099975697845999,0.015007129340865653,4.363087045053543e-06,1.5221157667610896e-13
PWC,255,18,0.000373614977072112,0.0008430067157205734,0.014099975697845999,0.015007129340865653,4.363087045053543e-06,1.5221157667610896e-13
PWC,255,19,0.000373614977072112,0.0008430067157205734,0.014099975697845999,0.015007129340865653,4.363087045053543e-06,1.5221157667610896e-13
PWC,255,20,0.000373614977072112,0.0008430067157205734,0.014099975697845999,0.015007129340865653,4.363087045053543e-06,1.5221157667610896e-13
PWC,255,21,0.000373614977072112,0.0008430067157205734,0.014099975697845999,0.015007129340865653,4.363087045053543e-06,1.5221157667610896e-13
PWC,255,22,0.000373614977072112,0.0008430067157205734,0.014099975697845999,0.015007129340865653,4.363087045053543e-06,1.5221157667610896e-13
PWC,255,23,0.000373614977072112,0.0008430067157205734,0.014099975697845999,0.015007129340865653,4.363087045053543e-06,1.5221157667610896e-13
PWC,255,24,0.000373614977072112,0.0008430067157205734,0.014099975697845999,0.015007129340865653,4.363087045053543e-06,1.5221157667610896e-13
PWC,255,25,0.000373614977072112,0.0008430067157205734,0.014099975697845999,0.015007129340865653,4.363087045053543e-06,1.5221157667610896e-13
PWC,255,26,0.000373614977072112,0.0008430067157205734,0.014099975697845999,0.015007129340865653,4.363087045053543e-06,1.5221157667610896e-13
PWC,255,27,0.000373614977072112,0.0008430067157205734,0.014099975697845999,0.015007129340865653,4.363087045053543e-06,1.5221157667610896e-13
PWC,255,28,0.000373614977072112,0.0008430067157205734,0.014099975697845999,0.015007129340865653,4.363087045053543e-06,1.5221157667610896e-13
PWC,255,29,0.000373614977072112,0.0008430067157205734,0.014099975697845999,0.015007129340865653,4.363087045053543e-06,1.5221157667610896e-13
PWC,511,0,0.0003712208741183017,0.0008348298975233703,0.007036871278955656,0.007490905619575288,4.3509589070435846e-06,3.672617765460018e-13
PWC,511,1,0.0003712208741183017,0.0008348298975233703,0.007036871278955656,0.007490905619575288,4.3509589070435846e-06,3.672617765460018e-13
PWC,511,2,0.0003712208741183017,0.0008348298975233703,0.007036871278955656,0.007490905619575288,4.3509589070435846e-06,3.672617765460018e-13
PWC,511,3,0.0003712208741183017,0.0008348298975233703,0.007036871278955656,0.007490905619575288,4.3509589070435846e-06,3.672617765460018e-13
PWC,511,4,0.0003712208741183017,0.0008348298975233703,0.007036871278955656,0.007490905619575288,4.3509589070435846e-06,3.672617765460018e-13
PWC,511,5,0.0003712208741183017,0.0008348298975233703,0.007036871278955656,0.007490905619575288,4.3509589070435846e-06,3.672617765460018e-13
PWC,511,6,0.0003712208741183017,0.0008348298975233703,0.007036871278955656,0.007490905619575288,4.3509589070435846e-06,3.672617765460018e-13
PWC,511,7,0.0003712208741183017,0.0008348298975233703,0.007036871278955656,0.007490905619575288,4.3509589070435846e-06,3.672617765460018e-13
PWC,511,8,0.0003712208741183017,0.0008348298975233703,0.007036871278955656,0.007490905619575288,4.3509589070435846e-06,3.672617765460018e-13
PWC,511,9,0.0003712208741183017,0.0008348298975233703,0.007036871278955656,0.007490905619575288,4.3509589070435846e-06,3.672617765460018e-13
PWC,511,10,0.0003712208741183017,0.0008348298975233703,0.007036871278955656,0.007490905619575288,4.3509589070435846e-06,3.672617765460018e-13
PWC,511,11,0.0003712208741183017,0.0008348298975233703,0.007036871278955656,0.007490905619575288,4.3509589070435846e-06,3.672617765460018e-13
PWC,511,12,0.0003712208741183017,0.0008348298975233703,0.007036871278955656,0.007490905619575288,4.3509589070435846e-06,3.672617765460018e-13
PWC,511,13,0.0003712208741183017,0.0008348298975233703,0.007036871278955656,0.007490905619575288,4.3509589070435846e-06,3.672617765460018e-13
PWC,511,14,0.0003712208741183017,0.0008348298975233703,0.007036871278955656,0.007490905619575288,4.3509589070435846e-06,3.672617765460018e-13
PWC,511,15,0.0003712208741183017,0.0008348298975233703,0.007036871278955656,0.007490905619575288,4.3509589070435846e-06,3.672617765460018e-13
PWC,511,16,0.0003712208741183017,0.0008348298975233703,0.007036871278955656,0.007490905619575288,4.3509589070435846e-06,3.672617765460018e-13
PWC,511,17,0.0003712208741183017,0.0008348298975233703,0.007036871278955656,0.007490905619575288,4.3509589070435846e-06,3.672617765460018e-13
PWC,511,18,0.0003712208741183017,0.0008348298975233703,0.007036871278955656,0.007490905619575288,4.3509589070435846e-06,3.672617765460018e-13
PWC,511,19,0.0003712208741183017,0.0008348298975233703,0.007036871278955656,0.007490905619575288,4.3509589070435846e-06,3.672617765460018e-13
PWC,511,20,0.0003712208741183017,0.0008348298975233703,0.007036871278955656,0.007490905619575288,4.3509589070435846e-06,3.672617765460018e-13
PWC,511,21,0.0003712208741183017,0.0008348298975233703,0.007036871278955656,0.007490905619575288,4.3509589070435846e-06,3.672617765460018e-13
PWC,511,22,0.0003712208741183017,0.0008348298975233703,0.007036871278955656,0.007490905619575288,4.3509589070435846e-06,3.672617765460018e-13
PWC,511,23,0.0003712208741183017,0.0008348298975233703,0.007036871278955656,0.007490905619575288,4.3509589070435846e-06,3.672617765460018e-13
PWC,511,24,0.0003712208741183017,0.0008348298975233703,0.007036871278955656,0.007490905619575288,4.3509589070435846e-06,3.672617765460018e-13
PWC,511,25,0.0003712208741183017,0.0008348298975233703,0.007036871278955656,0.007490905619575288,4.3509589070435846e-06,3.672617765460018e-13
PWC,511,26,0.0003712208741183017,0.0008348298975233703,0.007036871278955656,0.007490905619575288,4.3509589070435846e-06,3.672617765460018e-13
PWC,511,27,0.0003712208741183017,0.0008348298975233703,0.007036871278955656,0.007490905619575288,4.3509589070435846e-06,3.672617765460018e-13
PWC,511,28,0.0003712208741183017,0.0008348298975233703,0.007036871278955656,0.007490905619575288,4.3509589070435846e-06,3.672617765460018e-13
PWC,511,29,0.0003712208741183017,0.0008348298975233703,0.007036871278955656,0.007490905619575288,4.3509589070435846e-06,3.672617765460018e-13
PWC,1023,0,0.0003706253283683027,0.0008327960696483672,0.00351558706513026,0.0037423622154290144,4.349693158526929e-06,1.1834977442504169e-13
PWC,1023,1,0.0003706253283683027,0.0008327960696483672,0.00351558706513026,0.0037423622154290144,4.349693158526929e-06,1.1834977442504169e-13
PWC,1023,2,0.0003706253283683027,0.0008327960696483672,0.00351558706513026,0.0037423622154290144,4.349693158526929e-06,1.1834977442504169e-13
PWC,1023,3,0.0003706253283683027,0.0008327960696483672,0.00351558706513026,0.0037423622154290144,4.349693158526929e-06,1.1834977442504169e-13
PWC,1023,4,0.0003706253283683027,0.0008327960696483672,0.00351558706513026,0.0037423622154290144,4.349693158526929e-06,1.1834977442504169e-13
PWC,1023,5,0.0003706253283683027,0.0008327960696483672,0.00351558706513026,0.0037423622154290144,4.349693158526929e-06,1.1834977442504169e-13
PWC,1023,6,0.0003706253283683027,0.0008327960696483672,0.00351558706513026,0.0037423622154290144,4.349693158526929e-06,1.1834977442504169e-13
PWC,1023,7,0.0003706253283683027,0.0008327960696483672,0.00351558706513026,0.0037423622154290144,4.349693158526929e-06,1.1834977442504169e-13
PWC,1023,8,0.0003706253283683027,0.0008327960696483672,0.00351558706513026,0.0037423622154290144,4.349693158526929e-06,1.1834977442504169e-13
PWC,1023,9,0.0003706253283683027,0.0008327960696483672,0.00351558706513026,0.0037423622154290144,4.349693158526929e-06,1.1834977442504169e-13
PWC,1023,10,0.0003706253283683027,0.0008327960696483672,0.00351558706513026,0.0037423622154290144,4.349693158526929e-06,1.1834977442504169e-13
PWC,1023,11,0.0003706253283683027,0.0008327960696483672,0.00351558706513026,0.0037423622154290144,4.349693158526929e-06,1.1834977442504169e-13
PWC,1023,12,0.0003706253283683027,0.0008327960696483672,0.00351558706513026,0.0037423622154290144,4.349693158526929e-06,1.1834977442504169e-13
PWC,1023,13,0.0003706253283683027,0.0008327960696483672,0.00351558706513026,0.0037423622154290144,4.349693158526929e-06,1.1834977442504169e-13
PWC,1023,14,0.0003706253283683027,0.0008327960696483672,0.00351558706513026,0.0037423622154290144,4.349693158526929e-06,1.1834977442504169e-13
PWC,1023,15,0.0003706253283683027,0.0008327960696483672,0.00351558706513026,0.0037423622154290144,4.349693158526929e-06,1.1834977442504169e-13
PWC,1023,16,0.0003706253283683027,0.0008327960696483672,0.00351558706513026,0.0037423622154290144,4.349693158526929e-06,1.1834977442504169e-13
PWC,1023,17,0.0003706253283683027,0.0008327960696483672,0.00351558706513026,0.0037423622154290144,4.349693158526929e-06,1.1834977442504169e-13
PWC,1023,18,0.0003706253283683027,0.0008327960696483672,0.00351558706513026,0.0037423622154290144,4.349693158526929e-06,1.1834977442504169e-13
PWC,1023,19,0.0003706253283683027,0.0008327960696483672,0.00351558706513026,0.0037423622154290144,4.349693158526929e-06,1.1834977442504169e-13
PWC,1023,20,0.0003706253283683027,0.0008327960696483672,0.00351558706513026,0.0037423622154290144,4.349693158526929e-06,1.1834977442504169e-13
PWC,1023,21,0.0003706253283683027,0.0008327960696483672,0.00351558706513026,0.0037423622154290144,4.349693158526929e-06,1.1834977442504169e-13
PWC,1023,22,0.0003706253283683027,0.0008327960696483672,0.00351558706513026,0.0037423622154290144,4.349693158526929e-06,1.1834977442504169e-13
PWC,1023,23,0.0003706253283683027,0.0008327960696483672,0.00351558706513026,0.0037423622154290144,4.349693158526929e-06,1.1834977442504169e-13
PWC,1023,24,0.0003706253283683027,0.0008327960696483672,0.00351558706513026,0.0037423622154290144,4.349693158526929e-06,1.1834977442504169e-13
PWC,1023,25,0.0003706253283683027,0.0008327960696483672,0.00351558706513026,0.0037423622154290144,4.349693158526929e-06,1.1834977442504169e-13
PWC,1023,26,0.0003706253283683027,0.0008327960696483672,0.00351558706513026,0.0037423622154290144,4.349693158526929e-06,1.1834977442504169e-13
PWC,1023,27,0.0003706253283683027,0.0008327960696483672,0.00351558706513026,0.0037423622154290144,4.349693158526929e-06,1.1834977442504169e-13
PWC,1023,28,0.0003706253283683027,0.0008327960696483672,0.00351558706513026,0.0037423622154290144,4.349693158526929e-06,1.1834977442504169e-13
PWC,1023,29,0.0003706253283683027,0.0008327960696483672,0.00351558706513026,0.0037423622154290144,4.349693158526929e-06,1.1834977442504169e-13
PWC,2047,0,0.00037047679686658737,0.0008322888371603554,0.0017582305785227058,0.0018716624863867666,4.34900075246626e-06,9.392486788328824e-14
PWC,2047,1,0.00037047679686658737,0.0008322888371603554,0.0017582305785227058,0.0018716624863867666,4.34900075246626e-06,9.392486788328824e-14
PWC,2047,2,0.00037047679686658737,0.0008322888371603554,0.0017582305785227058,0.0018716624863867666,4.34900075246626e-06,9.392486788328824e-14
PWC,2047,3,0.00037047679686658737,0.0008322888371603554,0.0017582305785227058,0.0018716624863867666,4.34900075246626e-06,9.392486788328824e-14
PWC,2047,4,0.00037047679686658737,0.0008322888371603554,0.0017582305785227058,0.0018716624863867666,4.34900075246626e-06,9.392486788328824e-14
PWC,2047,5,0.00037047679686658737,0.0008322888371603554,0.0017582305785227058,0.0018716624863867666,4.34900075246626e-06,9.392486788328824e-14
PWC,2047,6,0.00037047679686658737,0.0008322888371603554,0.0017582305785227058,0.0018716624863867666,4.34900075246626e-06,9.392486788328824e-14
PWC,2047,7,0.00037047679686658737,0.0008322888371603554,0.0017582305785227058,0.0018716624863867666,4.34900075246626e-06,9.392486788328824e-14
PWC,2047,8,0.00037047679686658737,0.0008322888371603554,0.0017582305785227058,0.0018716624863867666,4.34900075246626e-06,9.392486788328824e-14
PWC,2047,9,0.00037047679686658737,0.0008322888371603554,0.0017582305785227058,0.0018716624863867666,4.34900075246626e-06,9.392486788328824e-14
PWC,2047,10,0.00037047679686658737,0.0008322888371603554,0.0017582305785227058,0.0018716624863867666,4.34900075246626e-06,9.392486788328824e-14
PWC,2047,11,0.00037047679686658737,0.0008322888371603554,0.0017582305785227058,0.0018716624863867666,4.34900075246626e-06,9.392486788328824e-14
PWC,2047,12,0.00037047679686658737,0.0008322888371603554,0.0017582305785227058,0.0018716624863867666,4.34900075246626e-06,9.392486788328824e-14
PWC,2047,13,0.00037047679686658737,0.0008322888371603554,0.0017582305785227058,0.0018716624863867666,4.34900075246626e-06,9.392486788328824e-14
PWC,2047,14,0.00037047679686658737,0.0008322888371603554,0.0017582305785227058,0.0018716624863867666,4.34900075246626e-06,9.392486788328824e-14
PWC,2047,15,0.00037047679686658737,0.0008322888371603554,0.0017582305785227058,0.0018716624863867666,4.34900075246626e-06,9.392486788328824e-14
PWC,2047,16,0.00037047679686658737,0.0008322888371603554,0.0017582305785227058,0.0018716624863867666,4.34900075246626e-06,9.392486788328824e-14
PWC,2047,17,0.00037047679686658737,0.0008322888371603554,0.0017582305785227058,0.0018716624863867666,4.34900075246626e-06,9.392486788328824e-14
PWC,2047,18,0.00037047679686658737,0.0008322888371603554,0.0017582305785227058,0.0018716624863867666,4.34900075246626e-06,9.392486788328824e-14
PWC,2047,19,0.00037047679686658737,0.0008322888371603554,0.0017582305785227058,0.0018716624863867666,4.34900075246626e-06,9.392486788328824e-14
PWC,2047,20,0.00037047679686658737,0.0008322888371603554,0.0017582305785227058,0.0018716624863867666,4.34900075246626e-06,9.392486788328824e-14
PWC,2047,21,0.00037047679686658737,0.0008322888371603554,0.0017582305785227058,0.0018716624863867666,4.34900075246626e-06,9.392486788328824e-14
PWC,2047,22,0.00037047679686658737,0.0008322888371603554,0.0017582305785227058,0.0018716624863867666,4.34900075246626e-06,9.392486788328824e-14
PWC,2047,23,0.00037047679686658737,0.0008322888371603554,0.0017582305785227058,0.0018716624863867666,4.34900075246626e-06,9.392486788328824e-14
PWC,2047,24,0.00037047679686658737,0.0008322888371603554,0.0017582305785227058,0.0018716624863867666,4.34900075246626e-06,9.392486788328824e-14
PWC,2047,25,0.00037047679686658737,0.0008322888371603554,0.0017582305785227058,0.0018716624863867666,4.34900075246626e-06,9.392486788328824e-14
PWC,2047,26,0.00037047679686658737,0.0008322888371603554,0.0017582305785227058,0.0018716624863867666,4.34900075246626e-06,9.392486788328824e-14
PWC,2047,27,0.00037047679686658737,0.0008322888371603554,0.0017582305785227058,0.0018716624863867666,4.34900075246626e-06,9.392486788328824e-14
PWC,2047,28,0.00037047679686658737,0.0008322888371603554,0.0017582305785227058,0.0018716624863867666,4.34900075246626e-06,9.392486788328824e-14
PWC,2047,29,0.00037047679686658737,0.0008322888371603554,0.0017582305785227058,0.0018716624863867666,4.34900075246626e-06,9.392486788328824e-14
PWC,4095,0,0.00037043970727420233,0.0008321621776183896,0.0008812560867469756,0.0009379830349668886,4.3488163987521205e-06,1.1146639167236572e-13
PWC,4095,1,0.00037043970727420233,0.0008321621776183896,0.0008812560867469756,0.0009379830349668886,4.3488163987521205e-06,1.1146639167236572e-13
PWC,4095,2,0.00037043970727420233,0.0008321621776183896,0.0008812560867469756,0.0009379830349668886,4.3488163987521205e-06,1.1146639167236572e-13
PWC,4095,3,0.00037043970727420233,0.0008321621776183896,0.0008812560867469756,0.0009379830349668886,4.3488163987521205e-06,1.1146639167236572e-13
PWC,4095,4,0.00037043970727420233,0.0008321621776183896,0.0008812560867469756,0.0009379830349668886,4.3488163987521205e-06,1.1146639167236572e-13
PWC,4095,5,0.00037043970727420233,0.0008321621776183896,0.0008812560867469756,0.0009379830349668886,4.3488163987521205e-06,1.1146639167236572e-13
PWC,4095,6,0.00037043970727420233,0.0008321621776183896,0.0008812560867469756,0.0009379830349668886,4.3488163987521205e-06,1.1146639167236572e-13
PWC,4095,7,0.00037043970727420233,0.0008321621776183896,0.0008812560867469756,0.0009379830349668886,4.3488163987521205e-06,1.1146639167236572e-13
PWC,4095,8,0.00037043970727420233,0.0008321621776183896,0.0008812560867469756,0.0009379830349668886,4.3488163987521205e-06,1.1146639167236572e-13
PWC,4095,9,0.00037043970727420233,0.0008321621776183896,0.0008812560867469756,0.0009379830349668886,4.3488163987521205e-06,1.1146639167236572e-13
PWC,4095,10,0.00037043970727420233,0.0008321621776183896,0.0008812560867469756,0.0009379830349668886,4.3488163987521205e-06,1.1146639167236572e-13
PWC,4095,11,0.00037043970727420233,0.0008321621776183896,0.0008812560867469756,0.0009379830349668886,4.3488163987521205e-06,1.1146639167236572e-13
PWC,4095,12,0.00037043970727420233,0.0008321621776183896,0.0008812560867469756,0.0009379830349668886,4.3488163987521205e-06,1.1146639167236572e-13
PWC,4095,13,0.00037043970727420233,0.0008321621776183896,0.0008812560867469756,0.0009379830349668886,4.3488163987521205e-06,1.1146639167236572e-13
PWC,4095,14,0.00037043970727420233,0.0008321621776183896,0.0008812560867469756,0.0009379830349668886,4.3488163987521205e-06,1.1146639167236572e-13
PWC,4095,15,0.00037043970727420233,0.0008321621776183896,0.0008812560867469756,0.0009379830349668886,4.3488163987521205e-06,1.1146639167236572e-13
PWC,4095,16,0.00037043970727420233,0.0008321621776183896,0.0008812560867469756,0.0009379830349668886,4.3488163987521205e-06,1.1146639167236572e-13
PWC,4095,17,0.00037043970727420233,0.0008321621776183896,0.0008812560867469756,0.0009379830349668886,4.3488163987521205e-06,1.1146639167236572e-13
PWC,4095,18,0.00037043970727420233,0.0008321621776183896,0.0008812560867469756,0.0009379830349668886,4.3488163987521205e-06,1.1146639167236572e-13
PWC,4095,19,0.00037043970727420233,0.0008321621776183896,0.0008812560867469756,0.0009379830349668886,4.3488163987521205e-06,1.1146639167236572e-13
PWC,4095,20,0.00037043970727420233,0.0008321621776183896,0.0008812560867469756,0.0009379830349668886,4.3488163987521205e-06,1.1146639167236572e-13
PWC,4095,21,0.00037043970727420233,0.0008321621776183896,0.0008812560867469756,0.0009379830349668886,4.3488163987521205e-06,1.1146639167236572e-13
PWC,4095,22,0.00037043970727420233,0.0008321621776183896,0.0008812560867469756,0.0009379830349668886,4.3488163987521205e-06,1.1146639167236572e-13
PWC,4095,23,0.00037043970727420233,0.0008321621776183896,0.0008812560867469756,0.0009379830349668886,4.3488163987521205e-06,1.1146639167236572e-13
PWC,4095,24,0.00037043970727420233,0.0008321621776183896,0.0008812560867469756,0.0009379830349668886,4.3488163987521205e-06,1.1146639167236572e-13
PWC,4095,25,0.00037043970727420233,0.0008321621776183896,0.0008812560867469756,0.0009379830349668886,4.3488163987521205e-06,1.1146639167236572e-13
PWC,4095,26,0.00037043970727420233,0.0008321621776183896,0.0008812560867469756,0.0009379830349668886,4.3488163987521205e-06,1.1146639167236572e-13
PWC,4095,27,0.00037043970727420233,0.0008321621776183896,0.0008812560867469756,0.0009379830349668886,4.3488163987521205e-06,1.1146639167236572e-13
PWC,4095,28,0.00037043970727420233,0.0008321621776183896,0.0008812560867469756,0.0009379830349668886,4.3488163987521205e-06,1.1146639167236572e-13
PWC,4095,29,0.00037043970727420233,0.0008321621776183896,0.0008812560867469756,0.0009379830349668886,4.3488163987521205e-06,1.1146639167236572e-13
PF,100,0,0.05538272488393319,0.12215076034314443,0.4370387143378936,0.5438235082672707,1.6473924993881894e-10,2.220446049250313e-16
PF,100,1,0.0533040978106873,0.1000338537276364,0.4268314081037172,0.5386987233655405,1.4287754345120093e-10,3.3306690738754696e-16
PF,100,2,0.07185597084223977,0.19731649439622556,0.4263622424423743,0.6054042779837493,4.5237014676167704e-10,3.3306690738754696e-16
PF,100,3,0.04229664528174837,0.15331778327305612,0.4346728740998738,0.5262615468871,1.5357253375147648e-07,2.220446049250313e-16
PF,100,4,0.05616105905554525,0.20993445250517517,0.41117414245068606,0.49059420799355064,7.918351028332383e-10,3.3306690738754696e-16
PF,100,5,0.03479026077974279,0.11804071347584966,0.4214322142056401,0.49455846571521306,5.442692181425454e-10,0.0
PF,100,6,0.03408427866193363,0.06632342946415948,0.43948393294331073,0.5179640786722962,7.933691235332247e-10,4.440892098500626e-16
PF,100,7,0.037667063805065716,0.14001421492594446,0.41487027517619224,0.46042325262384204,1.9786538100161448e-10,1.1102230246251565e-16
PF,100,8,0.02727543915944776,0.05063484558545106,0.40248186171211003,0.5231499438922549,4.16521082255476e-10,2.220446049250313e-16
PF,100,9,0.058647320346992556,0.16538280391116,0.4267477925499479,0.45945403381710853,6.953421880433655e-10,3.3306690738754696e-16
PF,100,10,0.05365464390187554,0.11223198332700957,0.3826060917758156,0.43367642922740723,4.2450569199024856e-10,3.3306690738754696e-16
PF,100,11,0.046131740341237376,0.08177522108394886,0.39634700338627327,0.4719121100006431,5.6545105128038194e-11,3.3306690738754696e-16
PF,100,12,0.03896189089325302,0.07707420255712893,0.43077935878443163,0.48969577636584116,8.202622522718814e-10,4.440892098500626e-16
PF,100,13,0.039611790716533965,0.12985558870558078,0.39478442811471015,0.4713579981687173,2.290135180036751e-10,3.3306690738754696e-16
PF,100,14,0.05967078238751143,0.14150348642104316,0.40039484898050004,0.44433934397977404,2.1113291879197554e-10,4.440892098500626e-16
PF,100,15,0.06788702812994174,0.1325310557119077,0.4249565876779991,0.5418185828278729,1.7894640680691728e-09,3.3306690738754696e-16
PF,100,16,0.030327360490414474,0.074311343192901,0.39003481762867753,0.4862729879562867,3.2451910868350716e-10,3.3306690738754696e-16
PF,100,17,0.05135778721848075,0.09453048114870954,0.41592082911921413,0.44779293168194645,1.0080204318143319e-10,2.220446049250313e-16
PF,100,18,0.054268247465214525,0.15195717161666122,0.3693563971579255,0.4678425254319615,2.4793480299882753e-10,1.1102230246251565e-16
PF,100,19,0.03365317912163205,0.11778300560243116,0.3935349138243396,0.5151700070105759,1.5279574706561198e-10,1.1102230246251565e-16
PF,100,20,0.06817243293718282,0.1817491210636022,0.4366149878942897,0.4798695196633065,7.006995508959614e-08,3.3306690738754696e-16
PF,100,21,0.034976187604836055,0.1040916130097651,0.3966504224686054,0.5760201710856488,7.698972510866325e-11,3.3306690738754696e-16
PF,100,22,0.05543495918592731,0.10895387121430788,0.427133555907081,0.5447848015844238,9.322328957191992e-10,1.1102230246251565e-16
PF,100,23,0.05058072504912002,0.16280608160879595,0.409582003698424,0.5519244983610607,5.105851785463682e-10,3.3306690738754696e-16
PF,100,24,0.04165776255312546,0.07328382849898674,0.4093593441485948,0.46275542770154415,6.168260136638341e-10,2.220446049250313e-16
PF,100,25,0.07079151860665285,0.18009216471795408,0.44028303461326856,0.5309199226888831,7.005289486629981e-10,1.1102230246251565e-16
PF,100,26,0.03789229922404106,0.0597322957004609,0.3941998535667968,0.4900570992989611,3.781595553919832e-10,2.220446049250313e-16
PF,100,27,0.024181301865124558,0.05926522325393746,0.38997126918562186,0.45153986578380784,9.722699682292693e-11,3.3306690738754696e-16
PF,100,28,0.03463743584952593,0.07872050439814382,0.43776443819608474,0.5022557403770466,2.332566320851464e-10,3.3306690738754696e-16
PF,100,29,0.06169882385410889,0.1480270865383555,0.44304621712897047,0.5261671292493905,4.243307819357161e-10,2.220446049250313e-16
PF,300,0,0.020444599208243278,0.045633290279681216,0.31442039207990613,0.3894512452546008,2.7838136330952427e-12,4.440892098500626e-16
PF,300,1,0.028641485997757312,0.04742107398318529,0.30038833787639224,0.368256395859388,4.160217425584366e-12,3.3306690738754696e-16
PF,300,2,0.015431853634382462,0.04235043377841041,0.3049221581114749,0.3528837635522501,1.6040472406174234e-12,1.1102230246251565e-16
PF,300,3,0.024649734175152125,0.051733337624625175,0.27321393823234913,0.3792746632061497,1.095840832108604e-14,3.3306690738754696e-16
PF,300,4,0.046403547083381604,0.07640142519509974,0.29517442684268635,0.3517583530571484,8.291170000789255e-14,3.3306690738754696e-16
PF,300,5,0.012937021380181256,0.02225643488199891,0.29579550521084874,0.35518312109997496,1.2401076999297575e-13,3.3306690738754696e-16
PF,300,6,0.019430123617811032,0.042119501949709814,0.30765609776917446,0.38461528781614873,2.7204522763646775e-12,1.1102230246251565e-16
PF,300,7,0.02109184019737942,0.048462920704599455,0.28083018045146224,0.3447350287214434,8.231384650460006e-14,1.1102230246251565e-16
PF,300,8,0.026936857402948315,0.05674460763364042,0.3095620718436405,0.3897220662107937,1.5492259816567804e-13,2.220446049250313e-16
PF,300,9,0.03888400771149728,0.10093225042593001,0.3176478900140951,0.380251614699976,6.484963831889109e-13,3.3306690738754696e-16
PF,300,10,0.04824807029296934,0.14541063474265048,0.3104173161471467,0.3776732291539296,4.841013375950693e-13,3.3306690738754696e-16
PF,300,11,0.02911086230966959,0.06096486338521645,0.3162900334253054,0.39188099609135835,6.787665346536119e-13,4.440892098500626e-16
PF,300,12,0.02604801201786359,0.05265374998552419,0.28476478828465573,0.32400535297342214,6.232304831944605e-13,1.1102230246251565e-16
PF,300,13,0.021303185685592405,0.040871399126513275,0.28033002326793377,0.3140571371430334,7.922929980848973e-14,2.220446049250313e-16
PF,300,14,0.018552459492912288,0.03973829956943442,0.29336687329065897,0.33512823251870083,3.772437044630004e-11,3.3306690738754696e-16
PF,300,15,0.033576923675807197,0.0833587854136244,0.3201285284433684,0.3644323516439619,2.3075274240026506e-11,2.220446049250313e-16
PF,300,16,0.019611521229005408,0.06489964886440713,0.3247385688191828,0.3817454069029362,2.492726526735384e-13,1.1102230246251565e-16
PF,300,17,0.023433735706040695,0.050384298410239836,0.3281478757942799,0.3894059223189118,6.247258415157645e-11,2.220446049250313e-16
PF,300,18,0.020942355423842793,0.05279128733472538,0.3144530086778412,0.3786936245012224,7.679900816935599e-08,2.220446049250313e-16
PF,300,19,0.02916650946199775,0.07728284530275742,0.3126368586055862,0.37186651528397585,3.6149870953476594e-14,3.3306690738754696e-16
PF,300,20,0.046880738445519654,0.09462899831758609,0.3138526748439653,0.3493304490017603,3.4541529736933833e-12,3.3306690738754696e-16
PF,300,21,0.03128691411486814,0.09723460426123509,0.3160313223241069,0.3433541903494892,2.1819298121223365e-11,4.440892098500626e-16
PF,300,22,0.010770239118734933,0.028193836825678442,0.3084029168826923,0.3621620111468378,2.28976242200584e-12,3.3306690738754696e-16
PF,300,23,0.03608569183962521,0.06636882239393405,0.31092104793871694,0.33320074452021153,3.152691654556187e-12,3.3306690738754696e-16
PF,300,24,0.02774040298174861,0.04737179771304856,0.2771011416769118,0.3351572133698424,7.998711751833416e-13,3.3306690738754696e-16
PF,300,25,0.03245381342099751,0.07272492632925287,0.2816565965969016,0.3519264327750938,1.1688984863976872e-14,4.440892098500626e-16
PF,300,26,0.020688990744007492,0.03987918133929602,0.28890965918449957,0.3443164075555461,1.24153371186523e-13,3.3306690738754696e-16
PF,300,27,0.015867094418492062,0.035229560420766415,0.29788676928683655,0.37646965998793785,2.934249114837359e-13,3.3306690738754696e-16
PF,300,28,0.02566488200686691,0.06422221976007414,0.28915866192865614,0.3483301534540567,1.5662659536095616e-08,2.220446049250313e-16
PF,300,29,0.02356685963725422,0.05066835988965934,0.2876482905198128,0.34588417837097574,2.4134230692852875e-13,3.3306690738754696e-16
PF,1000,0,0.017513577588678726,0.041541180197866456,0.22616274421576377,0.29974059512982815,0.0,3.3306690738754696e-16
PF,1000,1,0.012034253541495133,0.04747265681867896,0.215066779609705,0.2636245424108713,1.0450471040598946e-13,3.3306690738754696e-16
PF,1000,2,0.01839933846504533,0.0402734877220321,0.20552985457533446,0.25271104604525285,1.0025143222991156e-11,2.220446049250313e-16
PF,1000,3,0.01367824673687585,0.028797083507313026,0.20927621526047566,0.2545390241980872,0.0,3.3306690738754696e-16
PF,1000,4,0.015519098419943292,0.03746465447300018,0.19864305084914505,0.2483470689735687,0.0,1.1102230246251565e-16
PF,1000,5,0.009753377924673777,0.019767000918438526,0.221819422307853,0.26752049738931905,2.4562238043408815e-18,2.220446049250313e-16
PF,1000,6,0.027971034101116614,0.051574863119383085,0.1917366481805035,0.21371378920005543,0.0,3.3306690738754696e-16
PF,1000,7,0.019042635666799573,0.04318134212872771,0.22089222542223375,0.26529315041183127,0.0,2.220446049250313e-16
PF,1000,8,0.016165605434569328,0.029687656325503298,0.22144890053833965,0.28526131158108436,0.0,4.440892098500626e-16
PF,1000,9,0.013470475366546738,0.03237776681895976,0.18438297963427025,0.2297353464641318,0.0,1.1102230246251565e-16
PF,1000,10,0.011656377857982077,0.023182151553686747,0.21539888736618257,0.26811330471118483,0.0,1.1102230246251565e-16
PF,1000,11,0.013092590993704276,0.032775068370137106,0.19140154813294652,0.23755917223405817,1.464682068992923e-14,4.440892098500626e-16
PF,1000,12,0.017738163938887188,0.04579462517370869,0.208550703630467,0.24617554999441277,0.0,3.3306690738754696e-16
PF,1000,13,0.01471543184259024,0.04053508994221966,0.2102536071810832,0.2542088842329757,1.5621089539533203e-14,3.3306690738754696e-16
PF,1000,14,0.020075826447070424,0.07296512212153727,0.21087999636657706,0.24416130537411768,3.919394944586222e-15,2.220446049250313e-16
PF,1000,15,0.015144860412219666,0.040350880071321704,0.20931389080525342,0.26607609867090964,0.0,2.220446049250313e-16
PF,1000,16,0.019100267460157867,0.0429883420966628,0.19687667414691473,0.2542591389338776,9.109538792328056e-16,3.3306690738754696e-16
PF,1000,17,0.019350606903907577,0.03707094960105817,0.21457867114033358,0.2747326428158633,2.6988984531859404e-14,3.3306690738754696e-16
PF,1000,18,0.013438704463103444,0.049943457604165076,0.19182181391801703,0.26727017609154174,1.1093829967292856e-14,2.220446049250313e-16
PF,1000,19,0.012493577123682808,0.030078937065658007,0.1956171276838098,0.23208567821805107,0.0,3.3306690738754696e-16
PF,1000,20,0.014203865197481994,0.038481580202301746,0.20254562021318295,0.2603081540608462,6.723205430460235e-17,3.3306690738754696e-16
PF,1000,21,0.017262908747945893,0.03570603850883769,0.19461747999613166,0.25446759541404224,0.0,4.440892098500626e-16
PF,1000,22,0.012840164405421017,0.032317217667771736,0.20272879708004085,0.22652051207593984,7.728185330698167e-12,3.3306690738754696e-16
PF,1000,23,0.013928687111377168,0.02459970483056928,0.19576725178823365,0.22139602833413466,1.0061110419000037e-15,2.220446049250313e-16
PF,1000,24,0.013331209545093111,0.023788040393956766,0.22629098607874987,0.25619530505370774,0.0,3.3306690738754696e-16
PF,1000,25,0.01806918417087047,0.033563924612166396,0.21871736184981785,0.2627903811563173,7.830060548634698e-13,3.3306690738754696e-16
PF,1000,26,0.014649469627018174,0.030194447024350257,0.20343614088024936,0.23783595893462087,0.0,4.440892098500626e-16
PF,1000,27,0.015246636215139601,0.03398710525807136,0.20659337076366024,0.25804763124672786,2.0981437568807055e-13,2.220446049250313e-16
PF,1000,28,0.010264710733184777,0.017637355913231456,0.21054605307775975,0.25760342723701146,1.5356191564506175e-09,2.220446049250313e-16
PF,1000,29,0.01562701471121554,0.034497074266018224,0.2229979728487449,0.25851145930571673,3.0025709360519066e-17,3.3306690738754696e-16
PF,3000,0,0.007375529686811137,0.019037053668714776,0.13986951598777064,0.1726544505304099,0.0,3.3306690738754696e-16
PF,3000,1,0.005983896049564199,0.01011094136350632,0.14659576960580523,0.1554597235285465,0.0,3.3306690738754696e-16
PF,3000,2,0.012072625531918173,0.031147886081539067,0.1509457075370207,0.18002881253336728,0.0,3.3306690738754696e-16
PF,3000,3,0.010402438465641397,0.026273682940679777,0.14172149612177443,0.16073274862653367,0.0,3.3306690738754696e-16
PF,3000,4,0.0035631202686373284,0.0068941799980364316,0.142988412606805,0.19852150632381665,0.0,3.3306690738754696e-16
PF,3000,5,0.013523699292277,0.01916189203509555,0.15019825090416988,0.17010312586948775,3.5427136172834365e-16,3.3306690738754696e-16
PF,3000,6,0.014110556607572051,0.03916069563507385,0.14081630761311592,0.18217032040511513,1.1794358114105285e-15,3.3306690738754696e-16
PF,3000,7,0.007155121581718148,0.020552726937158816,0.13181045492283155,0.14743296457654953,2.7982664812741927e-12,3.3306690738754696e-16
PF,3000,8,0.009966742414670795,0.02528828010159634,0.15237527041475016,0.17009003931663846,1.3110870858723757e-15,3.3306690738754696e-16
PF,3000,9,0.006090991350850771,0.014000955241283641,0.14509406085076262,0.16209010413170363,1.3581533052367638e-13,1.1102230246251565e-16
PF,3000,10,0.008702424367991303,0.01903415608869885,0.14197007088802138,0.17285387292904927,5.984121217756027e-15,1.1102230246251565e-16
PF,3000,11,0.010555323792194482,0.023081794425244162,0.14359619199395507,0.16268058948356642,9.805466504752546e-15,1.1102230246251565e-16
PF,3000,12,0.01991090319702455,0.040350305802333786,0.15261098083397684,0.1773081507332129,3.8532680613276357e-11,2.220446049250313e-16
PF,3000,13,0.0027786326621938645,0.006123575306688167,0.14943047556945843,0.17469714517944948,6.5600132286325965e-15,3.3306690738754696e-16
PF,3000,14,0.007915667004045494,0.022841429622795673,0.14626065680052547,0.21782034565439784,0.0,3.3306690738754696e-16
PF,3000,15,0.007425803616357967,0.027535560552103266,0.14266419593080146,0.1653934727462214,0.0,3.3306690738754696e-16
PF,3000,16,0.007859015781417147,0.019715524936613438,0.13555384774210133,0.17513906489734796,4.314866849616627e-16,3.3306690738754696e-16
PF,3000,17,0.013476654415474916,0.023295829070254293,0.1552362370450773,0.1770218960450188,1.3022337791371246e-10,2.220446049250313e-16
PF,3000,18,0.009791827060092493,0.016111182776269217,0.13706786183074532,0.17338247316809507,0.0,3.3306690738754696e-16
PF,3000,19,0.012512392196967969,0.028372007595805826,0.13309729189910818,0.15310095200259402,0.0,1.1102230246251565e-16
PF,3000,20,0.013725642887451706,0.02956307582087403,0.14282246396392587,0.17750074202026328,5.947150124199971e-12,2.220446049250313e-16
PF,3000,21,0.008338328385107285,0.013688750765710633,0.14606281285936112,0.1697181142792352,0.0,4.440892098500626e-16
PF,3000,22,0.003913305798550513,0.013468060774098234,0.15795830365230562,0.19458384904350748,1.306684938846459e-13,1.1102230246251565e-16
PF,3000,23,0.011684517145550188,0.029537979799686642,0.1511326929991825,0.1959827190985784,1.855366905540934e-14,4.440892098500626e-16
PF,3000,24,0.009630975560942378,0.018289289228661243,0.15036060071874802,0.18471049969566627,9.26187068549034e-14,3.3306690738754696e-16
PF,3000,25,0.011775478429010524,0.024445575093211325,0.150906668092775,0.18876703327944036,0.0,3.3306690738754696e-16
PF,3000,26,0.011009060811446543,0.015265519949207107,0.14840093044260602,0.17580424494309213,9.384317259137763e-16,4.440892098500626e-16
PF,3000,27,0.010756556398330681,0.01901371615941727,0.14399404338352642,0.17272610463338953,0.0,2.220446049250313e-16
PF,3000,28,0.012645186062460814,0.025169456813810775,0.1395964114719398,0.1622313662691924,0.0,2.220446049250313e-16
PF,3000,29,0.005974971501844204,0.015908181811111533,0.14196711625639993,0.1956537309616076,5.32941792598285e-14,3.3306690738754696e-16
PF,10000,0,0.004191541891820805,0.009365504193527663,0.08803884064806304,0.10559424559990134,0.0,3.3306690738754696e-16
PF,10000,1,0.005770995744722927,0.012677255470852966,0.09586870532255788,0.11962953101517036,0.0,3.3306690738754696e-16
PF,10000,2,0.005042035763438917,0.012809081952893209,0.09257142911123556,0.1203018690908869,2.8274694849732893e-14,3.3306690738754696e-16
PF,10000,3,0.005350461604297764,0.008467095580255712,0.09941427219861584,0.11884542085508613,1.6700598315452097e-14,2.220446049250313e-16
PF,10000,4,0.005503005278276074,0.01331726737349026,0.10170427157628283,0.12104297895271096,2.621000353394348e-16,3.3306690738754696e-16
PF,10000,5,0.005293899260856537,0.01910023557404017,0.09519971508335613,0.10862718146956235,4.746330367272026e-15,3.3306690738754696e-16
PF,10000,6,0.0032393538959774285,0.015184862614388894,0.09432672438484017,0.112761092593111,0.0,3.3306690738754696e-16
PF,10000,7,0.00621438425701706,0.01589040934661945,0.09088065877167036,0.12718671702574286,1.4035371058419316e-13,1.1102230246251565e-16
PF,10000,8,0.006885880128117922,0.013129248921294856,0.0955869254534753,0.11481324075412892,0.0,1.1102230246251565e-16
PF,10000,9,0.005356554849018992,0.015310478376649783,0.08762529333982329,0.10280020073349234,4.4756901434282395e-15,3.3306690738754696e-16
PF,10000,10,0.008436133731919475,0.013707057033743197,0.09587260679154302,0.10832187483882623,0.0,3.3306690738754696e-16
PF,10000,11,0.004783894114064324,0.010718800801690076,0.09234365767130558,0.11519800245904051,1.5608147402970213e-15,3.3306690738754696e-16
PF,10000,12,0.008971232650344755,0.017288888363875543,0.09893760618369288,0.11861021765660802,0.0,3.3306690738754696e-16
PF,10000,13,0.0057132757037418914,0.02486757363698988,0.09557534597663794,0.12057958586938106,0.0,3.3306690738754696e-16
PF,10000,14,0.006190681313708406,0.011846662546561415,0.09513919189069944,0.11389886200235266,0.0,4.440892098500626e-16
PF,10000,15,0.0025290231743239446,0.010284189578609215,0.09215937890655301,0.1117908869824358,0.0,2.220446049250313e-16
PF,10000,16,0.0028239014594880884,0.006168338765736081,0.09797555928142933,0.12965569730156398,0.0,3.3306690738754696e-16
PF,10000,17,0.004771092817625246,0.009415617114723496,0.0917646821742095,0.10775135457098324,1.2452953556142137e-12,1.1102230246251565e-16
PF,10000,18,0.007350261033772121,0.02525511244340395,0.10281458679700733,0.11587523509443981,0.0,3.3306690738754696e-16
PF,10000,19,0.004687811737000934,0.008076476818862588,0.09330500221725248,0.12139386221625996,0.0,1.1102230246251565e-16
PF,10000,20,0.004761086687189269,0.010895916198458533,0.09769279028974644,0.12876425751312415,0.0,1.1102230246251565e-16
PF,10000,21,0.006651769427124125,0.0154679344323565,0.09859708540974295,0.11774841436553425,1.1463003727686689e-12,1.1102230246251565e-16
PF,10000,22,0.010638271549044929,0.01675974309079198,0.09491089478687444,0.11219742099751387,2.7355082179961246e-15,2.220446049250313e-16
PF,10000,23,0.006940529821911401,0.01787190200230393,0.08848088097923418,0.10664727817145685,8.729036714647357e-12,4.440892098500626e-16
PF,10000,24,0.0023235330080515976,0.005713223076346807,0.08588479717760213,0.11353563346836784,0.0,3.3306690738754696e-16
PF,10000,25,0.002670173944145827,0.005944999442810239,0.08773462055663478,0.1107181668145499,0.0,3.3306690738754696e-16
PF,10000,26,0.0027962321474745483,0.0056663319162213455,0.09074493126751952,0.11419416170419103,3.3995644476386525e-15,1.1102230246251565e-16
PF,10000,27,0.004779080790432556,0.01188410092815495,0.0991556128098617,0.1145963845308998,1.8140428725658244e-14,1.1102230246251565e-16
PF,10000,28,0.004653351694399177,0.01022413218539553,0.10357441415750247,0.11997722616321546,1.0850111988384106e-13,3.3306690738754696e-16
PF,10000,29,0.005310880253695465,0.010903502058678072,0.10625107514769204,0.12923752202979752,3.5562674921109554e-13,3.3306690738754696e-16
